game_id,posteam,offensive_xova,defensive_xova,st_value,gds,season,opponent
2018_01_ATL_PHI,ATL,-10.16972059721277,0.5688623891034998,0.2604016587138176,-9.340456549395451,2018,PHI
2018_01_ATL_PHI,PHI,-0.5688623891034998,10.16972059721277,-0.4388095699250698,9.1620486381842,2018,ATL
2018_01_BUF_BAL,BAL,13.566223014260121,14.00515372294709,1.272875353693962,28.844252090901172,2018,BUF
2018_01_BUF_BAL,BUF,-14.00515372294709,-13.566223014260121,-0.4742206037044525,-28.045597340911662,2018,BAL
2018_01_CHI_GB,CHI,2.746243859541975,-4.579335239628511,-0.43521447479724884,-2.268305854883785,2018,GB
2018_01_CHI_GB,GB,4.579335239628511,-2.746243859541975,0.00902744010090828,1.8421188201874443,2018,CHI
2018_01_CIN_IND,CIN,11.516784705152558,-1.8238644923306102,-0.1092984527349472,9.583621760087,2018,IND
2018_01_CIN_IND,IND,1.8238644923306102,-11.516784705152558,0.11212637042626739,-9.58079384239568,2018,CIN
2018_01_DAL_CAR,CAR,-2.189772169061018,9.50131261173381,0.06807149946689606,7.379611942139689,2018,DAL
2018_01_DAL_CAR,DAL,-9.50131261173381,2.189772169061018,0.07045844197273254,-7.24108200070006,2018,CAR
2018_01_HOU_NE,HOU,-5.542996893740801,-2.8123309031796815,0.7868203911930323,-7.56850740572745,2018,NE
2018_01_HOU_NE,NE,2.8123309031796815,5.542996893740801,-0.18949423730373383,8.165833559616749,2018,HOU
2018_01_JAX_NYG,JAX,-6.015440067288502,2.934453779460626,-0.1014106273651123,-3.1823969151929883,2018,NYG
2018_01_JAX_NYG,NYG,-2.934453779460626,6.015440067288502,-0.1332620158791542,2.9477242719487218,2018,JAX
2018_01_KC_LAC,KC,9.667603024842895,-10.626190683547428,-0.003631608560681343,-0.9622192672652137,2018,LAC
2018_01_KC_LAC,LAC,10.626190683547428,-9.667603024842895,-0.13286655396223068,0.8257211047423016,2018,KC
2018_01_LA_OAK,LA,9.166730295521834,3.8288698703551347,-0.032111406326293945,12.963488759550675,2018,LV
2018_01_LA_OAK,LV,-3.8288698703551347,-9.166730295521834,-0.16112472116947174,-13.15672488704644,2018,LA
2018_01_NYJ_DET,DET,-12.482024364207128,-8.920552854266544,0.21412737667560577,-21.188449841798068,2018,NYJ
2018_01_NYJ_DET,NYJ,8.920552854266544,12.482024364207128,0.3981393948197365,21.80071661329341,2018,DET
2018_01_PIT_CLE,CLE,-17.538983164401596,9.53814588485245,0.17345121502876282,-7.827386064520384,2018,PIT
2018_01_PIT_CLE,PIT,-9.53814588485245,17.538983164401596,-0.4314775448292494,7.569359734719898,2018,CLE
2018_01_SEA_DEN,DEN,0.8259131643321769,2.600123428914543,-0.12639421224594116,3.299642381000779,2018,SEA
2018_01_SEA_DEN,SEA,-2.600123428914543,-0.8259131643321769,-0.09806527383625507,-3.524101867082975,2018,DEN
2018_01_SF_MIN,MIN,-8.55583202486543,3.143874193051909,0.13059721142053604,-5.281360620392984,2018,SF
2018_01_SF_MIN,SF,-3.143874193051909,8.55583202486543,-0.10987323522567749,5.302084596587843,2018,MIN
2018_01_TB_NO,NO,20.532677081670695,-22.81679251485659,0.17060035467147827,-2.1135150785144177,2018,TB
2018_01_TB_NO,TB,22.81679251485659,-20.532677081670695,-0.33895787969231606,1.9451575534935799,2018,NO
2018_01_TEN_MIA,MIA,-7.035590807477078,7.887894868000649,0.5605390071868896,1.4128430677104609,2018,TEN
2018_01_TEN_MIA,TEN,-7.887894868000649,7.035590807477078,-0.10547205805778503,-0.9577761185813563,2018,MIA
2018_01_WAS_ARI,ARI,-6.379839061231614,-10.032040288761804,0.20870567858219147,-16.20317367141123,2018,WAS
2018_01_WAS_ARI,WAS,10.032040288761804,6.379839061231614,-0.3320285379886627,16.079850812004757,2018,ARI
2018_02_ARI_LA,ARI,-12.383141535455863,-5.846907292825799,-0.44699039310216904,-18.67703922138383,2018,LA
2018_02_ARI_LA,LA,5.846907292825799,12.383141535455863,0.7431817501783371,18.973230578459997,2018,ARI
2018_02_BAL_CIN,BAL,4.247747366191165,-6.72866496681824,0.020844750106334686,-2.4600728505207403,2018,CIN
2018_02_BAL_CIN,CIN,6.72866496681824,-4.247747366191165,0.26093335449695587,2.741850955124031,2018,BAL
2018_02_CAR_ATL,ATL,12.209551273621424,-7.400863153574434,-0.04348073899745941,4.76520738104953,2018,CAR
2018_02_CAR_ATL,CAR,7.400863153574434,-12.209551273621424,-0.14686833135783672,-4.955556451404826,2018,ATL
2018_02_CLE_NO,CLE,0.5960473310906168,2.3972760958364314,-0.5216728188097477,2.4716506081173004,2018,NO
2018_02_CLE_NO,NO,-2.3972760958364314,-0.5960473310906168,0.09739284962415695,-2.895930577302891,2018,CLE
2018_02_DET_SF,DET,7.928895419192447,-8.007150357682368,-0.03721049427986145,-0.11546543276978305,2018,SF
2018_02_DET_SF,SF,8.007150357682368,-7.928895419192447,0.11766433715820312,0.19591927564812472,2018,DET
2018_02_HOU_TEN,HOU,1.1898538849433216,-1.6941212935633754,0.018853329122066498,-0.4854140794979873,2018,TEN
2018_02_HOU_TEN,TEN,1.6941212935633754,-1.1898538849433216,-0.0898708924651146,0.4143965161549392,2018,HOU
2018_02_IND_WAS,IND,2.7162398621784245,20.551470778297773,0.1842774599790573,23.451988100455253,2018,WAS
2018_02_IND_WAS,WAS,-20.551470778297773,-2.7162398621784245,0.08972723968327045,-23.177983400792925,2018,IND
2018_02_KC_PIT,KC,20.87114536633131,-17.640263716239986,0.15962333232164383,3.390504982412967,2018,PIT
2018_02_KC_PIT,PIT,17.640263716239986,-20.87114536633131,0.08932344615459442,-3.1415582039367287,2018,KC
2018_02_LAC_BUF,BUF,3.86971231934812,-8.748510764972206,0.2685488685965538,-4.610249577027532,2018,LAC
2018_02_LAC_BUF,LAC,8.748510764972206,-3.86971231934812,0.08338838070631027,4.962186826330396,2018,BUF
2018_02_MIA_NYJ,MIA,-5.040726161970044,6.687684147492748,0.23230640590190887,1.8792643914246128,2018,NYJ
2018_02_MIA_NYJ,NYJ,-6.687684147492748,5.040726161970044,-0.25802968442440033,-1.9049876699471042,2018,MIA
2018_02_MIN_GB,GB,-0.059650485168820655,-5.6200142359263126,-0.23899154365062714,-5.91865626474576,2018,MIN
2018_02_MIN_GB,MIN,5.6200142359263126,0.059650485168820655,0.305121511220932,5.984786232316065,2018,GB
2018_02_NE_JAX,JAX,10.11059616415595,-0.9190981843540316,-0.002811536192893982,9.188686443609026,2018,NE
2018_02_NE_JAX,NE,0.9190981843540316,-10.11059616415595,0.36677680909633636,-8.824721170705583,2018,JAX
2018_02_NYG_DAL,DAL,3.8381313885695514,5.206526237245234,0.08180029690265656,9.126457922717442,2018,NYG
2018_02_NYG_DAL,NYG,-5.206526237245234,-3.8381313885695514,0.24488508701324463,-8.799772538801541,2018,DAL
2018_02_OAK_DEN,DEN,4.2983820645978295,-4.431380800749728,-0.21780038252472878,-0.35079911867662705,2018,LV
2018_02_OAK_DEN,LV,4.431380800749728,-4.2983820645978295,-0.3809651490300894,-0.2479664128781911,2018,DEN
2018_02_PHI_TB,PHI,1.8381261482867726,-5.5162809978053575,-0.3043786031194031,-3.982533452637988,2018,TB
2018_02_PHI_TB,TB,5.5162809978053575,-1.8381261482867726,-0.11570416390895844,3.5624506856096265,2018,PHI
2018_02_SEA_CHI,CHI,-6.108682740579846,2.4436371467075206,0.5034383088350296,-3.161607285037296,2018,SEA
2018_02_SEA_CHI,SEA,-2.4436371467075206,6.108682740579846,-0.12556057423353195,3.5394850196387937,2018,CHI
2018_03_BUF_MIN,BUF,0.5772845335584387,4.9071927670765,0.42117682099342346,5.905654121628363,2018,MIN
2018_03_BUF_MIN,MIN,-4.9071927670765,-0.5772845335584387,-0.4829912316054106,-5.96746853224035,2018,BUF
2018_03_CHI_ARI,ARI,-9.387573635058416,1.339817675864621,0.1564469188451767,-7.891309040348618,2018,CHI
2018_03_CHI_ARI,CHI,-1.339817675864621,9.387573635058416,-0.6391638685017824,7.408592090692013,2018,ARI
2018_03_CIN_CAR,CAR,8.951183334651747,-3.3799274165341706,-0.05220363289117813,5.5190522852263975,2018,CIN
2018_03_CIN_CAR,CIN,3.3799274165341706,-8.951183334651747,-0.041866905987262726,-5.613122824104838,2018,CAR
2018_03_DAL_SEA,DAL,-6.045575510522482,-2.003437131913718,0.003884255886077881,-8.045128386550122,2018,SEA
2018_03_DAL_SEA,SEA,2.003437131913718,6.045575510522482,-0.2825177162885666,7.766494926147633,2018,DAL
2018_03_DEN_BAL,BAL,6.8735065349146325,6.726446049278151,-0.3618762195110321,13.238076364681751,2018,DEN
2018_03_DEN_BAL,DEN,-6.726446049278151,-6.8735065349146325,0.4917433075606823,-13.1082092766321,2018,BAL
2018_03_GB_WAS,GB,-0.18639925043076855,-10.29618031664286,-0.24771441705524921,-10.730293984128878,2018,WAS
2018_03_GB_WAS,WAS,10.29618031664286,0.18639925043076855,0.005473867058753967,10.488053434132382,2018,GB
2018_03_IND_PHI,IND,-6.534659441068908,-3.145382423774154,0.15855011902749538,-9.521491745815567,2018,PHI
2018_03_IND_PHI,PHI,3.145382423774154,6.534659441068908,-0.34533702582120895,9.334704839021853,2018,IND
2018_03_LAC_LA,LA,12.762124981277932,-8.699439338836228,-0.4122311770915985,3.650454465350105,2018,LAC
2018_03_LAC_LA,LAC,8.699439338836228,-12.762124981277932,0.117437943816185,-3.9452476986255185,2018,LA
2018_03_NE_DET,DET,6.613955834040269,5.773901055017319,0.008086927235126495,12.395943816292714,2018,NE
2018_03_NE_DET,NE,-5.773901055017319,-6.613955834040269,0.035989001393318176,-12.35186788766427,2018,DET
2018_03_NO_ATL,ATL,17.527966306974456,-21.67421150275735,-0.25989830493927,-4.4061435007221625,2018,NO
2018_03_NO_ATL,NO,21.67421150275735,-17.527966306974456,0.11461784690618515,4.260863042689078,2018,ATL
2018_03_NYG_HOU,HOU,5.764032019972484,-11.605349281177332,0.1923418864607811,-5.648975374744067,2018,NYG
2018_03_NYG_HOU,NYG,11.605349281177332,-5.764032019972484,-0.31572508811950684,5.525592173085341,2018,HOU
2018_03_NYJ_CLE,CLE,-4.681164114441,3.2023756076845085,0.3455381989479065,-1.1332503078085847,2018,NYJ
2018_03_NYJ_CLE,NYJ,-3.2023756076845085,4.681164114441,-0.319545641541481,1.1592428652150102,2018,CLE
2018_03_OAK_MIA,LV,3.8635900404601338,-10.679839351823162,-0.16770990937948227,-6.983959220742511,2018,MIA
2018_03_OAK_MIA,MIA,10.679839351823162,-3.8635900404601338,-0.1999046802520752,6.6163446311109535,2018,LV
2018_03_PIT_TB,PIT,2.0098408406139887,-5.416013274938257,-0.3920416086912155,-3.7982140430154834,2018,TB
2018_03_PIT_TB,TB,5.416013274938257,-2.0098408406139887,0.2808769643306732,3.687049398654941,2018,PIT
2018_03_SF_KC,KC,21.589402545452664,-13.185671776994752,0.04949486255645752,8.45322563101437,2018,SF
2018_03_SF_KC,SF,13.185671776994752,-21.589402545452664,0.09570499509572983,-8.308025773362182,2018,KC
2018_03_TEN_JAX,JAX,-9.534556305713972,9.561992359088025,-0.2681283624842763,-0.24069230911022288,2018,TEN
2018_03_TEN_JAX,TEN,-9.561992359088025,9.534556305713972,0.0289669930934906,0.0015309397194371854,2018,JAX
2018_04_BAL_PIT,BAL,3.822007603031767,3.5049237490399263,-0.026770740747451782,7.300160611324241,2018,PIT
2018_04_BAL_PIT,PIT,-3.5049237490399263,-3.822007603031767,-0.2608739212155342,-7.587805273287227,2018,BAL
2018_04_BUF_GB,BUF,-18.293184548195416,-1.753030470371083,0.2454073578119278,-19.80080766075457,2018,GB
2018_04_BUF_GB,GB,1.753030470371083,18.293184548195416,-0.33690145611763,19.70931356244887,2018,BUF
2018_04_CIN_ATL,ATL,19.389345386448163,-19.177846607182516,-0.000749402679502964,0.21074937658614346,2018,CIN
2018_04_CIN_ATL,CIN,19.177846607182516,-19.389345386448163,0.43901367485523224,0.22751489558958582,2018,ATL
2018_04_CLE_OAK,CLE,8.830329369613729,4.48218782268723,-0.15190713852643967,13.16061005377452,2018,LV
2018_04_CLE_OAK,LV,-4.48218782268723,-8.830329369613729,1.0407192409038544,-12.271797951397104,2018,CLE
2018_04_DET_DAL,DAL,13.622877908708027,-10.945309742045517,-0.13744854927062988,2.5401196173918805,2018,DET
2018_04_DET_DAL,DET,10.945309742045517,-13.622877908708027,-0.05458924174308777,-2.732157408405598,2018,DAL
2018_04_HOU_IND,HOU,2.640119434794488,-11.958403483873452,0.13323191553354263,-9.185052133545422,2018,IND
2018_04_HOU_IND,IND,11.958403483873452,-2.640119434794488,-0.5382528863847256,8.78003116269424,2018,HOU
2018_04_KC_DEN,DEN,6.71047522977663,-9.12652578212361,-0.10890485346317291,-2.524955405810152,2018,KC
2018_04_KC_DEN,KC,9.12652578212361,-6.71047522977663,0.1471877545118332,2.5632383068588123,2018,DEN
2018_04_MIA_NE,MIA,-7.976188621251644,-17.844507336013862,-0.18306516110897064,-26.003761118374477,2018,NE
2018_04_MIA_NE,NE,17.844507336013862,7.976188621251644,-0.1349066197872162,25.68578933747829,2018,MIA
2018_04_MIN_LA,LA,21.52234877945811,-11.487102463804245,-0.19135792553424835,9.843888390119616,2018,MIN
2018_04_MIN_LA,MIN,11.487102463804245,-21.52234877945811,0.09165936708450317,-9.943586948569362,2018,LA
2018_04_NO_NYG,NO,15.468629436304845,-4.136651133714052,-0.0064891427755355835,11.325489159815257,2018,NYG
2018_04_NO_NYG,NYG,4.136651133714052,-15.468629436304845,-0.1815163567662239,-11.513494659357017,2018,NO
2018_04_NYJ_JAX,JAX,6.820731803837406,7.611945714767548,-0.08135868608951569,14.351318832515439,2018,NYJ
2018_04_NYJ_JAX,NYJ,-7.611945714767548,-6.820731803837406,-0.16364340856671333,-14.596320927171668,2018,JAX
2018_04_PHI_TEN,PHI,0.01263567173999336,-9.397614495253684,0.03294146806001663,-9.352037355453675,2018,TEN
2018_04_PHI_TEN,TEN,9.397614495253684,-0.01263567173999336,-0.15546241402626038,9.229516409487431,2018,PHI
2018_04_SEA_ARI,ARI,-1.602171440799047,3.8810328743735596,-0.2007608562707901,2.078100577303722,2018,SEA
2018_04_SEA_ARI,SEA,-3.8810328743735596,1.602171440799047,0.27697229385375977,-2.0018891397207526,2018,ARI
2018_04_SF_LAC,LAC,0.005481326227831929,-1.3519816369943412,0.5151538513600826,-0.8313464594064266,2018,SF
2018_04_SF_LAC,SF,1.3519816369943412,-0.005481326227831929,-0.16147299855947495,1.1850273122070343,2018,LAC
2018_04_TB_CHI,CHI,29.419077164496073,0.6156464842568725,-0.08027549088001251,29.954448157872932,2018,TB
2018_04_TB_CHI,TB,-0.6156464842568725,-29.419077164496073,-0.15026825666427612,-30.18499190541722,2018,CHI
2018_05_ARI_SF,ARI,-6.805230389833706,1.668315361943229,0.247673898935318,-4.889241128955159,2018,SF
2018_05_ARI_SF,SF,-1.668315361943229,6.805230389833706,0.3407696932554245,5.477684721145901,2018,ARI
2018_05_ATL_PIT,ATL,2.729769788539646,-17.322096634929917,-0.3032699450850487,-14.89559679147532,2018,PIT
2018_05_ATL_PIT,PIT,17.322096634929917,-2.729769788539646,0.1912240982055664,14.783550944595838,2018,ATL
2018_05_BAL_CLE,BAL,-16.64810325666246,10.149084059547327,-0.2234656736254692,-6.722484870740601,2018,CLE
2018_05_BAL_CLE,CLE,-10.149084059547327,16.64810325666246,-0.7114704549312592,5.787548742183873,2018,BAL
2018_05_DAL_HOU,DAL,-8.201672366682956,3.2933985593977146,0.11305944621562958,-4.795214361069612,2018,HOU
2018_05_DAL_HOU,HOU,-3.2933985593977146,8.201672366682956,-0.19391192495822906,4.714361882327013,2018,DAL
2018_05_DEN_NYJ,DEN,-6.666082510884863,-10.853180480039105,0.09189169853925705,-17.427371292384713,2018,NYJ
2018_05_DEN_NYJ,NYJ,10.853180480039105,6.666082510884863,0.28347140550613403,17.802734396430104,2018,DEN
2018_05_GB_DET,DET,1.9527759962306328,-2.9476214487602492,0.5318122059106827,-0.46303324661893375,2018,GB
2018_05_GB_DET,GB,2.9476214487602492,-1.9527759962306328,-0.12179317139089108,0.8730522811387254,2018,DET
2018_05_IND_NE,IND,4.052148890534212,-12.387986909735117,0.14160069823265076,-8.194237320968256,2018,NE
2018_05_IND_NE,NE,12.387986909735117,-4.052148890534212,-0.04821193218231201,8.287626087018594,2018,IND
2018_05_JAX_KC,JAX,-2.286184608314411,-8.620789129451943,-0.12062334455549717,-11.02759708232185,2018,KC
2018_05_JAX_KC,KC,8.620789129451943,2.286184608314411,-0.48707322031259537,10.419900517453758,2018,JAX
2018_05_LA_SEA,LA,13.190042683648938,-13.831085651958785,0.42064664512872696,-0.22039632318112012,2018,SEA
2018_05_LA_SEA,SEA,13.831085651958785,-13.190042683648938,0.027122139930725098,0.6681651082405722,2018,LA
2018_05_MIA_CIN,CIN,-0.8070433999405751,8.836027667446936,-0.25333382189273834,7.775650445613623,2018,MIA
2018_05_MIA_CIN,MIA,-8.836027667446936,0.8070433999405751,-0.2660314738750458,-8.295015741381407,2018,CIN
2018_05_MIN_PHI,MIN,-0.5177680347613032,-1.828197804758946,-0.09522406756877899,-2.4411899070890284,2018,PHI
2018_05_MIN_PHI,PHI,1.828197804758946,0.5177680347613032,-0.19885553931817412,2.1471103002020753,2018,MIN
2018_05_NYG_CAR,CAR,11.694637155061772,-8.381060159870177,-0.048879221081733704,3.2646977741098606,2018,NYG
2018_05_NYG_CAR,NYG,8.381060159870177,-11.694637155061772,0.2796095758676529,-3.0339674193239414,2018,CAR
2018_05_OAK_LAC,LAC,8.800511927406124,2.4455522744824147,-0.3383433613926172,10.907720840495921,2018,LV
2018_05_OAK_LAC,LV,-2.4455522744824147,-8.800511927406124,-0.19424384832382202,-11.44030805021236,2018,LAC
2018_05_TEN_BUF,BUF,-8.14962844590118,6.288742619102582,0.2414800375699997,-1.6194057892285993,2018,TEN
2018_05_TEN_BUF,TEN,-6.288742619102582,8.14962844590118,0.24805106222629547,2.1089368890248945,2018,BUF
2018_05_WAS_NO,NO,24.528433583078627,-3.295684067579738,0.24801187217235565,21.480761387671244,2018,WAS
2018_05_WAS_NO,WAS,3.295684067579738,-24.528433583078627,0.5488771349191666,-20.68387238057972,2018,NO
2018_06_ARI_MIN,ARI,-11.770083112611555,1.3909680470598151,0.25125429034233093,-10.12786077520941,2018,MIN
2018_06_ARI_MIN,MIN,-1.3909680470598151,11.770083112611555,-0.01180761307477951,10.367307452476961,2018,ARI
2018_06_BAL_TEN,BAL,3.389034538975361,11.82951414378053,-0.04844136722385883,15.170107315532032,2018,TEN
2018_06_BAL_TEN,TEN,-11.82951414378053,-3.389034538975361,-0.12336109578609467,-15.341909778541986,2018,BAL
2018_06_BUF_HOU,BUF,-8.312207467460007,11.11730200916806,-0.369772307574749,2.435322234133304,2018,HOU
2018_06_BUF_HOU,HOU,-11.11730200916806,8.312207467460007,0.5160340964794159,-2.289060445228637,2018,BUF
2018_06_CAR_WAS,CAR,2.0750937372516014,-0.5245581363795362,0.08973073959350586,1.640266340465571,2018,WAS
2018_06_CAR_WAS,WAS,0.5245581363795362,-2.0750937372516014,0.15638253092765808,-1.3941530699444071,2018,CAR
2018_06_CHI_MIA,CHI,6.248839014082619,-5.667723494304671,-0.24094548169523478,0.3401700380827135,2018,MIA
2018_06_CHI_MIA,MIA,5.667723494304671,-6.248839014082619,-0.28791598230600357,-0.8690315020839519,2018,CHI
2018_06_IND_NYJ,IND,9.862158778723987,-6.83983364200547,0.34375232458114624,3.366077461299664,2018,NYJ
2018_06_IND_NYJ,NYJ,6.83983364200547,-9.862158778723987,0.3048664778470993,-2.7174586588714185,2018,IND
2018_06_JAX_DAL,DAL,15.184850709843973,9.482912237671918,0.3219505250453949,24.989713472561284,2018,JAX
2018_06_JAX_DAL,JAX,-9.482912237671918,-15.184850709843973,-0.07554868096485734,-24.743311628480747,2018,DAL
2018_06_KC_NE,KC,15.336387155155894,-19.943846703524834,0.8889814019203186,-3.7184781464486214,2018,NE
2018_06_KC_NE,NE,19.943846703524834,-15.336387155155894,0.3702719658613205,4.9777315142302605,2018,KC
2018_06_LAC_CLE,CLE,-12.7064660236175,-10.10065068254856,0.8364541009068489,-21.97066260525921,2018,LAC
2018_06_LAC_CLE,LAC,10.10065068254856,12.7064660236175,0.44239065051078796,23.249507356676848,2018,CLE
2018_06_LA_DEN,DEN,1.4293117634216976,-4.406264749233925,0.0028679147362709045,-2.9740850710759563,2018,LA
2018_06_LA_DEN,LA,4.406264749233925,-1.4293117634216976,-0.09835907816886902,2.878593907643358,2018,DEN
2018_06_PHI_NYG,NYG,-3.160992786711037,-10.357070480743928,-0.26242258213460445,-13.78048584958957,2018,PHI
2018_06_PHI_NYG,PHI,10.357070480743928,3.160992786711037,0.0313259344547987,13.549389201909765,2018,NYG
2018_06_PIT_CIN,CIN,5.132357794512172,-13.829876513023725,-0.03361518122255802,-8.731133899734111,2018,PIT
2018_06_PIT_CIN,PIT,13.829876513023725,-5.132357794512172,-0.36976467818021774,8.327754040331335,2018,CIN
2018_06_SEA_OAK,LV,-7.897549608593346,-6.126900997336248,-0.1831304132938385,-14.207581019223433,2018,SEA
2018_06_SEA_OAK,SEA,6.126900997336248,7.897549608593346,0.01730629801750183,14.041756903947096,2018,LV
2018_06_SF_GB,GB,9.657013191507925,-10.369877927490002,-0.002169465646147728,-0.7150342016282245,2018,SF
2018_06_SF_GB,SF,10.369877927490002,-9.657013191507925,-0.014906913042068481,0.6979578229400083,2018,GB
2018_06_TB_ATL,ATL,19.145984393995146,-13.579325536706946,-0.5824450477957726,4.984213809492427,2018,TB
2018_06_TB_ATL,TB,13.579325536706946,-19.145984393995146,0.38637882471084595,-5.180280032577354,2018,ATL
2018_07_BUF_IND,BUF,-9.382372559518751,-13.122312515057356,-0.18098650872707367,-22.685671583303183,2018,IND
2018_07_BUF_IND,IND,13.122312515057356,9.382372559518751,0.023009158670902252,22.52769423324701,2018,BUF
2018_07_CAR_PHI,CAR,6.6305711232647955,8.407427886705886,0.1487417221069336,15.186740732077615,2018,PHI
2018_07_CAR_PHI,PHI,-8.407427886705886,-6.6305711232647955,0.43275462090969086,-14.60524438906099,2018,CAR
2018_07_CIN_KC,CIN,-5.370486683972213,-21.284426954835673,0.108939528465271,-26.545974110342616,2018,KC
2018_07_CIN_KC,KC,21.284426954835673,5.370486683972213,0.02997983619570732,26.684893475003594,2018,CIN
2018_07_CLE_TB,CLE,-7.030033824092916,-2.2264059983413684,0.2942553907632828,-8.962184431671002,2018,TB
2018_07_CLE_TB,TB,2.2264059983413684,7.030033824092916,-0.45690203458070755,8.799537787853577,2018,CLE
2018_07_DAL_WAS,DAL,0.06052005444608266,6.99969984244575,-0.14013446867465973,6.920085428217173,2018,WAS
2018_07_DAL_WAS,WAS,-6.99969984244575,-0.06052005444608266,0.04241982102394104,-7.017800075867892,2018,DAL
2018_07_DEN_ARI,ARI,-5.54804038336137,-10.863066645934284,-0.47658245265483856,-16.887689481950492,2018,DEN
2018_07_DEN_ARI,DEN,10.863066645934284,5.54804038336137,-0.5618086233735085,15.849298405922145,2018,ARI
2018_07_DET_MIA,DET,19.204405770741296,-6.316151312519262,-0.10166540741920471,12.78658905080283,2018,MIA
2018_07_DET_MIA,MIA,6.316151312519262,-19.204405770741296,-0.04559585452079773,-12.933850312742832,2018,DET
2018_07_HOU_JAX,HOU,-4.8516051172171775,8.910077278027654,0.21258898824453354,4.27106114905501,2018,JAX
2018_07_HOU_JAX,JAX,-8.910077278027654,4.8516051172171775,-0.05534897744655609,-4.113821138257032,2018,HOU
2018_07_LA_SF,LA,8.861055718019072,7.516103085430871,0.3908412717282772,16.76800007517822,2018,SF
2018_07_LA_SF,SF,-7.516103085430871,-8.861055718019072,0.2015574425458908,-16.175601360904054,2018,LA
2018_07_MIN_NYJ,MIN,-0.6638003829454537,12.09811114387927,0.5633497387170792,11.997660499650896,2018,NYJ
2018_07_MIN_NYJ,NYJ,-12.09811114387927,0.6638003829454537,0.2528684139251709,-11.181442347008646,2018,MIN
2018_07_NE_CHI,CHI,7.26381943276494,-5.155448903197273,-0.1190313957631588,1.989339133804508,2018,NE
2018_07_NE_CHI,NE,5.155448903197273,-7.26381943276494,-0.13774245977401733,-2.2461129893416842,2018,CHI
2018_07_NO_BAL,BAL,10.975529562652337,-12.34609835107532,-0.049160271883010864,-1.4197290603059933,2018,NO
2018_07_NO_BAL,NO,12.34609835107532,-10.975529562652337,-0.1047433614730835,1.265825426949899,2018,BAL
2018_07_NYG_ATL,ATL,9.924538285828696,-5.966465527568737,-0.42463141679763794,3.5334413414623214,2018,NYG
2018_07_NYG_ATL,NYG,5.966465527568737,-9.924538285828696,-0.2577844113111496,-4.215857169571109,2018,ATL
2018_07_TEN_LAC,LAC,6.081903328267754,-4.352700324545884,-0.16115078702569008,1.56805221669618,2018,TEN
2018_07_TEN_LAC,TEN,4.352700324545884,-6.081903328267754,0.2621772438287735,-1.4670257598930965,2018,LAC
2018_08_BAL_CAR,BAL,6.006807784885829,-13.003003115948182,0.2413340061903,-6.754861324872054,2018,CAR
2018_08_BAL_CAR,CAR,13.003003115948182,-6.006807784885829,0.4033917784690857,7.399587109531439,2018,BAL
2018_08_CLE_PIT,CLE,-5.086986514297365,-10.00093255813447,0.2852323241531849,-14.802686748278651,2018,PIT
2018_08_CLE_PIT,PIT,10.00093255813447,5.086986514297365,0.04429034888744354,15.13220942131928,2018,CLE
2018_08_DEN_KC,DEN,7.646954118223309,-6.6151672648579325,-0.42986576445400715,0.6019210889113698,2018,KC
2018_08_DEN_KC,KC,6.6151672648579325,-7.646954118223309,0.28408628702163696,-0.7477005663437399,2018,DEN
2018_08_GB_LA,GB,8.573301944488904,-0.5827485298730357,-0.3140641706995666,7.6764892439163015,2018,LA
2018_08_GB_LA,LA,0.5827485298730357,-8.573301944488904,0.32169632613658905,-7.668857088479279,2018,GB
2018_08_IND_OAK,IND,21.619355331136177,-13.274372876154246,0.2665417641401291,8.61152421912206,2018,LV
2018_08_IND_OAK,LV,13.274372876154246,-21.619355331136177,-0.0478302463889122,-8.392812701370843,2018,IND
2018_08_MIA_HOU,HOU,19.364619508518132,-4.047297014770012,0.23841583728790283,15.555738331036022,2018,MIA
2018_08_MIA_HOU,MIA,4.047297014770012,-19.364619508518132,0.011496759951114655,-15.305825733797004,2018,HOU
2018_08_NE_BUF,BUF,-12.910221713604196,-0.9107169309855316,0.31122420728206635,-13.509714437307661,2018,NE
2018_08_NE_BUF,NE,0.9107169309855316,12.910221713604196,-0.1506451740860939,13.670293470503633,2018,BUF
2018_08_NO_MIN,MIN,8.298272170715277,-5.368784689673241,-0.5809909421950579,2.3484965388469785,2018,NO
2018_08_NO_MIN,NO,5.368784689673241,-8.298272170715277,0.2786460369825363,-2.6508414440595,2018,MIN
2018_08_NYJ_CHI,CHI,5.287444570221508,3.898330645940419,0.12403501570224762,9.309810231864175,2018,NYJ
2018_08_NYJ_CHI,NYJ,-3.898330645940419,-5.287444570221508,-0.4074258916079998,-9.593201107769927,2018,CHI
2018_08_PHI_JAX,JAX,3.8140946559009383,-5.503409968730931,-0.42149970307946205,-2.1108150159094543,2018,PHI
2018_08_PHI_JAX,PHI,5.503409968730931,-3.8140946559009383,-0.10109613835811615,1.588219174471876,2018,JAX
2018_08_SEA_DET,DET,4.841120704928687,-10.420651839784753,-0.509814340621233,-6.089345475477299,2018,SEA
2018_08_SEA_DET,SEA,10.420651839784753,-4.841120704928687,-0.44686194509267807,5.132669189763388,2018,DET
2018_08_SF_ARI,ARI,-0.10957472153429659,10.481895083129436,-0.06822378933429718,10.304096572260843,2018,SF
2018_08_SF_ARI,SF,-10.481895083129436,0.10957472153429659,-0.049407487735152245,-10.421727849330292,2018,ARI
2018_08_TB_CIN,CIN,9.739198781241441,-14.234020014019038,-0.39801232516765594,-4.892833557945252,2018,TB
2018_08_TB_CIN,TB,14.234020014019038,-9.739198781241441,0.21794266998767853,4.712763902765275,2018,CIN
2018_08_WAS_NYG,NYG,-7.645022393687437,0.43324688354209684,0.06297963112592697,-7.1487958790194135,2018,WAS
2018_08_WAS_NYG,WAS,-0.43324688354209684,7.645022393687437,-0.1308162659406662,7.080959244204674,2018,NYG
2018_09_ATL_WAS,ATL,22.60318568991703,0.18127222589443504,-0.1707790344953537,22.613678881316112,2018,WAS
2018_09_ATL_WAS,WAS,-0.18127222589443504,-22.60318568991703,-0.0589215774089098,-22.843379493220375,2018,ATL
2018_09_CHI_BUF,BUF,-6.406486384159551,3.678857850044351,-0.0682915598154068,-2.795920093930607,2018,CHI
2018_09_CHI_BUF,CHI,-3.678857850044351,6.406486384159551,1.043070137500763,3.770698671615963,2018,BUF
2018_09_DET_MIN,DET,-6.891980802789223,1.126839127245321,-0.21923039108514786,-5.984372066629049,2018,MIN
2018_09_DET_MIN,MIN,-1.126839127245321,6.891980802789223,0.16763824224472046,5.932779917788622,2018,DET
2018_09_GB_NE,GB,2.9249889870507353,-11.841129902420015,-0.22108018398284912,-9.137221099352129,2018,NE
2018_09_GB_NE,NE,11.841129902420015,-2.9249889870507353,-0.004631906747817993,8.911509008621461,2018,GB
2018_09_HOU_DEN,DEN,-1.3144602940958423,1.1431960041230427,-0.12854858487844467,-0.2998128748512443,2018,HOU
2018_09_HOU_DEN,HOU,-1.1431960041230427,1.3144602940958423,-0.11371804028749466,0.05754624968530497,2018,DEN
2018_09_KC_CLE,CLE,10.7643177743922,-20.07163850791753,0.08878694474697113,-9.218533788778359,2018,KC
2018_09_KC_CLE,KC,20.07163850791753,-10.7643177743922,0.011532062664628029,9.318852796189958,2018,CLE
2018_09_LAC_SEA,LAC,5.297366041963798,1.1881042602558494,-0.38503463566303253,6.100435666556615,2018,SEA
2018_09_LAC_SEA,SEA,-1.1881042602558494,-5.297366041963798,0.1204795390367508,-6.364990763182897,2018,LAC
2018_09_LA_NO,LA,14.860110849854058,-24.236279925535523,-0.030205662362277508,-9.406374738043743,2018,NO
2018_09_LA_NO,NO,24.236279925535523,-14.860110849854058,-0.08637133240699768,9.289797743274468,2018,LA
2018_09_NYJ_MIA,MIA,-16.44945293238228,12.404238155967994,0.193180114030838,-3.8520346623834474,2018,NYJ
2018_09_NYJ_MIA,NYJ,-12.404238155967994,16.44945293238228,-0.4061700627207756,3.63904471369351,2018,MIA
2018_09_OAK_SF,LV,-11.010512298086955,-15.504346185698108,0.15627244114875793,-26.358586042636304,2018,SF
2018_09_OAK_SF,SF,15.504346185698108,11.010512298086955,0.1535499393939972,26.66840842317906,2018,LV
2018_09_PIT_BAL,BAL,0.45357366936219323,-9.262231351866218,0.11997359246015549,-8.68868409004387,2018,PIT
2018_09_PIT_BAL,PIT,9.262231351866218,-0.45357366936219323,-0.19937433674931526,8.60928334575471,2018,BAL
2018_09_TB_CAR,CAR,13.90602529143747,-10.207384433732763,0.5780380815267563,4.276678939231463,2018,TB
2018_09_TB_CAR,TB,10.207384433732763,-13.90602529143747,0.2226037085056305,-3.476037149199076,2018,CAR
2018_09_TEN_DAL,DAL,-5.600781741432727,-9.411197095426049,0.3414982408285141,-14.670480596030263,2018,TEN
2018_09_TEN_DAL,TEN,9.411197095426049,5.600781741432727,-0.2530919909477234,14.758886845911054,2018,DAL
2018_10_ARI_KC,ARI,-1.9508659167666051,-6.710844199935442,-0.02544282004237175,-8.687152936744418,2018,KC
2018_10_ARI_KC,KC,6.710844199935442,1.9508659167666051,0.09757454693317413,8.75928466363522,2018,ARI
2018_10_ATL_CLE,ATL,1.5079895010667996,-12.649485146777035,0.07450159639120102,-11.066994049319035,2018,CLE
2018_10_ATL_CLE,CLE,12.649485146777035,-1.5079895010667996,-0.2703647017478943,10.871130943962342,2018,ATL
2018_10_BUF_NYJ,BUF,16.904342302564974,7.655809443042118,0.17654499411582947,24.736696739722923,2018,NYJ
2018_10_BUF_NYJ,NYJ,-7.655809443042118,-16.904342302564974,0.1921861320734024,-24.36796561353369,2018,BUF
2018_10_CAR_PIT,CAR,7.228920734200323,-25.75243871651084,0.03226776048541069,-18.49125022182511,2018,PIT
2018_10_CAR_PIT,PIT,25.75243871651084,-7.228920734200323,0.19037548080086708,18.713893463111386,2018,CAR
2018_10_DAL_PHI,DAL,9.125878931300557,-1.3065267632193525,-0.1923643723130226,7.626987795768182,2018,PHI
2018_10_DAL_PHI,PHI,1.3065267632193525,-9.125878931300557,0.06918245181441307,-7.750169716266791,2018,DAL
2018_10_DET_CHI,CHI,11.481679941119747,-7.575329474493866,0.010680261999368668,3.9170307286252495,2018,DET
2018_10_DET_CHI,DET,7.575329474493866,-11.481679941119747,0.23202207684516907,-3.6743283897807117,2018,CHI
2018_10_JAX_IND,IND,12.985585586730584,-10.628021831256682,-0.5076803001575172,1.8498834553163856,2018,JAX
2018_10_JAX_IND,JAX,10.628021831256682,-12.985585586730584,0.14291265606880188,-2.214651099405101,2018,IND
2018_10_LAC_OAK,LAC,4.787089799179534,7.671697549637971,-0.3247848227620125,12.134002526055493,2018,LV
2018_10_LAC_OAK,LV,-7.671697549637971,-4.787089799179534,-0.194192074239254,-12.65297942305676,2018,LAC
2018_10_MIA_GB,GB,12.395130445636013,6.313365835787669,0.06439793109893799,18.772894212522623,2018,MIA
2018_10_MIA_GB,MIA,-6.313365835787669,-12.395130445636013,0.20425166748464108,-18.504244613939044,2018,GB
2018_10_NE_TEN,NE,-8.388628190012042,-9.928738335539606,0.12060971558094025,-18.196756809970708,2018,TEN
2018_10_NE_TEN,TEN,9.928738335539606,8.388628190012042,0.44483064860105515,18.762197174152703,2018,NE
2018_10_NO_CIN,CIN,2.258072822372662,-29.103751512676435,-0.04040892422199249,-26.886087614525767,2018,NO
2018_10_NO_CIN,NO,29.103751512676435,-2.258072822372662,-0.06105009466409683,26.784628595639678,2018,CIN
2018_10_NYG_SF,NYG,4.914382988269886,-4.038037144432957,0.3932938128709793,1.2696396567079082,2018,SF
2018_10_NYG_SF,SF,4.038037144432957,-4.914382988269886,-0.02965034544467926,-0.9059961892816082,2018,NYG
2018_10_SEA_LA,LA,18.45841381879137,-16.19521116211203,0.15978773683309555,2.4229903935124355,2018,SEA
2018_10_SEA_LA,SEA,16.19521116211203,-18.45841381879137,-0.08950376510620117,-2.352706421785541,2018,LA
2018_10_WAS_TB,TB,-9.505186854921227,1.9505592877797544,-0.4959312453866005,-8.050558812528074,2018,WAS
2018_10_WAS_TB,WAS,-1.9505592877797544,9.505186854921227,-0.3371604457497597,7.217467121391714,2018,TB
2018_11_CAR_DET,CAR,7.390513834278911,-1.4282050288829455,-0.3514554351568222,5.610853370239143,2018,DET
2018_11_CAR_DET,DET,1.4282050288829455,-7.390513834278911,-0.1275673285126686,-6.089876133908634,2018,CAR
2018_11_CIN_BAL,BAL,3.748928644322116,1.2050548749179442,-0.1344771422445774,4.8195063769954825,2018,CIN
2018_11_CIN_BAL,CIN,-1.2050548749179442,-3.748928644322116,0.2736756503582001,-4.68030786888186,2018,BAL
2018_11_DAL_ATL,ATL,5.184061242493357,-3.5731706571887663,0.16710121929645538,1.7779918046010459,2018,DAL
2018_11_DAL_ATL,DAL,3.5731706571887663,-5.184061242493357,-0.26857125014066696,-1.8794618354452575,2018,ATL
2018_11_DEN_LAC,DEN,4.609524932382254,-7.505896714884099,0.13943485170602798,-2.756936930795818,2018,LAC
2018_11_DEN_LAC,LAC,7.505896714884099,-4.609524932382254,-0.3597117681056261,2.5366600143962197,2018,DEN
2018_11_GB_SEA,GB,0.9161652307935324,-7.766415842572575,0.3191837817430496,-6.531066830035993,2018,SEA
2018_11_GB_SEA,SEA,7.766415842572575,-0.9161652307935324,-0.02380748838186264,6.82644312339718,2018,GB
2018_11_HOU_WAS,HOU,-4.067331167932631,2.5215702639849464,0.16221734881401062,-1.3835435551336737,2018,WAS
2018_11_HOU_WAS,WAS,-2.5215702639849464,4.067331167932631,-0.17956294119358063,1.3661979627541037,2018,HOU
2018_11_KC_LA,KC,19.226177607764843,-18.777744224463834,0.0353827141225338,0.48381609742354215,2018,LA
2018_11_KC_LA,LA,18.777744224463834,-19.226177607764843,-0.2771119847893715,-0.7255453680903798,2018,KC
2018_11_MIN_CHI,CHI,1.3285413733219589,2.051201589135318,-0.3289383351802826,3.050804627276994,2018,MIN
2018_11_MIN_CHI,MIN,-2.051201589135318,-1.3285413733219589,0.23800380527973175,-3.141739157177545,2018,CHI
2018_11_OAK_ARI,ARI,-0.8388718647411411,3.5148836474303926,-0.15441503375768661,2.521596748931565,2018,LV
2018_11_OAK_ARI,LV,-3.5148836474303926,0.8388718647411411,-0.11310368403792381,-2.7891154667271754,2018,ARI
2018_11_PHI_NO,NO,31.416177274237654,5.496148071481587,-0.4799291417002678,36.43239620401897,2018,PHI
2018_11_PHI_NO,PHI,-5.496148071481587,-31.416177274237654,-0.18947740830481052,-37.10180275402405,2018,NO
2018_11_PIT_JAX,JAX,-9.344161984081222,2.069270682105201,-0.326517254114151,-7.601408556090171,2018,PIT
2018_11_PIT_JAX,PIT,-2.069270682105201,9.344161984081222,0.0653800442814827,7.340271346257503,2018,JAX
2018_11_TB_NYG,NYG,14.426368812856225,-19.07295388570361,-0.42121532559394836,-5.067800398441332,2018,TB
2018_11_TB_NYG,TB,19.07295388570361,-14.426368812856225,-0.049588289111852646,4.596996783735531,2018,NYG
2018_11_TEN_IND,IND,17.698305397874815,4.114553826225385,0.3156876116991043,22.128546835799305,2018,TEN
2018_11_TEN_IND,TEN,-4.114553826225385,-17.698305397874815,-0.026723727583885193,-21.839582951684086,2018,IND
2018_12_ARI_LAC,ARI,-5.591237789189078,-24.97860969493955,0.027249783277511597,-30.54259770085112,2018,LAC
2018_12_ARI_LAC,LAC,24.97860969493955,5.591237789189078,0.15000568330287933,30.71985316743151,2018,ARI
2018_12_ATL_NO,ATL,1.0140556329618517,-11.240543461726645,0.25897903740406036,-9.967508791360732,2018,NO
2018_12_ATL_NO,NO,11.240543461726645,-1.0140556329618517,-0.021559298038482666,10.20492853072631,2018,ATL
2018_12_CHI_DET,CHI,-0.38942754906874655,1.8894946769468055,-0.0033327415585517883,1.496734386319507,2018,DET
2018_12_CHI_DET,DET,-1.8894946769468055,0.38942754906874655,-0.21745028346776962,-1.7175174113458285,2018,CHI
2018_12_CLE_CIN,CIN,6.602996537506152,-15.093822930134024,0.38289202749729156,-8.107934365130582,2018,CLE
2018_12_CLE_CIN,CLE,15.093822930134024,-6.602996537506152,0.05395675078034401,8.544783143408218,2018,CIN
2018_12_GB_MIN,GB,-1.6100068363656332,3.0107360756745667,0.07042482495307922,1.4711540642620127,2018,MIN
2018_12_GB_MIN,MIN,-3.0107360756745667,1.6100068363656332,0.6567780673503876,-0.7439511719585459,2018,GB
2018_12_JAX_BUF,BUF,-0.21758780191919413,-0.543793187199272,0.06359321996569633,-0.6977877691527699,2018,JAX
2018_12_JAX_BUF,JAX,0.543793187199272,0.21758780191919413,0.032091811299324036,0.7934728004177902,2018,BUF
2018_12_MIA_IND,IND,7.613670772667213,-2.51753774377819,-0.5307469367980957,4.565386092090927,2018,MIA
2018_12_MIA_IND,MIA,2.51753774377819,-7.613670772667213,-0.06310927867889404,-5.159242307567917,2018,IND
2018_12_NE_NYJ,NE,12.158166475571804,1.5151297668053434,-0.47983337938785553,13.193462862989291,2018,NYJ
2018_12_NE_NYJ,NYJ,-1.5151297668053434,-12.158166475571804,-0.1339327171444893,-13.807228959521636,2018,NE
2018_12_NYG_PHI,NYG,3.90009697701775,-5.070892078816067,-0.3280107695609331,-1.4988058713592505,2018,PHI
2018_12_NYG_PHI,PHI,5.070892078816067,-3.90009697701775,0.34024281799793243,1.5110379197962498,2018,NYG
2018_12_OAK_BAL,BAL,5.557735745007651,1.1980653640851866,-0.18763837218284607,6.568162736909992,2018,LV
2018_12_OAK_BAL,LV,-1.1980653640851866,-5.557735745007651,-0.04886680841445923,-6.804667917507297,2018,BAL
2018_12_PIT_DEN,DEN,4.693827832541233,2.5998618512454943,-0.18275417387485504,7.110935509911872,2018,PIT
2018_12_PIT_DEN,PIT,-2.5998618512454943,-4.693827832541233,0.22714132070541382,-7.0665483630813135,2018,DEN
2018_12_SEA_CAR,CAR,9.947480992831203,-15.412110069637379,0.07581573724746704,-5.388813339558709,2018,SEA
2018_12_SEA_CAR,SEA,15.412110069637379,-9.947480992831203,-0.3071693629026413,5.157459713903535,2018,CAR
2018_12_SF_TB,SF,-5.729180665958958,-10.451881571606036,0.13353434205055237,-16.047527895514442,2018,TB
2018_12_SF_TB,TB,10.451881571606036,5.729180665958958,-0.22560666501522064,15.955455572549774,2018,SF
2018_12_TEN_HOU,HOU,13.621891460890565,0.18641493805091813,0.036633044481277466,13.84493944342276,2018,TEN
2018_12_TEN_HOU,TEN,-0.18641493805091813,-13.621891460890565,-0.005063340067863464,-13.813369739009346,2018,HOU
2018_12_WAS_DAL,DAL,8.592142241757896,-0.2835134416342133,-0.17976009845733643,8.128868701666347,2018,WAS
2018_12_WAS_DAL,WAS,0.2835134416342133,-8.592142241757896,0.46711553633213043,-7.841513263791553,2018,DAL
2018_13_ARI_GB,ARI,1.7789135799169173,2.5491155021889207,0.07088103890419006,4.398910121010028,2018,GB
2018_13_ARI_GB,GB,-2.5491155021889207,-1.7789135799169173,0.03142145276069641,-4.296607629345141,2018,ARI
2018_13_BAL_ATL,ATL,-4.620532817525363,-6.480372035864341,0.03622278571128845,-11.064682067678415,2018,BAL
2018_13_BAL_ATL,BAL,6.480372035864341,4.620532817525363,-0.021169841289520264,11.079735012100183,2018,ATL
2018_13_BUF_MIA,BUF,-0.05058616625478429,-0.1004751598188891,-0.20626196824014187,-0.35732329431381527,2018,MIA
2018_13_BUF_MIA,MIA,0.1004751598188891,0.05058616625478429,0.0005848705768585205,0.15164619665053192,2018,BUF
2018_13_CAR_TB,CAR,0.956702953941509,-0.16699790943697712,-0.347724124789238,0.44198091971529385,2018,TB
2018_13_CAR_TB,TB,0.16699790943697712,-0.956702953941509,0.07530641555786133,-0.7143986289466705,2018,CAR
2018_13_CHI_NYG,CHI,1.5257108132171262,2.1456812892726185,-0.15271148830652237,3.5186806141832223,2018,NYG
2018_13_CHI_NYG,NYG,-2.1456812892726185,-1.5257108132171262,0.0629052072763443,-3.6084868952134004,2018,CHI
2018_13_CLE_HOU,CLE,-1.273654985390435,-3.3109469062938794,0.2179911956191063,-4.366610696065209,2018,HOU
2018_13_CLE_HOU,HOU,3.3109469062938794,1.273654985390435,-0.21419931948184967,4.370402572202465,2018,CLE
2018_13_DEN_CIN,CIN,-7.187884532528051,1.7033863804517193,-0.47337266243994236,-5.957870814516275,2018,DEN
2018_13_DEN_CIN,DEN,-1.7033863804517193,7.187884532528051,0.24949072301387787,5.73398887509021,2018,CIN
2018_13_IND_JAX,IND,-14.487570057452775,10.368507654640045,-0.0488133579492569,-4.167875760761987,2018,JAX
2018_13_IND_JAX,JAX,-10.368507654640045,14.487570057452775,-0.6571861268021166,3.4618762760106137,2018,IND
2018_13_KC_OAK,KC,20.399167654121868,-12.615341194196688,-0.3573594316840172,7.426467028241163,2018,LV
2018_13_KC_OAK,LV,12.615341194196688,-20.399167654121868,0.3665718585252762,-7.417254601399904,2018,KC
2018_13_LAC_PIT,LAC,9.45898206455454,-11.782824345727537,-0.27800404839217663,-2.6018463295651735,2018,PIT
2018_13_LAC_PIT,PIT,11.782824345727537,-9.45898206455454,-0.005745723843574524,2.3180965573294223,2018,LAC
2018_13_LA_DET,DET,-3.2334397583694665,-12.994734725894872,-0.22870394587516785,-16.456878430139508,2018,LA
2018_13_LA_DET,LA,12.994734725894872,3.2334397583694665,0.48840293288230896,16.71657741714665,2018,DET
2018_13_MIN_NE,MIN,-7.170102905310944,-3.744744519379985,-0.16432498395442963,-11.07917240864536,2018,NE
2018_13_MIN_NE,NE,3.744744519379985,7.170102905310944,-0.0831718947738409,10.831675529917089,2018,MIN
2018_13_NO_DAL,DAL,-4.16895537738477,4.778128432229114,0.0334780216217041,0.6426510764660485,2018,NO
2018_13_NO_DAL,NO,-4.778128432229114,4.16895537738477,-0.39053234457969666,-0.999705399424041,2018,DAL
2018_13_NYJ_TEN,NYJ,-7.962208832771682,-5.184692043855711,-0.19353920593857765,-13.340440082565971,2018,TEN
2018_13_NYJ_TEN,TEN,5.184692043855711,7.962208832771682,0.31340575218200684,13.4603066288094,2018,NYJ
2018_13_SF_SEA,SEA,17.98136054902123,-1.948482146065852,0.040643930435180664,16.073522333390557,2018,SF
2018_13_SF_SEA,SF,1.948482146065852,-17.98136054902123,0.08852881193161011,-15.944349591023766,2018,SEA
2018_13_WAS_PHI,PHI,7.761699512188031,2.54031640433522,0.07962851226329803,10.381644428786549,2018,WAS
2018_13_WAS_PHI,WAS,-2.54031640433522,-7.761699512188031,-0.04633988440036774,-10.348355800923619,2018,PHI
2018_14_ATL_GB,ATL,6.262515367513856,-10.161950060258327,0.2264164388179779,-3.673018253926493,2018,GB
2018_14_ATL_GB,GB,10.161950060258327,-6.262515367513856,-0.06052634119987488,3.838908351544596,2018,ATL
2018_14_BAL_KC,BAL,5.20687731898475,-6.0196386836857485,0.052187979221343994,-0.7605733854796544,2018,KC
2018_14_BAL_KC,KC,6.0196386836857485,-5.20687731898475,-0.0358005166053772,0.7769608480956212,2018,BAL
2018_14_CAR_CLE,CAR,-3.8354956649108742,-11.00933083886959,0.2905871272087097,-14.554239376571754,2018,CLE
2018_14_CAR_CLE,CLE,11.00933083886959,3.8354956649108742,-0.19965702295303345,14.64516948082743,2018,CAR
2018_14_CIN_LAC,CIN,3.5655092145011515,-8.759084208937852,0.6629346460103989,-4.530640348426301,2018,LAC
2018_14_CIN_LAC,LAC,8.759084208937852,-3.5655092145011515,-0.26874126493930817,4.924833729497392,2018,CIN
2018_14_DEN_SF,DEN,-0.12606316457982208,-0.05454523105288178,-0.34091435745358467,-0.5215227530862885,2018,SF
2018_14_DEN_SF,SF,0.05454523105288178,0.12606316457982208,-0.2879544794559479,-0.10734608382324401,2018,DEN
2018_14_DET_ARI,ARI,-13.935218283053219,6.51186910019516,-0.48156189918518066,-7.90491108204324,2018,DET
2018_14_DET_ARI,DET,-6.51186910019516,13.935218283053219,-0.18573489785194397,7.237614285006115,2018,ARI
2018_14_IND_HOU,HOU,2.0235166283031614,-3.8568351986007654,-0.028948530554771423,-1.8622671008523755,2018,IND
2018_14_IND_HOU,IND,3.8568351986007654,-2.0235166283031614,-0.12860339507460594,1.704715175222998,2018,HOU
2018_14_JAX_TEN,JAX,-8.297781862384154,-9.617644995501006,0.019239753484725952,-17.896187104400433,2018,TEN
2018_14_JAX_TEN,TEN,9.617644995501006,8.297781862384154,0.23955446481704712,18.154981322702206,2018,JAX
2018_14_LA_CHI,CHI,-10.929792166270822,17.12141395817664,-0.29581545293331146,5.8958063389725055,2018,LA
2018_14_LA_CHI,LA,-17.12141395817664,10.929792166270822,-0.27656324580311775,-6.468185037708935,2018,CHI
2018_14_MIN_SEA,MIN,-8.610140756065615,2.148071774758151,0.04332864284515381,-6.41874033846231,2018,SEA
2018_14_MIN_SEA,SEA,-2.148071774758151,8.610140756065615,-0.18230941891670227,6.279759562390762,2018,MIN
2018_14_NE_MIA,MIA,19.150608095472897,-9.606881625078827,-0.20203105360269547,9.341695416791374,2018,NE
2018_14_NE_MIA,NE,9.606881625078827,-19.150608095472897,0.361356720328331,-9.182369750065739,2018,MIA
2018_14_NO_TB,NO,4.5924453970075625,6.686243789784113,0.6057229340076447,11.88441212079932,2018,TB
2018_14_NO_TB,TB,-6.686243789784113,-4.5924453970075625,-0.001203298568725586,-11.279892485360401,2018,NO
2018_14_NYG_WAS,NYG,10.574107515180872,4.226769317509683,-0.3220191076397896,14.478857725050766,2018,WAS
2018_14_NYG_WAS,WAS,-4.226769317509683,-10.574107515180872,0.031622305512428284,-14.769254527178127,2018,NYG
2018_14_NYJ_BUF,BUF,4.607495381833491,-4.760876696246381,-0.3781891465187073,-0.5315704609315972,2018,NYJ
2018_14_NYJ_BUF,NYJ,4.760876696246381,-4.607495381833491,0.7557431757450104,0.9091244901579003,2018,BUF
2018_14_PHI_DAL,DAL,8.58717561997177,0.17937470978661985,-0.4789295196533203,8.28762081010507,2018,PHI
2018_14_PHI_DAL,PHI,-0.17937470978661985,-8.58717561997177,0.5439692288637161,-8.222581100894674,2018,DAL
2018_14_PIT_OAK,LV,8.84533992976842,-3.5566344713371985,-0.08033549785614014,5.208369960575081,2018,PIT
2018_14_PIT_OAK,PIT,3.5566344713371985,-8.84533992976842,-0.09467921778559685,-5.383384676216818,2018,LV
2018_15_ARI_ATL,ARI,-6.24129996365692,-13.332212024541432,0.18732589483261108,-19.38618609336574,2018,ATL
2018_15_ARI_ATL,ATL,13.332212024541432,6.24129996365692,-0.29658791795372963,19.276924070244622,2018,ARI
2018_15_CLE_DEN,CLE,-3.0838667983284385,-0.5336117018346165,-0.10866711288690567,-3.726145613049961,2018,DEN
2018_15_CLE_DEN,DEN,0.5336117018346165,3.0838667983284385,-0.5254016667604446,3.0920768334026105,2018,CLE
2018_15_DAL_IND,DAL,-11.322423179014569,-9.691454752782606,0.25362323224544525,-20.76025469955173,2018,IND
2018_15_DAL_IND,IND,9.691454752782606,11.322423179014569,-0.3357444927096367,20.67813343908754,2018,DAL
2018_15_DET_BUF,BUF,-2.0950504840264106,2.9380149153216233,-0.23324687033891678,0.6097175609562959,2018,DET
2018_15_DET_BUF,DET,-2.9380149153216233,2.0950504840264106,-0.23259304463863373,-1.0755574759338464,2018,BUF
2018_15_GB_CHI,CHI,2.4504805656433395,3.48626733238912,0.3683622181415558,6.305110116174015,2018,GB
2018_15_GB_CHI,GB,-3.48626733238912,-2.4504805656433395,-0.04671248234808445,-5.983460380380544,2018,CHI
2018_15_HOU_NYJ,HOU,7.1015115963650715,-5.096891920437792,0.09921233914792538,2.103832015075205,2018,NYJ
2018_15_HOU_NYJ,NYJ,5.096891920437792,-7.1015115963650715,0.17904594540596008,-1.8255737305213193,2018,HOU
2018_15_LAC_KC,KC,12.810415017368964,-15.799795793823295,-0.14266715943813324,-3.132047935892464,2018,LAC
2018_15_LAC_KC,LAC,15.799795793823295,-12.810415017368964,-0.17533373832702637,2.8140470381273044,2018,KC
2018_15_MIA_MIN,MIA,-7.556059708842129,-14.116656013093028,0.21701782941818237,-21.455697892516973,2018,MIN
2018_15_MIA_MIN,MIN,14.116656013093028,7.556059708842129,0.31248011998832226,21.985195841923478,2018,MIA
2018_15_NE_PIT,NE,-4.612874745520379,-3.8234663611861714,-0.10533936321735382,-8.541680469923904,2018,PIT
2018_15_NE_PIT,PIT,3.8234663611861714,4.612874745520379,-0.209321066737175,8.227020039969375,2018,NE
2018_15_NO_CAR,CAR,-9.815082834768198,2.6727631166931882,-0.30965156853199005,-7.451971286607,2018,NO
2018_15_NO_CAR,NO,-2.6727631166931882,9.815082834768198,-0.17561589181423187,6.966703826260778,2018,CAR
2018_15_OAK_CIN,CIN,0.23283453042737579,5.779153823884803,0.37337101250886917,6.3853593668210475,2018,LV
2018_15_OAK_CIN,LV,-5.779153823884803,-0.23283453042737579,0.08249372616410255,-5.929494628148076,2018,CIN
2018_15_PHI_LA,LA,3.6839452302123235,-2.936070603522139,-0.12956783175468445,0.6183067949355001,2018,PHI
2018_15_PHI_LA,PHI,2.936070603522139,-3.6839452302123235,0.271671324968338,-0.47620330172184655,2018,LA
2018_15_SEA_SF,SEA,3.542515318912021,-0.8246502424247577,-0.23123551160097122,2.486629564886292,2018,SF
2018_15_SEA_SF,SF,0.8246502424247577,-3.542515318912021,0.04648652672767639,-2.671378549759587,2018,SEA
2018_15_TB_BAL,BAL,2.1450963979490774,8.264228759708487,0.05466771870851517,10.46399287636608,2018,TB
2018_15_TB_BAL,TB,-8.264228759708487,-2.1450963979490774,0.5698619186878204,-9.839463238969744,2018,BAL
2018_15_TEN_NYG,NYG,-14.740466442221157,2.286577859542154,-0.07997473329305649,-12.53386331597206,2018,TEN
2018_15_TEN_NYG,TEN,-2.286577859542154,14.740466442221157,0.14562994241714478,12.599518525096148,2018,NYG
2018_15_WAS_JAX,JAX,-9.906782106780298,2.389687680242251,-0.011300377547740936,-7.528394804085789,2018,WAS
2018_15_WAS_JAX,WAS,-2.389687680242251,9.906782106780298,-0.17057867534458637,7.346515751193461,2018,JAX
2018_16_ATL_CAR,ATL,1.542270605623816,9.334416308825183,-0.3724080640822649,10.504278850366735,2018,CAR
2018_16_ATL_CAR,CAR,-9.334416308825183,-1.542270605623816,-0.25011179596185684,-11.126798710410856,2018,ATL
2018_16_BAL_LAC,BAL,-4.5387524978067795,12.440873901183501,-0.3525780737400055,7.549543329636716,2018,LAC
2018_16_BAL_LAC,LAC,-12.440873901183501,4.5387524978067795,0.33854101598262787,-7.563580387394094,2018,BAL
2018_16_BUF_NE,BUF,-12.850246553824801,4.744238366688254,0.08637753315269947,-8.019630653983848,2018,NE
2018_16_BUF_NE,NE,-4.744238366688254,12.850246553824801,0.06690515577793121,8.172913342914478,2018,BUF
2018_16_CHI_SF,CHI,0.9436353229785774,6.931790579521627,-0.1876518577337265,7.687774044766478,2018,SF
2018_16_CHI_SF,SF,-6.931790579521627,-0.9436353229785774,-0.23782731592655182,-8.113253218426756,2018,CHI
2018_16_CIN_CLE,CIN,3.429978620461087,-12.968165549979123,0.5042206794023514,-9.033966250115684,2018,CLE
2018_16_CIN_CLE,CLE,12.968165549979123,-3.429978620461087,-0.2708999067544937,9.267287022763542,2018,CIN
2018_16_DEN_OAK,DEN,-2.216740019162173,0.893369131465672,-0.053727855905890465,-1.3770987436023914,2018,LV
2018_16_DEN_OAK,LV,-0.893369131465672,2.216740019162173,0.05256296694278717,1.375933854639288,2018,DEN
2018_16_GB_NYJ,GB,27.68321355732214,-10.594523676046695,0.17128130793571472,17.25997118921116,2018,NYJ
2018_16_GB_NYJ,NYJ,10.594523676046695,-27.68321355732214,0.02080315351486206,-17.067886727760584,2018,GB
2018_16_HOU_PHI,HOU,8.533581413144507,-14.376819865487901,0.49780401587486267,-5.345434436468532,2018,PHI
2018_16_HOU_PHI,PHI,14.376819865487901,-8.533581413144507,-0.5524639263749123,5.290774525968482,2018,HOU
2018_16_JAX_MIA,JAX,-9.803087998942251,11.678799911466102,0.3238917738199234,2.1996036863437745,2018,MIA
2018_16_JAX_MIA,MIA,-11.678799911466102,9.803087998942251,-0.027804821729660034,-1.903516734253511,2018,JAX
2018_16_KC_SEA,KC,10.54310999078274,-18.158253618388585,0.1262845415621996,-7.488859086043645,2018,SEA
2018_16_KC_SEA,SEA,18.158253618388585,-10.54310999078274,0.08425544202327728,7.699399069629122,2018,KC
2018_16_LA_ARI,ARI,-5.181815299522209,-16.280425602606776,0.19450633227825165,-21.267734569850735,2018,LA
2018_16_LA_ARI,LA,16.280425602606776,5.181815299522209,-0.4265161454677582,21.035724756661228,2018,ARI
2018_16_MIN_DET,DET,-10.742656837205319,-4.60673404944977,0.07782328873872757,-15.271567597916361,2018,MIN
2018_16_MIN_DET,MIN,4.60673404944977,10.742656837205319,0.18748689442873,15.536877781083819,2018,DET
2018_16_NYG_IND,IND,14.191456501479731,-13.086364153049793,-0.013581909239292145,1.091510439190646,2018,NYG
2018_16_NYG_IND,NYG,13.086364153049793,-14.191456501479731,-0.40264059603214264,-1.5077329444620808,2018,IND
2018_16_PIT_NO,NO,14.51142023048622,-10.72384815995026,-0.22811666131019592,3.559455409225764,2018,PIT
2018_16_PIT_NO,PIT,10.72384815995026,-14.51142023048622,-0.1732361912727356,-3.9608082618086957,2018,NO
2018_16_TB_DAL,DAL,0.6028184600919442,-2.972527697332251,-0.04817221313714981,-2.4178814503774566,2018,TB
2018_16_TB_DAL,TB,2.972527697332251,-0.6028184600919442,0.17990843951702118,2.549617676757328,2018,DAL
2018_16_WAS_TEN,TEN,5.372559777326389,-4.149365215418862,0.011721312999725342,1.2349158749072524,2018,WAS
2018_16_WAS_TEN,WAS,4.149365215418862,-5.372559777326389,-0.23648168426007032,-1.4596762461675974,2018,TEN
2018_17_ARI_SEA,ARI,-12.953007590707772,-0.9203245587987803,0.7838051542639732,-13.08952699524258,2018,SEA
2018_17_ARI_SEA,SEA,0.9203245587987803,12.953007590707772,-0.3501124009490013,13.523219748557551,2018,ARI
2018_17_ATL_TB,ATL,12.464361437752775,-13.930771045242885,-0.04433467239141464,-1.510744279881525,2018,TB
2018_17_ATL_TB,TB,13.930771045242885,-12.464361437752775,-0.1348361922428012,1.331573415247309,2018,ATL
2018_17_CAR_NO,CAR,19.805189686426495,-6.951784491795132,0.26571616530418396,13.119121359935548,2018,NO
2018_17_CAR_NO,NO,6.951784491795132,-19.805189686426495,0.2331918329000473,-12.620213361731317,2018,CAR
2018_17_CHI_MIN,CHI,3.8861749355104096,4.295652505226355,0.18004052340984344,8.361867964146608,2018,MIN
2018_17_CHI_MIN,MIN,-4.295652505226355,-3.8861749355104096,0.013622567057609558,-8.168204873679155,2018,CHI
2018_17_CIN_PIT,CIN,-8.523097152368196,3.1025097136019975,-0.14161688089370728,-5.562204319659906,2018,PIT
2018_17_CIN_PIT,PIT,-3.1025097136019975,8.523097152368196,0.2329874336719513,5.65357487243815,2018,CIN
2018_17_CLE_BAL,BAL,5.175941355431772,-5.358984145161609,-0.04784621298313141,-0.23088900271296886,2018,CLE
2018_17_CLE_BAL,CLE,5.358984145161609,-5.175941355431772,-0.36875803023576736,-0.1857152405059299,2018,BAL
2018_17_DAL_NYG,DAL,17.185327102107394,-12.686396268749823,-0.032108962535858154,4.466821870821713,2018,NYG
2018_17_DAL_NYG,NYG,12.686396268749823,-17.185327102107394,0.056004948914051056,-4.44292588444352,2018,DAL
2018_17_DET_GB,DET,12.468824957760377,12.626721206516688,0.0532117635011673,25.148757927778234,2018,GB
2018_17_DET_GB,GB,-12.626721206516688,-12.468824957760377,-0.09666166454553604,-25.192207828822603,2018,DET
2018_17_IND_TEN,IND,6.424754289933004,7.795511433704705,0.5829501301050186,14.803215853742728,2018,TEN
2018_17_IND_TEN,TEN,-7.795511433704705,-6.424754289933004,0.029098190367221832,-14.191167533270487,2018,IND
2018_17_JAX_HOU,HOU,-3.437359270799179,17.419223740633676,0.09271667897701263,14.07458114881151,2018,JAX
2018_17_JAX_HOU,JAX,-17.419223740633676,3.437359270799179,0.18001742474734783,-13.801847045087149,2018,HOU
2018_17_LAC_DEN,DEN,-12.930988568288406,5.061479775917191,0.013138920068740845,-7.856369872302474,2018,LAC
2018_17_LAC_DEN,LAC,-5.061479775917191,12.930988568288406,-0.41841513104736805,7.4510936613238465,2018,DEN
2018_17_MIA_BUF,BUF,14.725396754290733,8.851489167265402,-0.053050026297569275,23.523835895258564,2018,MIA
2018_17_MIA_BUF,MIA,-8.851489167265402,-14.725396754290733,0.28562889248132706,-23.291257029074806,2018,BUF
2018_17_NYJ_NE,NE,12.230609459324235,11.9641573486347,-0.06854301504790783,24.126223792911027,2018,NYJ
2018_17_NYJ_NE,NYJ,-11.9641573486347,-12.230609459324235,-0.3277664612978697,-24.522533269256805,2018,NE
2018_17_OAK_KC,KC,10.723780871592307,7.626653261825725,0.017044074833393097,18.367478208251427,2018,LV
2018_17_OAK_KC,LV,-7.626653261825725,-10.723780871592307,-0.44779411144554615,-18.79822824486358,2018,KC
2018_17_PHI_WAS,PHI,8.321832160128029,14.541595079764551,-0.14449406415224075,22.71893317574034,2018,WAS
2018_17_PHI_WAS,WAS,-14.541595079764551,-8.321832160128029,-0.04000417701900005,-22.90343141691158,2018,PHI
2018_17_SF_LA,LA,15.159757693941305,-13.015511652997,0.4814220368862152,2.62566807783052,2018,SF
2018_17_SF_LA,SF,13.015511652997,-15.159757693941305,0.43293502926826477,-1.71131101167604,2018,LA
2019_01_ATL_MIN,ATL,0.2904771828460353,-8.80755112965751,0.033237941563129425,-8.483836005248346,2019,MIN
2019_01_ATL_MIN,MIN,8.80755112965751,-0.2904771828460353,-0.03568628430366516,8.48138766250781,2019,ATL
2019_01_BAL_MIA,BAL,34.104601284918445,1.29445835117223,0.44899631291627884,35.848055949006955,2019,MIA
2019_01_BAL_MIA,MIA,-1.29445835117223,-34.104601284918445,-0.17948728054761887,-35.578546916638295,2019,BAL
2019_01_BUF_NYJ,BUF,-0.36139578396553906,11.266253680479442,-0.043639153242111206,10.861218743271792,2019,NYJ
2019_01_BUF_NYJ,NYJ,-11.266253680479442,0.36139578396553906,-0.6585443019866943,-11.563402198500597,2019,BUF
2019_01_CIN_SEA,CIN,1.6886541572912206,1.5924865455739767,-0.4228569492697716,2.8582837535954257,2019,SEA
2019_01_CIN_SEA,SEA,-1.5924865455739767,-1.6886541572912206,-0.2277509868144989,-3.5088916896796962,2019,CIN
2019_01_DEN_OAK,DEN,4.289203253375659,-8.619703183519164,0.03631591796875,-4.294184012174755,2019,LV
2019_01_DEN_OAK,LV,8.619703183519164,-4.289203253375659,0.016236796975135803,4.346736727118641,2019,DEN
2019_01_DET_ARI,ARI,-2.0447171642656263,-1.0705446739456295,0.4097179272212088,-2.705543910990047,2019,DET
2019_01_DET_ARI,DET,1.0705446739456295,2.0447171642656263,-0.3069882020354271,2.8082736361758287,2019,ARI
2019_01_GB_CHI,CHI,-16.074595373424046,9.562623806692473,-0.08376911655068398,-6.595740683282257,2019,GB
2019_01_GB_CHI,GB,-9.562623806692473,16.074595373424046,-0.3504192177206278,6.161552349010945,2019,CHI
2019_01_HOU_NO,HOU,14.56918079273034,-14.052799954268306,-0.34258563071489334,0.17379520774714052,2019,NO
2019_01_HOU_NO,NO,14.052799954268306,-14.56918079273034,-0.3572308197617531,-0.873611658223787,2019,HOU
2019_01_IND_LAC,IND,8.135140839154333,-14.896335051554008,0.013632699847221375,-6.747561512552453,2019,LAC
2019_01_IND_LAC,LAC,14.896335051554008,-8.135140839154333,-0.13404863700270653,6.627145575396968,2019,IND
2019_01_KC_JAX,JAX,12.87289802659683,-18.100158357090333,-0.07056084088981152,-5.297821171383314,2019,KC
2019_01_KC_JAX,KC,18.100158357090333,-12.87289802659683,0.2855142652988434,5.5127745957923455,2019,JAX
2019_01_LA_CAR,CAR,-0.26080835593249674,-1.3393297540833666,0.6639593541622162,-0.9361787558536472,2019,LA
2019_01_LA_CAR,LA,1.3393297540833666,0.26080835593249674,0.29730865359306335,1.8974467636089267,2019,CAR
2019_01_NYG_DAL,DAL,20.76912879319567,-5.811180535587463,-0.3187307193875313,14.639217538220676,2019,NYG
2019_01_NYG_DAL,NYG,5.811180535587463,-20.76912879319567,-0.39907702803611755,-15.357025285644324,2019,DAL
2019_01_PIT_NE,NE,15.327060082590625,12.995443605432024,-0.19478600472211838,28.12771768330053,2019,PIT
2019_01_PIT_NE,PIT,-12.995443605432024,-15.327060082590625,0.08486892282962799,-28.23763476519302,2019,NE
2019_01_SF_TB,SF,-1.709134157190487,5.800635490478221,-0.14474451541900635,3.946756817868728,2019,TB
2019_01_SF_TB,TB,-5.800635490478221,1.709134157190487,-0.04070395231246948,-4.132205285600204,2019,SF
2019_01_TEN_CLE,CLE,-5.499891177254629,-11.208645783265977,0.05123346298933029,-16.657303497531274,2019,TEN
2019_01_TEN_CLE,TEN,11.208645783265977,5.499891177254629,-0.16113770008087158,16.547399260439732,2019,CLE
2019_01_WAS_PHI,PHI,14.82591049085911,-10.417701304712288,0.2506319433450699,4.658841129491892,2019,WAS
2019_01_WAS_PHI,WAS,10.417701304712288,-14.82591049085911,-0.07698319107294083,-4.485192377219763,2019,PHI
2019_02_ARI_BAL,ARI,0.6625146173785561,-4.408519708254112,-0.17805802449584007,-3.9240631153713963,2019,BAL
2019_02_ARI_BAL,BAL,4.408519708254112,-0.6625146173785561,0.08298586308956146,3.8289909539651177,2019,ARI
2019_02_BUF_NYG,BUF,9.84221572511906,4.686260024831037,-0.3468649685382843,14.181610781411813,2019,NYG
2019_02_BUF_NYG,NYG,-4.686260024831037,-9.84221572511906,0.10395393520593643,-14.42452181474416,2019,BUF
2019_02_CHI_DEN,CHI,4.122200940804033,1.4315055631084457,-0.8887332770973444,4.6649732268151345,2019,DEN
2019_02_CHI_DEN,DEN,-1.4315055631084457,-4.122200940804033,-0.055267639458179474,-5.608974143370658,2019,CHI
2019_02_CLE_NYJ,CLE,-2.252963204387141,10.27926749804063,0.1270614117383957,8.153365705391884,2019,NYJ
2019_02_CLE_NYJ,NYJ,-10.27926749804063,2.252963204387141,-0.6407063752412796,-8.667010668894768,2019,CLE
2019_02_DAL_WAS,DAL,15.49135146531976,-5.44836865297581,-0.05380616337060928,9.989176648973341,2019,WAS
2019_02_DAL_WAS,WAS,5.44836865297581,-15.49135146531976,0.1861247569322586,-9.856858055411692,2019,DAL
2019_02_IND_TEN,IND,3.442977747622777,3.829870924301126,-0.267003882676363,7.00584478924754,2019,TEN
2019_02_IND_TEN,TEN,-3.829870924301126,-3.442977747622777,0.06573085486888885,-7.207117817055014,2019,IND
2019_02_JAX_HOU,HOU,-4.536228659015849,4.585616655802122,-0.108954519033432,-0.059566522247159526,2019,JAX
2019_02_JAX_HOU,JAX,-4.585616655802122,4.536228659015849,0.07604312896728516,0.026655132181012675,2019,HOU
2019_02_KC_OAK,KC,6.514856689047705,6.7507797412433606,0.025103271007537842,13.290739701298603,2019,LV
2019_02_KC_OAK,LV,-6.7507797412433606,-6.514856689047705,-0.2233920581638813,-13.489028488454947,2019,KC
2019_02_LAC_DET,DET,-1.049885533275195,6.915360322768811,-0.5980117917060852,5.267462997787531,2019,LAC
2019_02_LAC_DET,LAC,-6.915360322768811,1.049885533275195,-0.3126571401953697,-6.178131929688986,2019,DET
2019_02_MIN_GB,GB,-4.487394055407343,2.478712726081705,-0.42158546298742294,-2.430266792313061,2019,MIN
2019_02_MIN_GB,MIN,-2.478712726081705,4.487394055407343,-0.4960965598002076,1.5125847695254304,2019,GB
2019_02_NE_MIA,MIA,-16.63073570461814,-9.891449607043679,-0.032285235822200775,-26.55447054748402,2019,NE
2019_02_NE_MIA,NE,9.891449607043679,16.63073570461814,0.3545601814985275,26.876745493160346,2019,MIA
2019_02_NO_LA,LA,6.343162177329281,8.859640628535963,0.18788860738277435,15.390691413248017,2019,NO
2019_02_NO_LA,NO,-8.859640628535963,-6.343162177329281,0.023218005895614624,-15.179584799969629,2019,LA
2019_02_PHI_ATL,ATL,4.492861909166489,2.777197580600281,-0.3444569632411003,6.92560252652567,2019,PHI
2019_02_PHI_ATL,PHI,-2.777197580600281,-4.492861909166489,0.1953900158405304,-7.07466947392624,2019,ATL
2019_02_SEA_PIT,PIT,2.318436890270739,-13.34060176504058,0.5480523258447647,-10.474112548925076,2019,SEA
2019_02_SEA_PIT,SEA,13.34060176504058,-2.318436890270739,-0.21049287915229797,10.811671995617543,2019,PIT
2019_02_SF_CIN,CIN,1.4732910641735497,-20.081946056041318,-0.1441962718963623,-18.75285126376413,2019,SF
2019_02_SF_CIN,SF,20.081946056041318,-1.4732910641735497,0.05434257537126541,18.66299756723903,2019,CIN
2019_02_TB_CAR,CAR,-7.626152073475119,4.7049416454187,0.04142390191555023,-2.879786526140869,2019,TB
2019_02_TB_CAR,TB,-4.7049416454187,7.626152073475119,0.025403156876564026,2.946613584932983,2019,CAR
2019_03_ATL_IND,ATL,14.701314932826342,-16.081122680667704,0.009778186678886414,-1.3700295611624753,2019,IND
2019_03_ATL_IND,IND,16.081122680667704,-14.701314932826342,-0.2751421630382538,1.104665584803108,2019,ATL
2019_03_BAL_KC,BAL,14.998189229284183,-16.19960663414016,0.2709753215312958,-0.9304420833246816,2019,KC
2019_03_BAL_KC,KC,16.19960663414016,-14.998189229284183,-0.12431414425373077,1.0771032606022466,2019,BAL
2019_03_CAR_ARI,ARI,3.797351281107588,-16.433431067999408,-0.09895261377096176,-12.735032400662782,2019,CAR
2019_03_CAR_ARI,CAR,16.433431067999408,-3.797351281107588,-0.303096080198884,12.332983706692936,2019,ARI
2019_03_CHI_WAS,CHI,2.833576259149937,-1.8577664455263103,0.09978039562702179,1.0755902092506484,2019,WAS
2019_03_CHI_WAS,WAS,1.8577664455263103,-2.833576259149937,-0.01380651630461216,-0.9896163299282388,2019,CHI
2019_03_CIN_BUF,BUF,-5.5096538543374685,4.22905669856253,0.2711224853992462,-1.0094746703756918,2019,CIN
2019_03_CIN_BUF,CIN,-4.22905669856253,5.5096538543374685,-0.23515817523002625,1.0454389805449118,2019,BUF
2019_03_DEN_GB,DEN,-1.7251807557084262,-2.2962281709237264,-0.04788655787706375,-4.069295484509216,2019,GB
2019_03_DEN_GB,GB,2.2962281709237264,1.7251807557084262,-0.013592874631285667,4.007816052000867,2019,DEN
2019_03_DET_PHI,DET,-1.3463514313932903,-3.959026527516427,0.0275907963514328,-5.277787162558285,2019,PHI
2019_03_DET_PHI,PHI,3.959026527516427,1.3463514313932903,0.0038867369294166565,5.3092646958391345,2019,DET
2019_03_HOU_LAC,HOU,10.597557359215338,-0.8108433733903246,-0.13010972552001476,9.656604260304999,2019,LAC
2019_03_HOU_LAC,LAC,0.8108433733903246,-10.597557359215338,0.16790160536766052,-9.618812380457353,2019,HOU
2019_03_LA_CLE,CLE,-8.402967318791793,-2.0927003580527272,-0.18101154267787933,-10.6766792195224,2019,LA
2019_03_LA_CLE,LA,2.0927003580527272,8.402967318791793,-0.09337909519672394,10.402288581647797,2019,CLE
2019_03_MIA_DAL,DAL,13.142843957148735,13.089919028153046,-0.4199656993150711,25.81279728598671,2019,MIA
2019_03_MIA_DAL,MIA,-13.089919028153046,-13.142843957148735,0.30607324838638306,-25.9266897369154,2019,DAL
2019_03_NO_SEA,NO,3.9624884833949396,-10.750235686838625,-0.09765961766242981,-6.885406821106115,2019,SEA
2019_03_NO_SEA,SEA,10.750235686838625,-3.9624884833949396,-0.16322480887174606,6.624522394571939,2019,NO
2019_03_NYG_TB,NYG,13.190390418624144,-9.41693320378069,-0.06985983997583389,3.70359737486762,2019,TB
2019_03_NYG_TB,TB,9.41693320378069,-13.190390418624144,-0.36654482781887054,-4.140002042662324,2019,NYG
2019_03_NYJ_NE,NE,4.107113255806407,9.718814246589263,0.32233715802431107,14.148264660419981,2019,NYJ
2019_03_NYJ_NE,NYJ,-9.718814246589263,-4.107113255806407,-0.05949431098997593,-13.885421813385646,2019,NE
2019_03_OAK_MIN,LV,1.706264396191722,-16.318848018366545,0.05089785158634186,-14.56168577058848,2019,MIN
2019_03_OAK_MIN,MIN,16.318848018366545,-1.706264396191722,-0.03238691762089729,14.580196704553925,2019,LV
2019_03_PIT_SF,PIT,-4.25956647222506,2.7969461044710546,-0.34583453834056854,-1.8084549060945743,2019,SF
2019_03_PIT_SF,SF,-2.7969461044710546,4.25956647222506,0.22975197434425354,1.6923723420982593,2019,PIT
2019_03_TEN_JAX,JAX,0.20793139137214478,10.53345162822386,-0.23269078135490417,10.5086922382411,2019,TEN
2019_03_TEN_JAX,TEN,-10.53345162822386,-0.20793139137214478,0.32498233020305634,-10.416400689392947,2019,JAX
2019_04_CAR_HOU,CAR,-3.4463142427845055,9.11541697236626,-0.32638937421143055,5.342713355370324,2019,HOU
2019_04_CAR_HOU,HOU,-9.11541697236626,3.4463142427845055,-0.6420406829565763,-6.311143412538331,2019,CAR
2019_04_CIN_PIT,CIN,-15.012615679062616,-8.556982093646809,0.23173099011182785,-23.337866782597597,2019,PIT
2019_04_CIN_PIT,PIT,8.556982093646809,15.012615679062616,0.037950724363327026,23.607548497072752,2019,CIN
2019_04_CLE_BAL,BAL,5.218745270938125,-20.88067298368179,0.4514695256948471,-15.210458187048818,2019,CLE
2019_04_CLE_BAL,CLE,20.88067298368179,-5.218745270938125,-0.48625462502241135,15.175673087721254,2019,BAL
2019_04_DAL_NO,DAL,-5.921159415722217,3.7775730960297604,-0.15368729829788208,-2.2972736179903386,2019,NO
2019_04_DAL_NO,NO,-3.7775730960297604,5.921159415722217,-0.3459673523902893,1.7976189673021672,2019,DAL
2019_04_JAX_DEN,DEN,3.088709000937179,-7.879994176724222,0.274378702044487,-4.516906473742556,2019,JAX
2019_04_JAX_DEN,JAX,7.879994176724222,-3.088709000937179,-0.3381129801273346,4.453172195659708,2019,DEN
2019_04_KC_DET,DET,5.092167993087714,-11.69107517645418,0.039653562009334564,-6.559253621357132,2019,KC
2019_04_KC_DET,KC,11.69107517645418,-5.092167993087714,-0.3097405955195427,6.289166587846924,2019,DET
2019_04_LAC_MIA,LAC,14.872799373228581,2.0767074183452046,-0.0786389410495758,16.87086785052421,2019,MIA
2019_04_LAC_MIA,MIA,-2.0767074183452046,-14.872799373228581,-0.09296446293592453,-17.04247125450971,2019,LAC
2019_04_MIN_CHI,CHI,-6.064536518870496,7.58607744890057,0.17742164433002472,1.698962574360098,2019,MIN
2019_04_MIN_CHI,MIN,-7.58607744890057,6.064536518870496,-0.11906713247299194,-1.6406080625030652,2019,CHI
2019_04_NE_BUF,BUF,-13.99656593109132,12.10011962637443,0.1690048724412918,-1.7274414322755973,2019,NE
2019_04_NE_BUF,NE,-12.10011962637443,13.99656593109132,-0.25090833008289337,1.6455379746339958,2019,BUF
2019_04_OAK_IND,IND,3.8467643022222466,-5.1534990154540035,0.27005209028720856,-1.0366826229445483,2019,LV
2019_04_OAK_IND,LV,5.1534990154540035,-3.8467643022222466,-0.3757178410887718,0.931016872142985,2019,IND
2019_04_PHI_GB,GB,12.469239549441612,-14.928514633651842,-0.28465525805950165,-2.7439303422697314,2019,PHI
2019_04_PHI_GB,PHI,14.928514633651842,-12.469239549441612,0.4059741348028183,2.865249219013048,2019,GB
2019_04_SEA_ARI,ARI,-3.1795998223274697,-6.0098794380514775,0.016434311866760254,-9.173044948512187,2019,SEA
2019_04_SEA_ARI,SEA,6.0098794380514775,3.1795998223274697,-0.12973934412002563,9.059739916258922,2019,ARI
2019_04_TB_LA,LA,18.275077140652805,-23.915105420025036,-0.12398656271398067,-5.764014842086212,2019,TB
2019_04_TB_LA,TB,23.915105420025036,-18.275077140652805,0.16691595315933228,5.806944232531563,2019,LA
2019_04_TEN_ATL,ATL,-4.887106639701972,-2.3918732591071055,-0.24833236634731293,-7.5273122651563895,2019,TEN
2019_04_TEN_ATL,TEN,2.3918732591071055,4.887106639701972,-0.038050420582294464,7.240929478226782,2019,ATL
2019_04_WAS_NYG,NYG,-3.4178977117270994,13.899815949538423,-0.16103285551071167,10.320885382300613,2019,WAS
2019_04_WAS_NYG,WAS,-13.899815949538423,3.4178977117270994,0.010430023074150085,-10.471488214737175,2019,NYG
2019_05_ARI_CIN,ARI,8.482347252675623,-8.109605877758328,-0.12428956478834152,0.24845181012895345,2019,CIN
2019_05_ARI_CIN,CIN,8.109605877758328,-8.482347252675623,0.1432189643383026,-0.22952241057899236,2019,ARI
2019_05_ATL_HOU,ATL,12.217665566980319,-32.28335578050474,0.5036639347672462,-19.562026278757177,2019,HOU
2019_05_ATL_HOU,HOU,32.28335578050474,-12.217665566980319,-0.31322623789310455,19.75246397563132,2019,ATL
2019_05_BAL_PIT,BAL,0.7778076277313493,-0.42766386392958133,0.06751991808414459,0.4176636818859125,2019,PIT
2019_05_BAL_PIT,PIT,0.42766386392958133,-0.7778076277313493,0.19264692068099976,-0.15749684312076817,2019,BAL
2019_05_BUF_TEN,BUF,-8.52538825088783,10.52828006919306,0.0038289763033390045,2.0067207946085706,2019,TEN
2019_05_BUF_TEN,TEN,-10.52828006919306,8.52538825088783,-0.19899334758520126,-2.201885165890433,2019,BUF
2019_05_CHI_OAK,CHI,1.6578990390450894,-3.0589448212738013,0.05332441534847021,-1.3477213668802417,2019,LV
2019_05_CHI_OAK,LV,3.0589448212738013,-1.6578990390450894,0.1712053120136261,1.572251094242338,2019,CHI
2019_05_CLE_SF,CLE,-12.18920366341105,-3.362763868146172,-0.22709303814917803,-15.779060569706399,2019,SF
2019_05_CLE_SF,SF,3.362763868146172,12.18920366341105,-0.15559178590774536,15.396375745649475,2019,CLE
2019_05_DEN_LAC,DEN,-0.4588122643742849,16.427450873921096,-0.1866338849067688,15.782004724640043,2019,LAC
2019_05_DEN_LAC,LAC,-16.427450873921096,0.4588122643742849,0.5939816385507584,-15.374656970996053,2019,DEN
2019_05_GB_DAL,DAL,6.22153468571687,-9.253802288182397,-0.0015932321548461914,-3.0338608346203735,2019,GB
2019_05_GB_DAL,GB,9.253802288182397,-6.22153468571687,-0.16121013462543488,2.8710574678400924,2019,DAL
2019_05_IND_KC,IND,1.9512375396920143,2.401040363048039,-0.1841442510485649,4.168133651691488,2019,KC
2019_05_IND_KC,KC,-2.401040363048039,-1.9512375396920143,-0.10917975008487701,-4.46145765282493,2019,IND
2019_05_JAX_CAR,CAR,5.801943943755497,-5.908059298417425,-0.2178291603922844,-0.32394451505421173,2019,JAX
2019_05_JAX_CAR,JAX,5.908059298417425,-5.801943943755497,0.23222988843917847,0.3383452431011058,2019,CAR
2019_05_LA_SEA,LA,8.258989801660222,-11.105629463504712,-0.09386226534843445,-2.9405019271929245,2019,SEA
2019_05_LA_SEA,SEA,11.105629463504712,-8.258989801660222,-0.09419359266757965,2.7524460691769104,2019,LA
2019_05_MIN_NYG,MIN,11.489413579474697,4.360643275870334,-0.6489834319800138,15.201073423365017,2019,NYG
2019_05_MIN_NYG,NYG,-4.360643275870334,-11.489413579474697,-0.01088130846619606,-15.860938163811227,2019,MIN
2019_05_NE_WAS,NE,6.635172185679402,12.39848906836964,0.09158804267644882,19.125249296725492,2019,WAS
2019_05_NE_WAS,WAS,-12.39848906836964,-6.635172185679402,-0.4561535157263279,-19.48981476977537,2019,NE
2019_05_NYJ_PHI,NYJ,-13.862976307008681,2.5188885566357193,0.384893249720335,-10.959194500652627,2019,PHI
2019_05_NYJ_PHI,PHI,-2.5188885566357193,13.862976307008681,0.00010405480861663818,11.344191805181579,2019,NYJ
2019_05_TB_NO,NO,13.744143746999502,-5.505575994066889,-0.05948343873023987,8.179084314202374,2019,TB
2019_05_TB_NO,TB,5.505575994066889,-13.744143746999502,-0.06884020566940308,-8.307407958602017,2019,NO
2019_06_ATL_ARI,ARI,16.069194445575548,-18.74562388641283,-0.0011832267045974731,-2.6776126675418794,2019,ATL
2019_06_ATL_ARI,ATL,18.74562388641283,-16.069194445575548,0.07724429666996002,2.753673737507242,2019,ARI
2019_06_CAR_TB,CAR,-1.14088899947566,2.242387391895164,0.8339930176734924,1.9354914100929963,2019,TB
2019_06_CAR_TB,TB,-2.242387391895164,1.14088899947566,-0.08439993858337402,-1.185898331002878,2019,CAR
2019_06_CIN_BAL,BAL,7.895638372563123,4.94662740540498,-0.22359923273324966,12.618666545234854,2019,CIN
2019_06_CIN_BAL,CIN,-4.94662740540498,-7.895638372563123,0.08584852516651154,-12.756417252801592,2019,BAL
2019_06_DAL_NYJ,DAL,6.732989732079312,-10.052829108719104,0.04535903222858906,-3.274480344411203,2019,NYJ
2019_06_DAL_NYJ,NYJ,10.052829108719104,-6.732989732079312,-0.3100394234061241,3.009799953233668,2019,DAL
2019_06_DET_GB,DET,-0.05318867697583873,-7.071737378096186,0.10841791331768036,-7.016508141754344,2019,GB
2019_06_DET_GB,GB,7.071737378096186,0.05318867697583873,-0.12709683179855347,6.997829223273471,2019,DET
2019_06_HOU_KC,HOU,10.271642627789117,-7.053767993119587,0.20475666224956512,3.4226312969190946,2019,KC
2019_06_HOU_KC,KC,7.053767993119587,-10.271642627789117,-0.2262202687561512,-3.4440949034256807,2019,HOU
2019_06_NO_JAX,JAX,-8.486947291431271,7.129572814026011,-0.39507438987493515,-1.7524488672801954,2019,NO
2019_06_NO_JAX,NO,-7.129572814026011,8.486947291431271,0.13729634881019592,1.4946708262154562,2019,JAX
2019_06_NYG_NE,NE,-2.276522926422526,12.645545602469074,-0.18521009385585785,10.18381258219069,2019,NYG
2019_06_NYG_NE,NYG,-12.645545602469074,2.276522926422526,0.04484096169471741,-10.32418171435183,2019,NE
2019_06_PHI_MIN,MIN,15.07324644703534,-9.859706941379828,0.1357422024011612,5.349281708056672,2019,PHI
2019_06_PHI_MIN,PHI,9.859706941379828,-15.07324644703534,-0.11697912216186523,-5.330518627817376,2019,MIN
2019_06_PIT_LAC,LAC,4.362899564271014,5.4294063141032325,-0.21436124667525291,9.577944631698994,2019,PIT
2019_06_PIT_LAC,PIT,-5.4294063141032325,-4.362899564271014,0.22283470630645752,-9.56947117206779,2019,LAC
2019_06_SEA_CLE,CLE,3.0873850751074934,-9.78675569416384,0.4417659118771553,-6.257604707179192,2019,SEA
2019_06_SEA_CLE,SEA,9.78675569416384,-3.0873850751074934,0.06090448796749115,6.760275107023839,2019,CLE
2019_06_SF_LA,LA,-11.742991484009591,5.586064344372454,0.2974987328052521,-5.859428406831886,2019,SF
2019_06_SF_LA,SF,-5.586064344372454,11.742991484009591,0.32489798218011856,6.4818251218172565,2019,LA
2019_06_TEN_DEN,DEN,-5.20553122267451,22.341081333146114,-0.602821446955204,16.5327286635164,2019,TEN
2019_06_TEN_DEN,TEN,-22.341081333146114,5.20553122267451,0.2613094747066498,-16.874240635764956,2019,DEN
2019_06_WAS_MIA,MIA,-5.49149186426443,5.269797689818277,0.4302781671285629,0.20858399268241,2019,WAS
2019_06_WAS_MIA,WAS,-5.269797689818277,5.49149186426443,-0.09247325360774994,0.12922092083840298,2019,MIA
2019_07_ARI_NYG,ARI,5.421432599218642,2.597564381127955,0.063714399933815,8.082711380280411,2019,NYG
2019_07_ARI_NYG,NYG,-2.597564381127955,-5.421432599218642,0.05864936113357544,-7.960347619213021,2019,ARI
2019_07_BAL_SEA,BAL,2.7041682476286963,2.117186537286393,-0.10529476404190063,4.716060020873188,2019,SEA
2019_07_BAL_SEA,SEA,-2.117186537286393,-2.7041682476286963,0.17946887016296387,-4.641885914752125,2019,BAL
2019_07_HOU_IND,HOU,0.6619933062414911,-11.125742196225794,0.7813719362020493,-9.682376953782253,2019,IND
2019_07_HOU_IND,IND,11.125742196225794,-0.6619933062414911,-0.34413790702819824,10.119610982956104,2019,HOU
2019_07_JAX_CIN,CIN,-5.326931442362575,2.4205724717948263,-0.04430868849158287,-2.9506676590593317,2019,JAX
2019_07_JAX_CIN,JAX,-2.4205724717948263,5.326931442362575,-0.3028310164809227,2.603527954086826,2019,CIN
2019_07_KC_DEN,DEN,-8.525094800111699,1.0124256841453578,-0.30578994005918503,-7.818459056025526,2019,KC
2019_07_KC_DEN,KC,-1.0124256841453578,8.525094800111699,0.5588329136371613,8.071502029603502,2019,DEN
2019_07_LAC_TEN,LAC,5.748931941519199,-10.019846251303436,-0.2335537225008011,-4.504468032285038,2019,TEN
2019_07_LAC_TEN,TEN,10.019846251303436,-5.748931941519199,0.017040029168128967,4.287954338952366,2019,LAC
2019_07_LA_ATL,ATL,-4.9469766641189175,-18.49425263054686,0.027577899396419525,-23.41365139526936,2019,LA
2019_07_LA_ATL,LA,18.49425263054686,4.9469766641189175,-0.13948684185743332,23.301742452808345,2019,ATL
2019_07_MIA_BUF,BUF,6.75519561403825,-5.425105101685809,-0.0048727840185165405,1.3252177283339241,2019,MIA
2019_07_MIA_BUF,MIA,5.425105101685809,-6.75519561403825,-0.22407772950828075,-1.5541682418607214,2019,BUF
2019_07_MIN_DET,DET,14.613327360218737,-25.54187497148176,0.052237436175346375,-10.876310175087678,2019,MIN
2019_07_MIN_DET,MIN,25.54187497148176,-14.613327360218737,0.09791038930416107,11.026458000567185,2019,DET
2019_07_NE_NYJ,NE,6.065874576699801,14.79878525784794,-0.14724971912801266,20.717410115419728,2019,NYJ
2019_07_NE_NYJ,NYJ,-14.79878525784794,-6.065874576699801,0.04641382768750191,-20.81824600686024,2019,NE
2019_07_NO_CHI,CHI,-2.646128530685629,-2.5412337809683683,-0.16172779351472855,-5.349090105168726,2019,NO
2019_07_NO_CHI,NO,2.5412337809683683,2.646128530685629,0.590415708720684,5.777778020374681,2019,CHI
2019_07_OAK_GB,GB,30.060889656401017,-10.217035491215771,-0.7802723795175552,19.06358178566769,2019,LV
2019_07_OAK_GB,LV,10.217035491215771,-30.060889656401017,0.38642367720603943,-19.457430487979206,2019,GB
2019_07_PHI_DAL,DAL,11.250356687736922,2.3211351329397623,0.040257152169942856,13.611748972846627,2019,PHI
2019_07_PHI_DAL,PHI,-2.3211351329397623,-11.250356687736922,-0.4403964802622795,-14.011888300938963,2019,DAL
2019_07_SF_WAS,SF,-6.696415479530831,11.962611567047501,-0.10029733180999756,5.165898755706673,2019,WAS
2019_07_SF_WAS,WAS,-11.962611567047501,6.696415479530831,-0.424501015804708,-5.690697103321378,2019,SF
2019_08_ARI_NO,ARI,-7.963021200393196,-8.655439097053478,0.2265726625919342,-16.39188763485474,2019,NO
2019_08_ARI_NO,NO,8.655439097053478,7.963021200393196,0.09147355705499649,16.70993385450167,2019,ARI
2019_08_CAR_SF,CAR,-10.727134396797677,-17.414920922368257,0.24909977614879608,-27.892955543017138,2019,SF
2019_08_CAR_SF,SF,17.414920922368257,10.727134396797677,0.9615819379687309,29.103637257134665,2019,CAR
2019_08_CIN_LA,CIN,-3.4822806383619183,-11.144400518654512,0.03442579507827759,-14.592255361938154,2019,LA
2019_08_CIN_LA,LA,11.144400518654512,3.4822806383619183,-0.4632118958979845,14.163469261118447,2019,CIN
2019_08_CLE_NE,CLE,-7.436955987977302,4.361400976401457,0.10408851504325867,-2.971466496532586,2019,NE
2019_08_CLE_NE,NE,-4.361400976401457,7.436955987977302,0.35475611686706543,3.43031112844291,2019,CLE
2019_08_DEN_IND,DEN,-4.936988500934341,1.7465621982018598,-0.3922387845814228,-3.5826650873139037,2019,IND
2019_08_DEN_IND,IND,-1.7465621982018598,4.936988500934341,-0.24636658281087875,2.944059719921602,2019,DEN
2019_08_GB_KC,GB,12.00195885402968,-6.171385704920082,-0.018867127597332,5.811706021512267,2019,KC
2019_08_GB_KC,KC,6.171385704920082,-12.00195885402968,0.3533409982919693,-5.477232150817629,2019,GB
2019_08_LAC_CHI,CHI,-6.042656590484417,2.7194896601431218,0.18363148719072342,-3.1395354431505718,2019,LAC
2019_08_LAC_CHI,LAC,-2.7194896601431218,6.042656590484417,0.11741911619901657,3.4405860465403117,2019,CHI
2019_08_MIA_PIT,MIA,-8.108487855044459,-6.619202175738975,0.34630563855171204,-14.381384392231721,2019,PIT
2019_08_MIA_PIT,PIT,6.619202175738975,8.108487855044459,-0.3185122609138489,14.409177769869585,2019,MIA
2019_08_NYG_DET,DET,8.042390317455025,-10.304507590204327,-0.08692418038845062,-2.349041453137753,2019,NYG
2019_08_NYG_DET,NYG,10.304507590204327,-8.042390317455025,0.087435994297266,2.349553267046568,2019,DET
2019_08_NYJ_JAX,JAX,6.575782770468971,4.738279025096937,0.0848732739686966,11.398935069534605,2019,NYJ
2019_08_NYJ_JAX,NYJ,-4.738279025096937,-6.575782770468971,-0.08651205152273178,-11.40057384708864,2019,JAX
2019_08_OAK_HOU,HOU,10.541737825729804,-7.7419629157734375,-0.17550593800842762,2.624268971947939,2019,LV
2019_08_OAK_HOU,LV,7.7419629157734375,-10.541737825729804,-0.1626269742846489,-2.9624018842410154,2019,HOU
2019_08_PHI_BUF,BUF,-5.46901879874167,-10.258691820151732,-0.408733855932951,-16.136444474826355,2019,PHI
2019_08_PHI_BUF,PHI,10.258691820151732,5.46901879874167,0.25307032465934753,15.98078094355275,2019,BUF
2019_08_SEA_ATL,ATL,6.479817988087897,-10.519958050807732,-0.10859794914722443,-4.148738011867059,2019,SEA
2019_08_SEA_ATL,SEA,10.519958050807732,-6.479817988087897,-0.26564089953899384,3.774499163180841,2019,ATL
2019_08_TB_TEN,TB,2.159726715765194,-1.0110424293797324,-0.09448262304067612,1.0542016633447853,2019,TEN
2019_08_TB_TEN,TEN,1.0110424293797324,-2.159726715765194,0.2636255472898483,-0.8850587390956131,2019,TB
2019_08_WAS_MIN,MIN,3.2986616280123724,5.382795876441293,-0.12912606447935104,8.552331439974314,2019,WAS
2019_08_WAS_MIN,WAS,-5.382795876441293,-3.2986616280123724,-0.13085389137268066,-8.812311395826345,2019,MIN
2019_09_CHI_PHI,CHI,-3.0205293631627597,-5.625044137743987,0.3742636553943157,-8.27130984551243,2019,PHI
2019_09_CHI_PHI,PHI,5.625044137743987,3.0205293631627597,-0.3182074874639511,8.327366013442795,2019,CHI
2019_09_CLE_DEN,CLE,-1.8353758880164461,-6.6155263079283,0.4948601871728897,-7.956042008771856,2019,DEN
2019_09_CLE_DEN,DEN,6.6155263079283,1.8353758880164461,-0.39966801926493645,8.05123417667981,2019,CLE
2019_09_DAL_NYG,DAL,8.585839479559802,3.273347177303301,-0.1128169596195221,11.74636969724358,2019,NYG
2019_09_DAL_NYG,NYG,-3.273347177303301,-8.585839479559802,0.26462970674037933,-11.594556950122723,2019,DAL
2019_09_DET_OAK,DET,7.492259150950462,-14.568205575720299,-0.06844299286603928,-7.144389417635876,2019,LV
2019_09_DET_OAK,LV,14.568205575720299,-7.492259150950462,-0.3611517548561096,6.7147946699137275,2019,DET
2019_09_GB_LAC,GB,-2.24467948224103,-10.429322049659698,0.10769723355770111,-12.566304298343027,2019,LAC
2019_09_GB_LAC,LAC,10.429322049659698,2.24467948224103,0.11304371058940887,12.787045242490137,2019,GB
2019_09_HOU_JAX,HOU,7.394161055112958,12.127563374326732,-0.04102605581283569,19.480698373626854,2019,JAX
2019_09_HOU_JAX,JAX,-12.127563374326732,-7.394161055112958,-0.14150533452630043,-19.66322976396599,2019,HOU
2019_09_IND_PIT,IND,3.5004513013270433,0.01268965242206499,0.007574655115604401,3.5207156088647125,2019,PIT
2019_09_IND_PIT,PIT,-0.01268965242206499,-3.5004513013270433,-0.10418426990509033,-3.6173252236541984,2019,IND
2019_09_MIN_KC,KC,6.307351452731894,-1.7974034820105136,0.061129361391067505,4.5710773321124485,2019,MIN
2019_09_MIN_KC,MIN,1.7974034820105136,-6.307351452731894,-0.009539812803268433,-4.519487783524649,2019,KC
2019_09_NE_BAL,BAL,17.221773231464255,3.716023023478857,-0.16129541397094727,20.776500840972165,2019,NE
2019_09_NE_BAL,NE,-3.716023023478857,-17.221773231464255,0.7151520699262619,-20.22264418501685,2019,BAL
2019_09_NYJ_MIA,MIA,5.434804610101247,3.193194471293154,-0.04563729278743267,8.582361788606967,2019,NYJ
2019_09_NYJ_MIA,NYJ,-3.193194471293154,-5.434804610101247,0.4433094412088394,-8.18468964018556,2019,MIA
2019_09_SF_ARI,ARI,9.757648692215964,-9.616949086008725,-0.07776886224746704,0.06293074395977172,2019,SF
2019_09_SF_ARI,SF,9.616949086008725,-9.757648692215964,0.11987727880477905,-0.020822327402459706,2019,ARI
2019_09_TB_SEA,SEA,17.319313828278375,-11.385886909983705,0.10192014276981354,6.035347061064483,2019,TB
2019_09_TB_SEA,TB,11.385886909983705,-17.319313828278375,-0.05041735619306564,-5.983844274487735,2019,SEA
2019_09_TEN_CAR,CAR,6.025918193140495,-2.4649937970635816,0.28570710122585297,3.846631497302766,2019,TEN
2019_09_TEN_CAR,TEN,2.4649937970635816,-6.025918193140495,-0.08404134213924408,-3.644965738216157,2019,CAR
2019_09_WAS_BUF,BUF,6.170437706793118,5.813886152536239,0.39041653275489807,12.374740392084256,2019,WAS
2019_09_WAS_BUF,WAS,-5.813886152536239,-6.170437706793118,0.16329655051231384,-11.821027308817044,2019,BUF
2019_10_ARI_TB,ARI,2.671518687684334,-10.704586236355581,0.17197516560554504,-7.861092383065703,2019,TB
2019_10_ARI_TB,TB,10.704586236355581,-2.671518687684334,-0.4187922850251198,7.614275263646128,2019,ARI
2019_10_ATL_NO,ATL,6.204740393579912,7.3484903031965,0.2671326547861099,13.820363351562522,2019,NO
2019_10_ATL_NO,NO,-7.3484903031965,-6.204740393579912,-0.022412285208702087,-13.575642981985114,2019,ATL
2019_10_BAL_CIN,BAL,22.73795482903003,-0.2030946030661568,-0.4900095444172621,22.044850681546613,2019,CIN
2019_10_BAL_CIN,CIN,0.2030946030661568,-22.73795482903003,0.009933233261108398,-22.524926992702767,2019,BAL
2019_10_BUF_CLE,BUF,-3.0474873608164668,-4.288532414020974,-0.07819710671901703,-7.414216881556458,2019,CLE
2019_10_BUF_CLE,CLE,4.288532414020974,3.0474873608164668,-0.26569968182593584,7.070320093011505,2019,BUF
2019_10_CAR_GB,CAR,0.5384208941707225,-7.323553861608708,0.24378500878810883,-6.541347958649877,2019,GB
2019_10_CAR_GB,GB,7.323553861608708,-0.5384208941707225,-0.20772258937358856,6.577410378064397,2019,CAR
2019_10_DET_CHI,CHI,-0.49736937543025594,9.126458413324652,-0.08035795390605927,8.548731083988336,2019,DET
2019_10_DET_CHI,DET,-9.126458413324652,0.49736937543025594,0.21194920875132084,-8.417139829143075,2019,CHI
2019_10_KC_TEN,KC,12.700648542569231,-12.920203010130225,-0.46852842532098293,-0.688082892881976,2019,TEN
2019_10_KC_TEN,TEN,12.920203010130225,-12.700648542569231,-0.10724355839192867,0.11231090916906439,2019,KC
2019_10_LAC_OAK,LAC,7.480055254237947,-0.9723258603785443,-0.32727317698299885,6.180456216876404,2019,LV
2019_10_LAC_OAK,LV,0.9723258603785443,-7.480055254237947,0.025630705058574677,-6.4820986888008285,2019,LAC
2019_10_LA_PIT,LA,-18.442475320585153,15.127007807105509,-0.46618081629276276,-3.7816483297724073,2019,PIT
2019_10_LA_PIT,PIT,-15.127007807105509,18.442475320585153,-0.2310042381286621,3.0844632753509824,2019,LA
2019_10_MIA_IND,IND,-12.539691242505112,10.98865711457654,0.31077204644680023,-1.240262081481772,2019,MIA
2019_10_MIA_IND,MIA,-10.98865711457654,12.539691242505112,0.32986313104629517,1.8808972589748674,2019,IND
2019_10_MIN_DAL,DAL,10.172469897672146,-11.505367067998426,0.016507048159837723,-1.3163901221664425,2019,MIN
2019_10_MIN_DAL,MIN,11.505367067998426,-10.172469897672146,-0.20594549551606178,1.1269516748102184,2019,DAL
2019_10_NYG_NYJ,NYG,7.419205678542194,-5.7915821456825345,-0.23146659135818481,1.3961569415014745,2019,NYJ
2019_10_NYG_NYJ,NYJ,5.7915821456825345,-7.419205678542194,0.1626325100660324,-1.464991022793627,2019,NYG
2019_10_SEA_SF,SEA,-13.54127347299277,9.787474646376761,0.47243838012218475,-3.2813604464938244,2019,SF
2019_10_SEA_SF,SF,-9.787474646376761,13.54127347299277,-0.5290115308016539,3.2247872958143553,2019,SEA
2019_11_ARI_SF,ARI,9.962219932194692,-9.55701485732563,-0.5067811775952578,-0.10157610272619522,2019,SF
2019_11_ARI_SF,SF,9.55701485732563,-9.962219932194692,0.2181984931230545,-0.18700658174600804,2019,ARI
2019_11_ATL_CAR,ATL,2.963811400896828,8.677492345019772,0.11164350807666779,11.752947253993268,2019,CAR
2019_11_ATL_CAR,CAR,-8.677492345019772,-2.963811400896828,-0.6046081706881523,-12.245911916604753,2019,ATL
2019_11_BUF_MIA,BUF,15.02087993667328,5.804708975286569,-0.2210630550980568,20.60452585686179,2019,MIA
2019_11_BUF_MIA,MIA,-5.804708975286569,-15.02087993667328,0.4334568902850151,-20.392132021674833,2019,BUF
2019_11_CHI_LA,CHI,-14.556358271664553,6.5213886964507175,-0.12807723879814148,-8.163046814011977,2019,LA
2019_11_CHI_LA,LA,-6.5213886964507175,14.556358271664553,-0.10251963883638382,7.932449936377452,2019,CHI
2019_11_CIN_OAK,CIN,-9.234166581247685,2.187004755255317,-0.11877956986427307,-7.165941395856641,2019,LV
2019_11_CIN_OAK,LV,-2.187004755255317,9.234166581247685,0.005567997694015503,7.052729823686383,2019,CIN
2019_11_DAL_DET,DAL,18.18548196286547,-8.002965721193421,-0.4484785199165344,9.734037721755515,2019,DET
2019_11_DAL_DET,DET,8.002965721193421,-18.18548196286547,0.27725717425346375,-9.905259067418585,2019,DAL
2019_11_DEN_MIN,DEN,0.6853029770740664,-10.993224998728802,0.1784871518611908,-10.129434869793545,2019,MIN
2019_11_DEN_MIN,MIN,10.993224998728802,-0.6853029770740664,-0.007124617695808411,10.300797403958928,2019,DEN
2019_11_HOU_BAL,BAL,20.62092197174792,7.8954475329991025,0.029303036630153656,28.545672541377176,2019,HOU
2019_11_HOU_BAL,HOU,-7.8954475329991025,-20.62092197174792,0.13228605687618256,-28.38408344787084,2019,BAL
2019_11_JAX_IND,IND,14.931574177103903,6.291276914203517,-0.42378247529268265,20.799068616014736,2019,JAX
2019_11_JAX_IND,JAX,-6.291276914203517,-14.931574177103903,0.1020620558410883,-21.12078903546633,2019,IND
2019_11_KC_LAC,KC,0.7874997708843658,2.6075778367474376,0.16385239362716675,3.55893000125897,2019,LAC
2019_11_KC_LAC,LAC,-2.6075778367474376,-0.7874997708843658,-0.02968558669090271,-3.424763194322706,2019,KC
2019_11_NE_PHI,NE,-8.156180190645753,9.21921649723033,0.3293999880552292,1.392436294639806,2019,PHI
2019_11_NE_PHI,PHI,-9.21921649723033,8.156180190645753,-0.35755239240825176,-1.4205886989928285,2019,NE
2019_11_NO_TB,NO,8.649875247580942,-2.2019071433592896,0.050791144371032715,6.498759248592686,2019,TB
2019_11_NO_TB,TB,2.2019071433592896,-8.649875247580942,0.06600514054298401,-6.381962963678669,2019,NO
2019_11_NYJ_WAS,NYJ,12.256082604338205,3.7266120373981373,0.3147074952721596,16.297402137008504,2019,WAS
2019_11_NYJ_WAS,WAS,-3.7266120373981373,-12.256082604338205,0.23370388615876436,-15.748990755577578,2019,NYJ
2019_11_PIT_CLE,CLE,-11.164242413834772,12.311635743950925,0.4208944533020258,1.568287783418178,2019,PIT
2019_11_PIT_CLE,PIT,-12.311635743950925,11.164242413834772,-0.09056513011455536,-1.2379584602307077,2019,CLE
2019_12_BAL_LA,BAL,27.42651355139101,4.4457121376272495,0.3461185432970524,32.21834423231532,2019,LA
2019_12_BAL_LA,LA,-4.4457121376272495,-27.42651355139101,-0.00042526423931121826,-31.872650953257573,2019,BAL
2019_12_CAR_NO,CAR,14.938234536930466,-10.875548782279141,0.19608479738235474,4.258770552033679,2019,NO
2019_12_CAR_NO,NO,10.875548782279141,-14.938234536930466,0.28673312067985535,-3.7759526339714693,2019,CAR
2019_12_DAL_NE,DAL,-8.354738473257601,16.036587532252362,-0.29559858329594135,7.386250475698819,2019,NE
2019_12_DAL_NE,NE,-16.036587532252362,8.354738473257601,0.7838105410337448,-6.898038517961016,2019,DAL
2019_12_DEN_BUF,BUF,-1.4557857877240936,13.74488715779537,0.07727609761059284,12.366377467681868,2019,DEN
2019_12_DEN_BUF,DEN,-13.74488715779537,1.4557857877240936,0.11546190083026886,-12.173639469241007,2019,BUF
2019_12_DET_WAS,DET,-7.152807136218153,7.6135373166715645,-0.2701970189809799,0.19053316147243127,2019,WAS
2019_12_DET_WAS,WAS,-7.6135373166715645,7.152807136218153,-0.4315453767776489,-0.8922755572310601,2019,DET
2019_12_GB_SF,GB,-8.812323941895357,-13.608710250912306,6.978213787078857e-05,-22.420964410669793,2019,SF
2019_12_GB_SF,SF,13.608710250912306,8.812323941895357,0.30983107537031174,22.730865268177975,2019,GB
2019_12_IND_HOU,HOU,6.031654637080574,-1.3275366979852847,-0.12305210530757904,4.58106583378771,2019,IND
2019_12_IND_HOU,IND,1.3275366979852847,-6.031654637080574,-0.16652366518974304,-4.870641604285032,2019,HOU
2019_12_JAX_TEN,JAX,7.952837019082356,-21.6960850419847,-0.4013102538883686,-14.144558276790711,2019,TEN
2019_12_JAX_TEN,TEN,21.6960850419847,-7.952837019082356,0.33048728108406067,14.073735303986403,2019,JAX
2019_12_MIA_CLE,CLE,20.738340068857863,-6.745165963162981,0.01833648979663849,14.01151059549152,2019,MIA
2019_12_MIA_CLE,MIA,6.745165963162981,-20.738340068857863,0.36845749244093895,-13.624716613253943,2019,CLE
2019_12_NYG_CHI,CHI,-3.8171562641919223,11.880292613532173,0.33562928438186646,8.398765633722117,2019,NYG
2019_12_NYG_CHI,NYG,-11.880292613532173,3.8171562641919223,0.6180571019649506,-7.4450792473753005,2019,CHI
2019_12_OAK_NYJ,LV,-14.808024869961706,-8.749389675002579,-0.05201809108257294,-23.609432636046858,2019,NYJ
2019_12_OAK_NYJ,NYJ,8.749389675002579,14.808024869961706,0.03775067627429962,23.595165221238585,2019,LV
2019_12_PIT_CIN,CIN,-11.4653860558945,8.25804760622325,-0.21864092350006104,-3.4259793731713106,2019,PIT
2019_12_PIT_CIN,PIT,-8.25804760622325,11.4653860558945,-0.15132452547550201,3.0560139241957476,2019,CIN
2019_12_SEA_PHI,PHI,-11.137336312773213,4.721795524669004,0.024047479033470154,-6.391493309070738,2019,SEA
2019_12_SEA_PHI,SEA,-4.721795524669004,11.137336312773213,-0.6890783309936523,5.726462457110556,2019,PHI
2019_12_TB_ATL,ATL,-0.7221200501725233,-12.266254706635513,0.43882966786623,-12.549545088941805,2019,TB
2019_12_TB_ATL,TB,12.266254706635513,0.7221200501725233,-0.24724093079566956,12.741133826012366,2019,ATL
2019_13_BUF_DAL,BUF,7.120886103690779,2.167337448259442,-0.16654305160045624,9.121680500349765,2019,DAL
2019_13_BUF_DAL,DAL,-2.167337448259442,-7.120886103690779,0.15055762231349945,-9.137665929636722,2019,BUF
2019_13_CHI_DET,CHI,7.806289954534494,-0.2571926737139072,0.1122153103351593,7.661312591155745,2019,DET
2019_13_CHI_DET,DET,0.2571926737139072,-7.806289954534494,0.0041868723928928375,-7.544910408427693,2019,CHI
2019_13_CLE_PIT,CLE,-3.9977198378404974,-2.7437511353451285,-0.07683294638991356,-6.8183039195755395,2019,PIT
2019_13_CLE_PIT,PIT,2.7437511353451285,3.9977198378404974,0.10487830638885498,6.846349279574481,2019,CLE
2019_13_GB_NYG,GB,13.713908216607251,-0.7185049063774861,-0.2210460752248764,12.774357235004889,2019,NYG
2019_13_GB_NYG,NYG,0.7185049063774861,-13.713908216607251,-0.16323190554976463,-13.15863521577953,2019,GB
2019_13_LAC_DEN,DEN,-4.149480027760092,-2.234575207009711,0.37994835898280144,-6.004106875787001,2019,LAC
2019_13_LAC_DEN,LAC,2.234575207009711,4.149480027760092,0.09806820750236511,6.482123442272168,2019,DEN
2019_13_LA_ARI,ARI,-9.169164013848402,-9.271734975444744,-0.2515639364719391,-18.692462925765085,2019,LA
2019_13_LA_ARI,LA,9.271734975444744,9.169164013848402,-0.3568609729409218,18.084038016352224,2019,ARI
2019_13_MIN_SEA,MIN,5.943286517585556,-11.658141753979349,-0.1507120057940483,-5.865567242187841,2019,SEA
2019_13_MIN_SEA,SEA,11.658141753979349,-5.943286517585556,0.26299533247947693,5.9778505688732695,2019,MIN
2019_13_NE_HOU,HOU,9.47557205006457,-8.843770469776253,0.17094318568706512,0.8027447659753832,2019,NE
2019_13_NE_HOU,NE,8.843770469776253,-9.47557205006457,-0.08058582991361618,-0.7123874102019343,2019,HOU
2019_13_NO_ATL,ATL,-3.16701739259115,-2.426115391827649,0.4122859388589859,-5.180846845559813,2019,NO
2019_13_NO_ATL,NO,2.426115391827649,3.16701739259115,0.17999042570590973,5.773123210124709,2019,ATL
2019_13_NYJ_CIN,CIN,-2.0449789552096105,9.393138545675026,0.49100688099861145,7.839166471464027,2019,NYJ
2019_13_NYJ_CIN,NYJ,-9.393138545675026,2.0449789552096105,-0.1331430748105049,-7.48130266527592,2019,CIN
2019_13_OAK_KC,KC,10.751766964944423,1.8922918831983058,0.3926980346441269,13.036756882786856,2019,LV
2019_13_OAK_KC,LV,-1.8922918831983058,-10.751766964944423,0.1390009969472885,-12.50505785119544,2019,KC
2019_13_PHI_MIA,MIA,19.555995195723316,-6.742120433161021,0.10580425709486008,12.919679019657156,2019,PHI
2019_13_PHI_MIA,PHI,6.742120433161021,-19.555995195723316,0.5063729993999004,-12.307501763162396,2019,MIA
2019_13_SF_BAL,BAL,2.8543062503979733,-3.9232323366339985,0.23262335360050201,-0.8363027326355232,2019,SF
2019_13_SF_BAL,SF,3.9232323366339985,-2.8543062503979733,-0.2620878964662552,0.8068381897697701,2019,BAL
2019_13_TB_JAX,JAX,-6.1275210440606855,-2.823811069638021,0.0811709426343441,-8.870161171064362,2019,TB
2019_13_TB_JAX,TB,2.823811069638021,6.1275210440606855,-0.6896580569446087,8.261674056754098,2019,JAX
2019_13_TEN_IND,IND,-5.602633394269915,1.170282123408625,0.05489012598991394,-4.3774611448713765,2019,TEN
2019_13_TEN_IND,TEN,-1.170282123408625,5.602633394269915,0.1043802797794342,4.536731550640725,2019,IND
2019_13_WAS_CAR,CAR,2.415231622313824,-8.230251129257724,0.29228077828884125,-5.522738728655058,2019,WAS
2019_13_WAS_CAR,WAS,8.230251129257724,-2.415231622313824,0.9112354516983032,6.726254958642203,2019,CAR
2019_14_BAL_BUF,BAL,-1.7750519016000499,8.17079188107364,0.12302420288324356,6.518764182356834,2019,BUF
2019_14_BAL_BUF,BUF,-8.17079188107364,1.7750519016000499,0.4193755090236664,-5.976364470449924,2019,BAL
2019_14_CAR_ATL,ATL,9.156590827091836,-5.059911073501503,0.32105571031570435,4.4177354639060376,2019,CAR
2019_14_CAR_ATL,CAR,5.059911073501503,-9.156590827091836,-0.08747830986976624,-4.184158063460099,2019,ATL
2019_14_CIN_CLE,CIN,1.7851905033780522,-6.764471722140203,-0.3404543772339821,-5.319735595996133,2019,CLE
2019_14_CIN_CLE,CLE,6.764471722140203,-1.7851905033780522,-0.1523943543434143,4.826886864418737,2019,CIN
2019_14_DAL_CHI,CHI,8.05948685966215,-7.096651547354278,0.37358398735523224,1.3364192996631035,2019,DAL
2019_14_DAL_CHI,DAL,7.096651547354278,-8.05948685966215,-0.25334493815898895,-1.2161802504668602,2019,CHI
2019_14_DEN_HOU,DEN,15.420962625884762,-10.316588658799203,0.04422110319137573,5.148595070276935,2019,HOU
2019_14_DEN_HOU,HOU,10.316588658799203,-15.420962625884762,-0.13570742681622505,-5.240081393901784,2019,DEN
2019_14_DET_MIN,DET,-9.451426085114706,0.4209028916005142,-0.13831645157188177,-9.168839645086074,2019,MIN
2019_14_DET_MIN,MIN,-0.4209028916005142,9.451426085114706,-0.06765356659889221,8.9628696269153,2019,DET
2019_14_IND_TB,IND,0.7246514771147199,-15.630925127227735,0.26828379184007645,-14.637989858272938,2019,TB
2019_14_IND_TB,TB,15.630925127227735,-0.7246514771147199,-0.1153113842010498,14.790962265911965,2019,IND
2019_14_KC_NE,KC,1.26669915401233,8.00842403126577,0.15030964463949203,9.425432829917593,2019,NE
2019_14_KC_NE,NE,-8.00842403126577,-1.26669915401233,0.5263196378946304,-8.74880354738347,2019,KC
2019_14_LAC_JAX,JAX,-2.0511602562869182,-28.15395626563037,-0.15816280245780945,-30.3632793243751,2019,LAC
2019_14_LAC_JAX,LAC,28.15395626563037,2.0511602562869182,-0.16868660598993301,30.036429915927357,2019,JAX
2019_14_MIA_NYJ,MIA,2.2942294489598414,-4.232310520913906,-0.032310426235198975,-1.9703914981892634,2019,NYJ
2019_14_MIA_NYJ,NYJ,4.232310520913906,-2.2942294489598414,-0.046876028180122375,1.891205043773942,2019,MIA
2019_14_NYG_PHI,NYG,-5.57237611286834,-0.18942860170624787,-0.09542961418628693,-5.857234328760875,2019,PHI
2019_14_NYG_PHI,PHI,0.18942860170624787,5.57237611286834,0.06806318275630474,5.829867897330892,2019,NYG
2019_14_PIT_ARI,ARI,-1.359779502546262,-3.1038507690040813,0.10877807438373566,-4.354852197166608,2019,PIT
2019_14_PIT_ARI,PIT,3.1038507690040813,1.359779502546262,-0.40989118814468384,4.0537390834056595,2019,ARI
2019_14_SEA_LA,LA,9.236705650556045,9.253617280807685,-0.2690432071685791,18.22127972419515,2019,SEA
2019_14_SEA_LA,SEA,-9.253617280807685,-9.236705650556045,-0.013482563197612762,-18.50380549456134,2019,LA
2019_14_SF_NO,NO,23.537283993591256,-26.093965160551793,0.29007142409682274,-2.2666097428637144,2019,SF
2019_14_SF_NO,SF,26.093965160551793,-23.537283993591256,0.03363703191280365,2.590318198873341,2019,NO
2019_14_TEN_OAK,LV,1.0212227019569426,-20.67844936630897,0.4890284687280655,-19.16819819562396,2019,TEN
2019_14_TEN_OAK,TEN,20.67844936630897,-1.0212227019569426,-0.43622068129479885,19.22100598305723,2019,LV
2019_14_WAS_GB,GB,0.4627676776700549,-2.70638382180568,0.36963506042957306,-1.8739810837060524,2019,WAS
2019_14_WAS_GB,WAS,2.70638382180568,-0.4627676776700549,-0.315654456615448,1.9279616875201775,2019,GB
2019_15_ATL_SF,ATL,8.328377020732463,-1.8319922934903916,-0.061031535267829895,6.435353191974241,2019,SF
2019_15_ATL_SF,SF,1.8319922934903916,-8.328377020732463,0.46020640432834625,-6.036178322913725,2019,ATL
2019_15_BUF_PIT,BUF,-6.660318435639903,9.62410502532332,-0.175681471824646,2.7881051178587715,2019,PIT
2019_15_BUF_PIT,PIT,-9.62410502532332,6.660318435639903,0.11902792751789093,-2.8447586621655265,2019,BUF
2019_15_CHI_GB,CHI,-5.960204310718994,4.855246087973707,-0.02017146535217762,-1.1251296880974646,2019,GB
2019_15_CHI_GB,GB,-4.855246087973707,5.960204310718994,0.2342175841331482,1.3391758068784352,2019,CHI
2019_15_CLE_ARI,ARI,16.878943662684584,-8.015129067359595,0.08185112476348877,8.945665720088478,2019,CLE
2019_15_CLE_ARI,CLE,8.015129067359595,-16.878943662684584,-0.05374966561794281,-8.917564260942932,2019,ARI
2019_15_DEN_KC,DEN,-10.075104352219745,-6.973806940131469,0.19681893289089203,-16.852092359460322,2019,KC
2019_15_DEN_KC,KC,6.973806940131469,10.075104352219745,-0.19513767957687378,16.85377361277434,2019,DEN
2019_15_HOU_TEN,HOU,2.539167629417203,-8.350226098740695,0.2986433058977127,-5.5124151634257785,2019,TEN
2019_15_HOU_TEN,TEN,8.350226098740695,-2.539167629417203,-0.5634657815098763,5.247592687813615,2019,HOU
2019_15_IND_NO,IND,-3.85177073983046,-17.417479778206694,-0.006853759288787842,-21.276104277325942,2019,NO
2019_15_IND_NO,NO,17.417479778206694,3.85177073983046,-0.10094156116247177,21.168308956874682,2019,IND
2019_15_JAX_OAK,JAX,5.137413900670369,0.5167614885916911,-0.035914912819862366,5.618260476442198,2019,LV
2019_15_JAX_OAK,LV,-0.5167614885916911,-5.137413900670369,-0.17594858817756176,-5.830123977439622,2019,JAX
2019_15_LA_DAL,DAL,23.10192604705997,-5.732397513186204,0.3079562932252884,17.677484827099054,2019,LA
2019_15_LA_DAL,LA,5.732397513186204,-23.10192604705997,0.2503221780061722,-17.119206355867593,2019,DAL
2019_15_MIA_NYG,MIA,-2.4061356512654233,-10.199878625167258,-0.04497133940458298,-12.650985615837264,2019,NYG
2019_15_MIA_NYG,NYG,10.199878625167258,2.4061356512654233,-0.013531647622585297,12.592482628810096,2019,MIA
2019_15_MIN_LAC,LAC,-5.101990763248298,-6.989275633570806,-0.5774066094309092,-12.668673006250014,2019,MIN
2019_15_MIN_LAC,MIN,6.989275633570806,5.101990763248298,0.41970183700323105,12.510968233822336,2019,LAC
2019_15_NE_CIN,CIN,-4.755536961172001,-2.7352444565846246,0.17101295292377472,-7.319768464832851,2019,NE
2019_15_NE_CIN,NE,2.7352444565846246,4.755536961172001,-0.08966176211833954,7.401119655638286,2019,CIN
2019_15_NYJ_BAL,BAL,17.50405191084541,4.281460520463134,-0.11171681433916092,21.673795616969382,2019,NYJ
2019_15_NYJ_BAL,NYJ,-4.281460520463134,-17.50405191084541,0.5349338501691818,-21.25057858113936,2019,BAL
2019_15_PHI_WAS,PHI,16.355145413002884,-9.098650487966141,-0.19359509088099003,7.062899834155752,2019,WAS
2019_15_PHI_WAS,WAS,9.098650487966141,-16.355145413002884,-0.20587903633713722,-7.4623739613738795,2019,PHI
2019_15_SEA_CAR,CAR,8.657789414380218,-8.766970467687367,-0.12296119332313538,-0.23214224663028382,2019,SEA
2019_15_SEA_CAR,SEA,8.766970467687367,-8.657789414380218,-0.3068539444357157,-0.19767289112856723,2019,CAR
2019_15_TB_DET,DET,-2.3735084256395664,-13.905228501980003,0.2757396101951599,-16.00299731742441,2019,TB
2019_15_TB_DET,TB,13.905228501980003,2.3735084256395664,-0.49047315679490566,15.788263770824663,2019,DET
2019_16_ARI_SEA,ARI,2.2619717016995167,10.237219718979443,0.02266540378332138,12.521856824462281,2019,SEA
2019_16_ARI_SEA,SEA,-10.237219718979443,-2.2619717016995167,0.26571779139339924,-12.23347362928556,2019,ARI
2019_16_BAL_CLE,BAL,17.254593450400836,-1.187356960257251,-0.4655454382300377,15.601691051913548,2019,CLE
2019_16_BAL_CLE,CLE,1.187356960257251,-17.254593450400836,0.03721562772989273,-16.030020862413693,2019,BAL
2019_16_BUF_NE,BUF,-1.787800026424404,-7.869133789124367,0.07643692195415497,-9.580496893594617,2019,NE
2019_16_BUF_NE,NE,7.869133789124367,1.787800026424404,-0.1689305603504181,9.488003255198354,2019,BUF
2019_16_CAR_IND,CAR,-8.239809655082947,-10.514501825603645,-0.06266684085130692,-18.8169783215379,2019,IND
2019_16_CAR_IND,IND,10.514501825603645,8.239809655082947,-0.365261510014534,18.38904997067206,2019,CAR
2019_16_CIN_MIA,CIN,12.21959748844565,-13.437066167066302,-0.008832816034555435,-1.2263014946552069,2019,MIA
2019_16_CIN_MIA,MIA,13.437066167066302,-12.21959748844565,-0.26543352007865906,0.9520351585419924,2019,CIN
2019_16_DAL_PHI,DAL,-9.302949538209411,2.715660908087771,0.010363742709159851,-6.57692488741248,2019,PHI
2019_16_DAL_PHI,PHI,-2.715660908087771,9.302949538209411,-0.22431393712759018,6.36297469299405,2019,DAL
2019_16_DET_DEN,DEN,7.67447650446768,3.7787921174474763,0.2122267335653305,11.665495355480488,2019,DET
2019_16_DET_DEN,DET,-3.7787921174474763,-7.67447650446768,-0.24717437289655209,-11.70044299481171,2019,DEN
2019_16_GB_MIN,GB,1.9468143691109652,15.665295831041625,-0.12224647402763367,17.489863726124955,2019,MIN
2019_16_GB_MIN,MIN,-15.665295831041625,-1.9468143691109652,0.2552223578095436,-17.356887842343045,2019,GB
2019_16_HOU_TB,HOU,-9.763980300873072,1.5991430148604215,-0.02372513711452484,-8.188562423127175,2019,TB
2019_16_HOU_TB,TB,-1.5991430148604215,9.763980300873072,-0.3957292875275016,7.769107998485149,2019,HOU
2019_16_JAX_ATL,ATL,1.7478831638237196,0.7195259451532099,0.15797431766986847,2.625383426646798,2019,JAX
2019_16_JAX_ATL,JAX,-0.7195259451532099,-1.7478831638237196,-0.1084362342953682,-2.575845343272298,2019,ATL
2019_16_KC_CHI,CHI,-7.384561153958642,-15.109907441202266,-0.20284713059663773,-22.697315725757544,2019,KC
2019_16_KC_CHI,KC,15.109907441202266,7.384561153958642,-0.15435580909252167,22.340112786068385,2019,CHI
2019_16_LA_SF,LA,7.290940867814531,-0.9729241332525538,-0.05268038064241409,6.2653363539195635,2019,SF
2019_16_LA_SF,SF,0.9729241332525538,-7.290940867814531,0.6217060089111328,-5.696310725650845,2019,LA
2019_16_NO_TEN,NO,12.052825068408517,-5.184016052601941,0.3231891840696335,7.191998199876209,2019,TEN
2019_16_NO_TEN,TEN,5.184016052601941,-12.052825068408517,0.02238965779542923,-6.846419358011146,2019,NO
2019_16_NYG_WAS,NYG,21.926426233559322,-13.06921268348214,-0.24914564192295074,8.608067908154231,2019,WAS
2019_16_NYG_WAS,WAS,13.06921268348214,-21.926426233559322,0.6209738440811634,-8.236239705996018,2019,NYG
2019_16_OAK_LAC,LAC,3.802040805125153,-4.864667940556735,-0.1055849939584732,-1.1682121293900547,2019,LV
2019_16_OAK_LAC,LV,4.864667940556735,-3.802040805125153,0.05690968781709671,1.1195368232486782,2019,LAC
2019_16_PIT_NYJ,NYJ,-2.228902050537619,10.659417821553507,-0.38468087464571,8.045834896370177,2019,PIT
2019_16_PIT_NYJ,PIT,-10.659417821553507,2.228902050537619,-0.003052458167076111,-8.433568229182963,2019,NYJ
2019_17_ARI_LA,ARI,5.7062098491270214,-9.399129790106004,-0.09464161843061447,-3.787561559409597,2019,LA
2019_17_ARI_LA,LA,9.399129790106004,-5.7062098491270214,-0.2949477583169937,3.397972182661989,2019,ARI
2019_17_ATL_TB,ATL,-4.334591288025413,3.7602132789373037,0.49366389214992523,-0.08071411693818398,2019,TB
2019_17_ATL_TB,TB,-3.7602132789373037,4.334591288025413,-0.1757229119539261,0.3986550971341831,2019,ATL
2019_17_CHI_MIN,CHI,1.2321946827021018,-1.9623608454567476,-0.11991161108016968,-0.8500777738348155,2019,MIN
2019_17_CHI_MIN,MIN,1.9623608454567476,-1.2321946827021018,-0.10966213792562485,0.620504024829021,2019,CHI
2019_17_CLE_CIN,CIN,11.582142712554667,-6.738058947124527,0.2658695224672556,5.109953287897396,2019,CLE
2019_17_CLE_CIN,CLE,6.738058947124527,-11.582142712554667,-0.13353602588176727,-4.977619791311907,2019,CIN
2019_17_GB_DET,DET,-2.7648861050954396,-2.3017238762926597,-0.03213520720601082,-5.09874518859411,2019,GB
2019_17_GB_DET,GB,2.3017238762926597,2.7648861050954396,0.0075716301798820496,5.074181611567981,2019,DET
2019_17_IND_JAX,IND,2.5331457034014058,-10.283790351200967,0.012604504823684692,-7.738040142975876,2019,JAX
2019_17_IND_JAX,JAX,10.283790351200967,-2.5331457034014058,0.22352313995361328,7.974167787753174,2019,IND
2019_17_LAC_KC,KC,12.479350561392613,-5.421769998350749,-0.3281601835042238,6.72942037953764,2019,LAC
2019_17_LAC_KC,LAC,5.421769998350749,-12.479350561392613,-0.09639200568199158,-7.153972568723855,2019,KC
2019_17_MIA_NE,MIA,5.41983404852664,-5.527042962736407,-0.14987777918577194,-0.25708669339553847,2019,NE
2019_17_MIA_NE,NE,5.527042962736407,-5.41983404852664,-0.12667588889598846,-0.01946697468622194,2019,MIA
2019_17_NO_CAR,CAR,-5.785903256389316,-17.974255654424503,0.026799924671649933,-23.73335898614217,2019,NO
2019_17_NO_CAR,NO,17.974255654424503,5.785903256389316,-0.4132106341421604,23.34694827667166,2019,CAR
2019_17_NYJ_BUF,BUF,-11.825371827008533,8.61914527985164,-0.23115338385105133,-3.4373799310079445,2019,NYJ
2019_17_NYJ_BUF,NYJ,-8.61914527985164,11.825371827008533,-0.0846996158361435,3.1215269313207497,2019,BUF
2019_17_OAK_DEN,DEN,-2.009972825616992,3.0125388822446544,-0.21950793266296387,0.7830581239646985,2019,LV
2019_17_OAK_DEN,LV,-3.0125388822446544,2.009972825616992,-0.2813422158360481,-1.2839082724637105,2019,DEN
2019_17_PHI_NYG,NYG,-6.798764939698708,-5.436483654207165,0.1570693552494049,-12.078179238656467,2019,PHI
2019_17_PHI_NYG,PHI,5.436483654207165,6.798764939698708,0.31925542652606964,12.554504020431942,2019,NYG
2019_17_PIT_BAL,BAL,-0.5792313191448288,7.4116874073899925,-0.0008288919925689697,6.831627196252595,2019,PIT
2019_17_PIT_BAL,PIT,-7.4116874073899925,0.5792313191448288,-0.3873541634529829,-7.219810251698147,2019,BAL
2019_17_SF_SEA,SEA,7.01617036738215,-13.333330133223331,0.34956343472003937,-5.9675963311211415,2019,SF
2019_17_SF_SEA,SF,13.333330133223331,-7.01617036738215,-0.3928358554840088,5.924323910357172,2019,SEA
2019_17_TEN_HOU,HOU,-0.5905320627536168,-20.78233536057331,0.10276011191308498,-21.27010731141384,2019,TEN
2019_17_TEN_HOU,TEN,20.78233536057331,0.5905320627536168,-0.3465503677725792,21.026317055554347,2019,HOU
2019_17_WAS_DAL,DAL,17.905683978312393,8.492724571010484,0.349967360496521,26.748375909819398,2019,WAS
2019_17_WAS_DAL,WAS,-8.492724571010484,-17.905683978312393,0.6160905063152313,-25.782318043007646,2019,DAL
2020_01_ARI_SF,ARI,4.747678070398784,1.2523057624675595,-0.2535461261868477,5.746437706679496,2020,SF
2020_01_ARI_SF,SF,-1.2523057624675595,-4.747678070398784,0.18549753725528717,-5.814486295611056,2020,ARI
2020_01_CHI_DET,CHI,6.186939961411509,-5.269110374408093,-0.15057883970439434,0.7672507472990215,2020,DET
2020_01_CHI_DET,DET,5.269110374408093,-6.186939961411509,-0.11432686448097229,-1.0321564514843882,2020,CHI
2020_01_CLE_BAL,BAL,10.947062603967227,5.218675674299905,0.5207169353961945,16.686455213663326,2020,CLE
2020_01_CLE_BAL,CLE,-5.218675674299905,-10.947062603967227,-0.3754345700144768,-16.541172848281608,2020,BAL
2020_01_DAL_LA,DAL,-0.23817570751051376,-4.53682728755102,-0.0343598872423172,-4.8093628823038514,2020,LA
2020_01_DAL_LA,LA,4.53682728755102,0.23817570751051376,-0.31298147700726986,4.462021518054264,2020,DAL
2020_01_GB_MIN,GB,23.086720258259792,-17.990530258361403,-0.04399646818637848,5.05219353171201,2020,MIN
2020_01_GB_MIN,MIN,17.990530258361403,-23.086720258259792,-0.26824382273480296,-5.364433822633192,2020,GB
2020_01_HOU_KC,HOU,8.88356030155047,-14.448598871541373,-0.10283159837126732,-5.667870168362171,2020,KC
2020_01_HOU_KC,KC,14.448598871541373,-8.88356030155047,0.2010222263634205,5.766060796354324,2020,HOU
2020_01_IND_JAX,IND,4.985439369559952,-10.423764545511707,0.10761357843875885,-5.330711597512996,2020,JAX
2020_01_IND_JAX,JAX,10.423764545511707,-4.985439369559952,0.07785731554031372,5.516182491492069,2020,IND
2020_01_LAC_CIN,CIN,-11.350615987972775,4.686293460982542,0.3733389973640442,-6.290983529626189,2020,LAC
2020_01_LAC_CIN,LAC,-4.686293460982542,11.350615987972775,-0.16029808297753334,6.5040244440127,2020,CIN
2020_01_LV_CAR,CAR,18.12571101549993,-22.488659449549417,0.2522053886204958,-4.11074304542899,2020,LV
2020_01_LV_CAR,LV,22.488659449549417,-18.12571101549993,0.20768338441848755,4.570631818467973,2020,CAR
2020_01_MIA_NE,MIA,-2.3913494505463566,-2.3970206366391764,-0.22931720316410065,-5.017687290349634,2020,NE
2020_01_MIA_NE,NE,2.3970206366391764,2.3913494505463566,-0.3326702415943146,4.4556998455912185,2020,MIA
2020_01_NYJ_BUF,BUF,4.103304625857634,-1.8525279014914995,0.39346809685230255,2.644244821218437,2020,NYJ
2020_01_NYJ_BUF,NYJ,1.8525279014914995,-4.103304625857634,-0.4474829062819481,-2.6982596306480824,2020,BUF
2020_01_PHI_WAS,PHI,-8.088812793640745,6.378384579563554,-0.23353002220392227,-1.9439582362811132,2020,WAS
2020_01_PHI_WAS,WAS,-6.378384579563554,8.088812793640745,0.8834313750267029,2.593859589103894,2020,PHI
2020_01_PIT_NYG,NYG,-6.39161640979108,-8.438362379734553,0.9732470363378525,-13.85673175318778,2020,PIT
2020_01_PIT_NYG,PIT,8.438362379734553,6.39161640979108,-0.18430202454328537,14.645676764982348,2020,NYG
2020_01_SEA_ATL,ATL,10.850371007401636,-18.622762808503683,-0.08914008736610413,-7.861531888468152,2020,SEA
2020_01_SEA_ATL,SEA,18.622762808503683,-10.850371007401636,-0.10282255709171295,7.669569244010335,2020,ATL
2020_01_TB_NO,NO,-2.7002090194513713,-7.085186180851224,0.9412979930639267,-8.844097207238669,2020,TB
2020_01_TB_NO,TB,7.085186180851224,2.7002090194513713,-0.21595585346221924,9.569439346840376,2020,NO
2020_01_TEN_DEN,DEN,-2.740208835985127,0.17656132515240408,-0.42505690082907677,-2.9887044116617996,2020,TEN
2020_01_TEN_DEN,TEN,-0.17656132515240408,2.740208835985127,-0.26810557395219803,2.2955419368805248,2020,DEN
2020_02_ATL_DAL,ATL,9.954757966742001,-20.12994858274262,0.39678986370563507,-9.778400752294985,2020,DAL
2020_02_ATL_DAL,DAL,20.12994858274262,-9.954757966742001,0.25647011399269104,10.431660729993311,2020,ATL
2020_02_BAL_HOU,BAL,10.989566639769691,-0.8920783236808778,-0.2786387726664543,9.81884954342236,2020,HOU
2020_02_BAL_HOU,HOU,0.8920783236808778,-10.989566639769691,0.0049100108444690704,-10.092578305244345,2020,BAL
2020_02_BUF_MIA,BUF,15.433579436557109,-8.904137138444124,-0.2770169526338577,6.252425345479127,2020,MIA
2020_02_BUF_MIA,MIA,8.904137138444124,-15.433579436557109,-0.1583915837109089,-6.687833881823893,2020,BUF
2020_02_CAR_TB,CAR,-1.2512189160380176,-5.7719572736856515,-0.13010456040501595,-7.153280750128685,2020,TB
2020_02_CAR_TB,TB,5.7719572736856515,1.2512189160380176,0.13649216294288635,7.159668352666555,2020,CAR
2020_02_CIN_CLE,CIN,14.478298575630085,-16.288876632436377,0.19215109199285507,-1.6184269648134375,2020,CLE
2020_02_CIN_CLE,CLE,16.288876632436377,-14.478298575630085,0.5102711766958237,2.3208492335021162,2020,CIN
2020_02_DEN_PIT,DEN,-4.049390978257461,2.708189348848933,0.12916389852762222,-1.2120377308809056,2020,PIT
2020_02_DEN_PIT,PIT,-2.708189348848933,4.049390978257461,0.16822446137666702,1.5094260907851949,2020,DEN
2020_02_DET_GB,DET,6.291846342781307,-18.221143912240215,-0.23752187192440033,-12.166819441383309,2020,GB
2020_02_DET_GB,GB,18.221143912240215,-6.291846342781307,-0.08467376232147217,11.844623807137436,2020,DET
2020_02_JAX_TEN,JAX,18.640942049941522,-15.629357009297328,-0.29475291073322296,2.716832129910971,2020,TEN
2020_02_JAX_TEN,TEN,15.629357009297328,-18.640942049941522,0.0294362660497427,-2.9821487745944513,2020,JAX
2020_02_KC_LAC,KC,6.661842027614849,-3.77401142250394,-0.07303254306316376,2.8147980620477453,2020,LAC
2020_02_KC_LAC,LAC,3.77401142250394,-6.661842027614849,-0.20879127271473408,-3.096621877825643,2020,KC
2020_02_LA_PHI,LA,20.360116246306156,-1.5548182358561098,-0.421671275049448,18.383626735400597,2020,PHI
2020_02_LA_PHI,PHI,1.5548182358561098,-20.360116246306156,0.46549612283706665,-18.33980188761298,2020,LA
2020_02_MIN_IND,IND,1.4685291421153033,1.834964306627108,0.45807263255119324,3.7615660812936045,2020,MIN
2020_02_MIN_IND,MIN,-1.834964306627108,-1.4685291421153033,-0.49462977051734924,-3.7981232192597605,2020,IND
2020_02_NE_SEA,NE,10.135080769018492,-16.58170786513559,-0.21696524322032928,-6.663592339337429,2020,SEA
2020_02_NE_SEA,SEA,16.58170786513559,-10.135080769018492,-0.04705294966697693,6.399574146450123,2020,NE
2020_02_NO_LV,LV,17.487524871661417,-10.381286764797908,-0.05047228932380676,7.055765817539703,2020,NO
2020_02_NO_LV,NO,10.381286764797908,-17.487524871661417,-0.3583092913031578,-7.464547398166667,2020,LV
2020_02_NYG_CHI,CHI,-1.5223373518115615,4.304857183703372,0.035418808460235596,2.817938640352046,2020,NYG
2020_02_NYG_CHI,NYG,-4.304857183703372,1.5223373518115615,-0.0343698114156723,-2.8168896433074826,2020,CHI
2020_02_SF_NYJ,NYJ,-2.6905373199919973,-14.755018663568803,0.2591421902179718,-17.18641379334283,2020,SF
2020_02_SF_NYJ,SF,14.755018663568803,2.6905373199919973,-0.2580115646123886,17.187544418948413,2020,NYJ
2020_02_WAS_ARI,ARI,9.582174238837645,0.5393643627955308,-0.43551866710186005,9.686019934531316,2020,WAS
2020_02_WAS_ARI,WAS,-0.5393643627955308,-9.582174238837645,0.09148833714425564,-10.03005026448892,2020,ARI
2020_03_CAR_LAC,CAR,0.1492312399065694,0.8267017560808211,-0.14767390489578247,0.828259091091608,2020,LAC
2020_03_CAR_LAC,LAC,-0.8267017560808211,-0.1492312399065694,0.15826930105686188,-0.8176636949305286,2020,CAR
2020_03_CHI_ATL,ATL,1.5397632649731423,-5.656798952069903,-0.27650818042457104,-4.393543867521332,2020,CHI
2020_03_CHI_ATL,CHI,5.656798952069903,-1.5397632649731423,0.5239644646644592,4.6410001517612205,2020,ATL
2020_03_CIN_PHI,CIN,-1.0155171884761995,-1.7212664262487936,-0.2618533316999674,-2.9986369464249605,2020,PHI
2020_03_CIN_PHI,PHI,1.7212664262487936,1.0155171884761995,-0.11994831264019012,2.616835302084803,2020,CIN
2020_03_DAL_SEA,DAL,15.116488061254257,-7.6942318944862125,-0.5078034549951553,6.914452711772889,2020,SEA
2020_03_DAL_SEA,SEA,7.6942318944862125,-15.116488061254257,0.30073340237140656,-7.121522764396638,2020,DAL
2020_03_DET_ARI,ARI,9.462198562240822,-2.9680126121389288,-0.3610619604587555,6.1331239896431375,2020,DET
2020_03_DET_ARI,DET,2.9680126121389288,-9.462198562240822,0.36297838389873505,-6.131207566203158,2020,ARI
2020_03_GB_NO,GB,19.568976849656377,-11.495433786413242,0.0434739887714386,8.117017052014573,2020,NO
2020_03_GB_NO,NO,11.495433786413242,-19.568976849656377,0.09146597981452942,-7.982077083428605,2020,GB
2020_03_HOU_PIT,HOU,3.39835886666933,-9.069470110617033,0.09758733958005905,-5.573523904367644,2020,PIT
2020_03_HOU_PIT,PIT,9.069470110617033,-3.39835886666933,0.0553387850522995,5.726450029000002,2020,HOU
2020_03_KC_BAL,BAL,-0.24960740553731275,-17.50935209588382,-0.23077622801065445,-17.989735729431786,2020,KC
2020_03_KC_BAL,KC,17.50935209588382,0.24960740553731275,-0.2602609544992447,17.498698546921887,2020,BAL
2020_03_LA_BUF,BUF,17.09942601283524,-17.1480242201137,0.15766414999961853,0.1090659427211591,2020,LA
2020_03_LA_BUF,LA,17.1480242201137,-17.09942601283524,-0.4465343477204442,-0.3979361404419848,2020,BUF
2020_03_LV_NE,LV,0.10118976581902661,-11.501061721313034,0.19083056971430779,-11.209041385779699,2020,NE
2020_03_LV_NE,NE,11.501061721313034,-0.10118976581902661,-0.20890603959560394,11.190965915898403,2020,LV
2020_03_MIA_JAX,JAX,1.120933612779269,-8.219306690346924,0.07323095016181469,-7.02514212740584,2020,MIA
2020_03_MIA_JAX,MIA,8.219306690346924,-1.120933612779269,0.3284326270222664,7.426805704589921,2020,JAX
2020_03_NYJ_IND,IND,5.1761563157608315,8.605152566957653,-0.24604938924312592,13.535259493475358,2020,NYJ
2020_03_NYJ_IND,NYJ,-8.605152566957653,-5.1761563157608315,-0.15069596469402313,-13.932004847412507,2020,IND
2020_03_SF_NYG,NYG,-2.6798050270401474,-17.68504339173473,-0.05445808172225952,-20.419306500497136,2020,SF
2020_03_SF_NYG,SF,17.68504339173473,2.6798050270401474,0.21363642811775208,20.57848484689263,2020,NYG
2020_03_TB_DEN,DEN,-5.947506427817376,-3.6532140568054663,0.1360618621110916,-9.46465862251175,2020,TB
2020_03_TB_DEN,TB,3.6532140568054663,5.947506427817376,0.3030152916908264,9.903735776313669,2020,DEN
2020_03_TEN_MIN,MIN,10.712015295243788,-6.346258016124174,-0.5288042798638344,3.8369529992557796,2020,TEN
2020_03_TEN_MIN,TEN,6.346258016124174,-10.712015295243788,0.43085339665412903,-3.934903882465485,2020,MIN
2020_03_WAS_CLE,CLE,8.35947499452924,-1.5146665757793114,0.32624514400959015,7.171053562759519,2020,WAS
2020_03_WAS_CLE,WAS,1.5146665757793114,-8.35947499452924,-0.13193019106984138,-6.97673860981977,2020,CLE
2020_04_ARI_CAR,ARI,6.6728226355088305,-14.473156945348924,0.15165774524211884,-7.648676564597975,2020,CAR
2020_04_ARI_CAR,CAR,14.473156945348924,-6.6728226355088305,-0.09701068699359894,7.7033236228464945,2020,ARI
2020_04_ATL_GB,ATL,5.4789149631301015,-15.008690117608987,-0.34206313639879227,-9.871838290877678,2020,GB
2020_04_ATL_GB,GB,15.008690117608987,-5.4789149631301015,0.19079425930976868,9.720569413788654,2020,ATL
2020_04_BAL_WAS,BAL,10.175090334390974,-1.649441468737419,-0.10255566239356995,8.423093203259985,2020,WAS
2020_04_BAL_WAS,WAS,1.649441468737419,-10.175090334390974,-0.20721478760242462,-8.73286365325598,2020,BAL
2020_04_BUF_LV,BUF,10.030112059351815,-8.777861829496546,0.20868901908397675,1.4609392489392459,2020,LV
2020_04_BUF_LV,LV,8.777861829496546,-10.030112059351815,0.1076461523771286,-1.1446040774781405,2020,BUF
2020_04_CLE_DAL,CLE,21.302708494274505,-16.871153840722165,-0.0017189234495162964,4.429835730102823,2020,DAL
2020_04_CLE_DAL,DAL,16.871153840722165,-21.302708494274505,0.16961295902729034,-4.261941694525049,2020,CLE
2020_04_DEN_NYJ,DEN,11.950885210934732,-0.26068624954927544,0.08005301654338837,11.770251977928845,2020,NYJ
2020_04_DEN_NYJ,NYJ,0.26068624954927544,-11.950885210934732,0.16264358162879944,-11.527555379756658,2020,DEN
2020_04_IND_CHI,CHI,-6.161915917839824,1.7496891423725003,0.133085235953331,-4.279141539513993,2020,IND
2020_04_IND_CHI,IND,-1.7496891423725003,6.161915917839824,-0.02916674315929413,4.3830600323080295,2020,CHI
2020_04_JAX_CIN,CIN,14.791522139799842,-9.990589603833023,0.179681196808815,4.980613732775634,2020,JAX
2020_04_JAX_CIN,JAX,9.990589603833023,-14.791522139799842,-0.3006683588027954,-5.101600894769614,2020,CIN
2020_04_LAC_TB,LAC,8.220477542585295,-8.193881447776107,-0.1551324613392353,-0.12853636653004763,2020,TB
2020_04_LAC_TB,TB,8.193881447776107,-8.220477542585295,0.2026064246892929,0.17601032988010523,2020,LAC
2020_04_MIN_HOU,HOU,5.949703549972273,-9.948853119307746,0.17374424636363983,-3.825405322971833,2020,MIN
2020_04_MIN_HOU,MIN,9.948853119307746,-5.949703549972273,0.003856288269162178,4.003005857604635,2020,HOU
2020_04_NE_KC,KC,4.246470901068275,7.4998692456660345,-0.35904623568058014,11.387293911053728,2020,NE
2020_04_NE_KC,NE,-7.4998692456660345,-4.246470901068275,-0.06537362933158875,-11.811713776065897,2020,KC
2020_04_NO_DET,DET,10.620734538323713,-20.246657885032683,0.33981452137231827,-9.286108825336651,2020,NO
2020_04_NO_DET,NO,20.246657885032683,-10.620734538323713,-0.26461242139339447,9.361310925315575,2020,DET
2020_04_NYG_LA,LA,0.665668172141781,10.433026468402414,0.04674927890300751,11.145443919447203,2020,NYG
2020_04_NYG_LA,NYG,-10.433026468402414,-0.665668172141781,0.290308341383934,-10.808386299160262,2020,LA
2020_04_PHI_SF,PHI,-1.1665223309794959,-3.361358420351912,-0.15968163311481476,-4.687562384446222,2020,SF
2020_04_PHI_SF,SF,3.361358420351912,1.1665223309794959,-0.4015154764056206,4.126365274925787,2020,PHI
2020_04_SEA_MIA,MIA,7.249674120203995,-12.386814056662885,0.08058828115463257,-5.056551655304258,2020,SEA
2020_04_SEA_MIA,SEA,12.386814056662885,-7.249674120203995,-0.19821747578680515,4.938922460672085,2020,MIA
2020_05_ARI_NYJ,ARI,13.733480182522628,7.513472949530268,-0.3422306254506111,20.904722506602283,2020,NYJ
2020_05_ARI_NYJ,NYJ,-7.513472949530268,-13.733480182522628,0.15274831652641296,-21.09420481552648,2020,ARI
2020_05_BUF_TEN,BUF,6.943173870713204,-15.662137007000897,-0.3298162668943405,-9.048779403182035,2020,TEN
2020_05_BUF_TEN,TEN,15.662137007000897,-6.943173870713204,1.0789887309074402,9.797951867195135,2020,BUF
2020_05_CAR_ATL,ATL,4.18457384824842,-10.21582574462054,-0.25475894659757614,-6.286010842969696,2020,CAR
2020_05_CAR_ATL,CAR,10.21582574462054,-4.18457384824842,-0.3056199848651886,5.725631911506931,2020,ATL
2020_05_CIN_BAL,BAL,-0.5785591504744034,14.545372479484579,-0.22858432680368423,13.738229002206491,2020,CIN
2020_05_CIN_BAL,CIN,-14.545372479484579,0.5785591504744034,0.05985577404499054,-13.906957554965185,2020,BAL
2020_05_IND_CLE,CLE,6.094856727230779,-1.0029397174252723,-0.06260634958744049,5.029310660218066,2020,IND
2020_05_IND_CLE,IND,1.0029397174252723,-6.094856727230779,-0.1886873384937644,-5.280604348299271,2020,CLE
2020_05_JAX_HOU,HOU,13.305806574685668,5.899164132141285,-0.5414419546723366,18.66352875215462,2020,JAX
2020_05_JAX_HOU,JAX,-5.899164132141285,-13.305806574685668,0.150575153529644,-19.05439555329731,2020,HOU
2020_05_LAC_NO,LAC,3.534381371826676,-6.0829707892124345,0.154358122497797,-2.3942312948879616,2020,NO
2020_05_LAC_NO,NO,6.0829707892124345,-3.534381371826676,0.5166555941104889,3.0652450114962475,2020,LAC
2020_05_LA_WAS,LA,5.316295099317556,8.775854671101518,0.16746939718723297,14.259619167606306,2020,WAS
2020_05_LA_WAS,WAS,-8.775854671101518,-5.316295099317556,-0.163265660405159,-14.255415430824232,2020,LA
2020_05_LV_KC,KC,11.672892610131763,-18.56906968577649,0.1260337382555008,-6.770143337389227,2020,LV
2020_05_LV_KC,LV,18.56906968577649,-11.672892610131763,0.1412807647138834,7.037457840358611,2020,KC
2020_05_MIA_SF,MIA,18.198302510737538,-1.8035615855682545,-0.1696600466966629,16.22508087847262,2020,SF
2020_05_MIA_SF,SF,1.8035615855682545,-18.198302510737538,0.03612876310944557,-16.35861216205984,2020,MIA
2020_05_MIN_SEA,MIN,10.440150533648783,-5.083559191654167,-0.48788477573543787,4.868706566259178,2020,SEA
2020_05_MIN_SEA,SEA,5.083559191654167,-10.440150533648783,0.34589874371886253,-5.010692598275753,2020,MIN
2020_05_NYG_DAL,DAL,15.925264515159975,-8.267924702029115,-0.211908845230937,7.445430967899924,2020,NYG
2020_05_NYG_DAL,NYG,8.267924702029115,-15.925264515159975,-0.18740573152899742,-7.844745544659858,2020,DAL
2020_05_PHI_PIT,PHI,11.455636576751916,-15.939262801588306,-0.16123619675636292,-4.644862421592753,2020,PIT
2020_05_PHI_PIT,PIT,15.939262801588306,-11.455636576751916,0.2686881422996521,4.752314367136043,2020,PHI
2020_05_TB_CHI,CHI,1.2744517282551275,-1.3123100436269723,0.141569122672081,0.10371080730023619,2020,TB
2020_05_TB_CHI,TB,1.3123100436269723,-1.2744517282551275,-0.4360164478421211,-0.3981581324702763,2020,CHI
2020_06_ARI_DAL,ARI,17.093261754435403,4.527317540456854,-0.16120564192533493,21.459373652966924,2020,DAL
2020_06_ARI_DAL,DAL,-4.527317540456854,-17.093261754435403,-0.06215471774339676,-21.682734012635656,2020,ARI
2020_06_ATL_MIN,ATL,13.988899708739345,-6.338129080465057,0.23890970647335052,7.889680334747638,2020,MIN
2020_06_ATL_MIN,MIN,6.338129080465057,-13.988899708739345,-0.4286157637834549,-8.079386392057742,2020,ATL
2020_06_BAL_PHI,BAL,-5.760410340096323,-6.188816001938581,0.7554214000701904,-11.193804941964714,2020,PHI
2020_06_BAL_PHI,PHI,6.188816001938581,5.760410340096323,0.30193039774894714,12.251156739783852,2020,BAL
2020_06_CHI_CAR,CAR,1.4291201570266614,2.1117976625823074,-0.23709630966186523,3.3038215099471033,2020,CHI
2020_06_CHI_CAR,CHI,-2.1117976625823074,-1.4291201570266614,0.6465317457914352,-2.8943860738175333,2020,CAR
2020_06_CIN_IND,CIN,9.53476979520888,-12.105414711541554,-0.24645530432462692,-2.8171002206573004,2020,IND
2020_06_CIN_IND,IND,12.105414711541554,-9.53476979520888,0.32740603387355804,2.8980509502062315,2020,CIN
2020_06_CLE_PIT,CLE,-9.909719997549976,-9.647384968715565,0.017236806452274323,-19.539868159813267,2020,PIT
2020_06_CLE_PIT,PIT,9.647384968715565,9.909719997549976,0.1889921873807907,19.746097153646332,2020,CLE
2020_06_DEN_NE,DEN,-2.322423741467749,5.329759884860931,-0.1478222757577896,2.8595138676353926,2020,NE
2020_06_DEN_NE,NE,-5.329759884860931,2.322423741467749,0.2664284259080887,-2.7409077174850935,2020,DEN
2020_06_DET_JAX,DET,12.172941561744999,0.7587779292470382,-0.10036032646894455,12.831359164523093,2020,JAX
2020_06_DET_JAX,JAX,-0.7587779292470382,-12.172941561744999,0.30152668058872223,-12.630192810403315,2020,DET
2020_06_GB_TB,GB,-7.557155492695413,-8.2806290927694,-0.058656245470047,-15.89644083093486,2020,TB
2020_06_GB_TB,TB,8.2806290927694,7.557155492695413,0.47093360871076584,16.30871819417558,2020,GB
2020_06_HOU_TEN,HOU,17.707274202058983,-23.146797981407,0.2597735673189163,-5.179750212029102,2020,TEN
2020_06_HOU_TEN,TEN,23.146797981407,-17.707274202058983,-0.06903214752674103,5.370491631821277,2020,HOU
2020_06_KC_BUF,BUF,3.788213207393721,-16.226252034494966,-0.3407335691154003,-12.778772396216645,2020,KC
2020_06_KC_BUF,KC,16.226252034494966,-3.788213207393721,-0.4509852360934019,11.987053591007843,2020,BUF
2020_06_LA_SF,LA,0.6410229017508611,-6.813652264573404,0.29805391281843185,-5.874575450004111,2020,SF
2020_06_LA_SF,SF,6.813652264573404,-0.6410229017508611,-0.5052801892161369,5.667349173606406,2020,LA
2020_06_NYJ_MIA,MIA,-4.626839084421596,15.87755856474045,0.20411260798573494,11.454832088304588,2020,NYJ
2020_06_NYJ_MIA,NYJ,-15.87755856474045,4.626839084421596,-0.5729228854179382,-11.823642365736792,2020,MIA
2020_06_WAS_NYG,NYG,-0.3591128668380601,-6.541269688389221,0.22996385395526886,-6.670418701272013,2020,WAS
2020_06_WAS_NYG,WAS,6.541269688389221,0.3591128668380601,-0.0980556458234787,6.802326909403803,2020,NYG
2020_07_BUF_NYJ,BUF,2.390399007738893,4.839247905634274,-0.10524711012840271,7.1243998032447635,2020,NYJ
2020_07_BUF_NYJ,NYJ,-4.839247905634274,-2.390399007738893,-0.2065199613571167,-7.436166874730283,2020,BUF
2020_07_CAR_NO,CAR,13.30513019175066,-15.375729918478347,-0.05267508327960968,-2.123274810007297,2020,NO
2020_07_CAR_NO,NO,15.375729918478347,-13.30513019175066,-0.09292967617511749,1.97767005055257,2020,CAR
2020_07_CHI_LA,CHI,-10.590619611420378,-0.9754179534882959,-0.2459901198744774,-11.812027684783152,2020,LA
2020_07_CHI_LA,LA,0.9754179534882959,10.590619611420378,-0.153225501999259,11.412812062909415,2020,CHI
2020_07_CLE_CIN,CIN,17.744047888837176,-23.87112574142114,0.051601506769657135,-6.075476345814305,2020,CLE
2020_07_CLE_CIN,CLE,23.87112574142114,-17.744047888837176,-0.20000848174095154,5.927069370843011,2020,CIN
2020_07_DAL_WAS,DAL,-11.916495847638204,-6.5241202988696845,0.34852784872055054,-18.09208829778734,2020,WAS
2020_07_DAL_WAS,WAS,6.5241202988696845,11.916495847638204,0.18106413632631302,18.621680282834202,2020,DAL
2020_07_DET_ATL,ATL,6.765844720070074,-6.226631293517384,-0.2192694991827011,0.3199439273699891,2020,DET
2020_07_DET_ATL,DET,6.226631293517384,-6.765844720070074,-0.3548356667160988,-0.894049093268789,2020,ATL
2020_07_GB_HOU,GB,17.658989115414542,-2.9455940481976675,-0.1343204826116562,14.579074584605218,2020,HOU
2020_07_GB_HOU,HOU,2.9455940481976675,-17.658989115414542,0.38052430748939514,-14.332870759727479,2020,GB
2020_07_JAX_LAC,JAX,0.3496486026603791,-13.34100644833037,0.42561204731464386,-12.565745798355348,2020,LAC
2020_07_JAX_LAC,LAC,13.34100644833037,-0.3496486026603791,0.03598678484559059,13.027344630515582,2020,JAX
2020_07_KC_DEN,DEN,-2.2379026869409437,-4.552720714603413,0.012279652059078217,-6.778343749485279,2020,KC
2020_07_KC_DEN,KC,4.552720714603413,2.2379026869409437,0.5677730590105057,7.358396460554863,2020,DEN
2020_07_NYG_PHI,NYG,2.1731306149183247,-4.066023850547338,-0.36681010387837887,-2.259703339507392,2020,PHI
2020_07_NYG_PHI,PHI,4.066023850547338,-2.1731306149183247,-0.30804114788770676,1.5848520877413064,2020,NYG
2020_07_PIT_TEN,PIT,6.551962606462829,-7.917235998278503,0.08198252879083157,-1.2832908630248427,2020,TEN
2020_07_PIT_TEN,TEN,7.917235998278503,-6.551962606462829,-0.18971282988786697,1.1755605619278073,2020,PIT
2020_07_SEA_ARI,ARI,14.130402215461107,-11.039599793096185,-0.20267784595489502,2.8881245764100267,2020,SEA
2020_07_SEA_ARI,SEA,11.039599793096185,-14.130402215461107,-0.20890450477600098,-3.2997069271409227,2020,ARI
2020_07_SF_NE,NE,-6.647236115857922,-18.2941966743969,-0.1960456222295761,-25.1374784124844,2020,SF
2020_07_SF_NE,SF,18.2941966743969,6.647236115857922,-0.5339101031422615,24.40752268711256,2020,NE
2020_07_TB_LV,LV,3.8432323752615964,-24.070598774191673,-0.06312282755970955,-20.290489226489786,2020,TB
2020_07_TB_LV,TB,24.070598774191673,-3.8432323752615964,0.24548106640577316,20.47284746533585,2020,LV
2020_08_ATL_CAR,ATL,11.05191603581154,-1.1763157127141188,0.03289566934108734,9.908495992438509,2020,CAR
2020_08_ATL_CAR,CAR,1.1763157127141188,-11.05191603581154,0.20247550308704376,-9.673124820010377,2020,ATL
2020_08_DAL_PHI,DAL,-13.444312834269166,5.29126848204481,-0.2559671923518181,-8.409011544576174,2020,PHI
2020_08_DAL_PHI,PHI,-5.29126848204481,13.444312834269166,-0.03749662637710571,8.11554772584725,2020,DAL
2020_08_IND_DET,DET,-0.03049024367801234,-14.692646543499027,0.2922331690788269,-14.430903618098213,2020,IND
2020_08_IND_DET,IND,14.692646543499027,0.03049024367801234,-0.06651175767183304,14.656625029505207,2020,DET
2020_08_LAC_DEN,DEN,10.487896755387872,-6.6547030688519255,-0.03296057879924774,3.800233107736699,2020,LAC
2020_08_LAC_DEN,LAC,6.6547030688519255,-10.487896755387872,0.10545878857374191,-3.727734897962205,2020,DEN
2020_08_LA_MIA,LA,-13.051789954374154,14.547311142313621,0.5143501479178667,2.0098713358573335,2020,MIA
2020_08_LA_MIA,MIA,-14.547311142313621,13.051789954374154,0.4530125856399536,-1.0425086022995131,2020,LA
2020_08_LV_CLE,CLE,-4.757083189691122,-3.620518133764365,0.011528059840202332,-8.366073263615284,2020,LV
2020_08_LV_CLE,LV,3.620518133764365,4.757083189691122,-0.22148701548576355,8.156114307969723,2020,CLE
2020_08_MIN_GB,GB,9.892396442656569,-15.81772232078692,-0.15207017958164215,-6.077396057711994,2020,MIN
2020_08_MIN_GB,MIN,15.81772232078692,-9.892396442656569,-0.06027968227863312,5.865046195851718,2020,GB
2020_08_NE_BUF,BUF,9.606265914822497,-2.7119118783084915,0.05689367651939392,6.9512477130334,2020,NE
2020_08_NE_BUF,NE,2.7119118783084915,-9.606265914822497,0.2579338550567627,-6.636420181457243,2020,BUF
2020_08_NO_CHI,CHI,3.871561335035543,-1.184506194979996,-0.11237668991088867,2.5746784501446585,2020,NO
2020_08_NO_CHI,NO,1.184506194979996,-3.871561335035543,0.27582772076129913,-2.411227419294248,2020,CHI
2020_08_NYJ_KC,KC,16.419833783232185,6.384998269728395,-0.008428379893302917,22.796403673067278,2020,NYJ
2020_08_NYJ_KC,NYJ,-6.384998269728395,-16.419833783232185,-0.02149040997028351,-22.826322462930865,2020,KC
2020_08_PIT_BAL,BAL,1.6630370811824027,-2.9241260004760163,0.1454630345106125,-1.1156258847830012,2020,PIT
2020_08_PIT_BAL,PIT,2.9241260004760163,-1.6630370811824027,-0.2927290350198746,0.9683598842737391,2020,BAL
2020_08_SF_SEA,SEA,18.535230257106974,-13.943478706867364,-0.1470271199941635,4.444724430245447,2020,SF
2020_08_SF_SEA,SF,13.943478706867364,-18.535230257106974,0.016802873462438583,-4.574948676777172,2020,SEA
2020_08_TB_NYG,NYG,3.044913857756164,-7.843210725201144,0.4201703518629074,-4.378126515582072,2020,TB
2020_08_TB_NYG,TB,7.843210725201144,-3.044913857756164,-0.1887630671262741,4.609533800318705,2020,NYG
2020_08_TEN_CIN,CIN,16.234490943504664,-8.687068008691286,-0.053370505571365356,7.4940524292420125,2020,TEN
2020_08_TEN_CIN,TEN,8.687068008691286,-16.234490943504664,-0.33524680510163307,-7.882669739915011,2020,CIN
2020_09_BAL_IND,BAL,-4.624810529601889,9.711022239266494,-0.03468248061835766,5.051529229046248,2020,IND
2020_09_BAL_IND,IND,-9.711022239266494,4.624810529601889,-0.20781240053474903,-5.294024110199355,2020,BAL
2020_09_CAR_KC,CAR,20.03393813067687,-27.725873329724745,0.02872355282306671,-7.663211646224809,2020,KC
2020_09_CAR_KC,KC,27.725873329724745,-20.03393813067687,0.33527378737926483,8.02720898642714,2020,CAR
2020_09_CHI_TEN,CHI,-2.9032247072481585,1.248358236697912,0.028419651091098785,-1.6264468194591477,2020,TEN
2020_09_CHI_TEN,TEN,-1.248358236697912,2.9032247072481585,-0.33426886051893234,1.3205976100313142,2020,CHI
2020_09_DEN_ATL,ATL,9.371162129672184,-11.413475020345068,0.21252518892288208,-1.8297877017500017,2020,DEN
2020_09_DEN_ATL,DEN,11.413475020345068,-9.371162129672184,-0.21904214471578598,1.8232707459570978,2020,ATL
2020_09_DET_MIN,DET,-3.088596059750902,-15.756544768394228,0.7178357634693384,-18.12730506467579,2020,MIN
2020_09_DET_MIN,MIN,15.756544768394228,3.088596059750902,-0.39091459661722183,18.454226231527908,2020,DET
2020_09_GB_SF,GB,15.444347461999339,-2.1518146301496808,-0.26498886197805405,13.027543969871605,2020,SF
2020_09_GB_SF,SF,2.1518146301496808,-15.444347461999339,0.28669385612010956,-13.00583897572955,2020,GB
2020_09_HOU_JAX,HOU,7.639625512998476,-6.021445600744955,-0.18307198584079742,1.4351079264127238,2020,JAX
2020_09_HOU_JAX,JAX,6.021445600744955,-7.639625512998476,-0.06289716064929962,-1.6810770729028208,2020,HOU
2020_09_LV_LAC,LAC,8.535247105623977,-10.719360782037638,0.1121482402086258,-2.0719654362050353,2020,LV
2020_09_LV_LAC,LV,10.719360782037638,-8.535247105623977,0.18897593021392822,2.3730896066275893,2020,LAC
2020_09_MIA_ARI,ARI,16.004796448497736,-12.703337974977973,0.0315241813659668,3.332982654885729,2020,MIA
2020_09_MIA_ARI,MIA,12.703337974977973,-16.004796448497736,-0.3254402428865433,-3.6268987164063056,2020,ARI
2020_09_NE_NYJ,NE,17.39770903993425,-14.72374520819714,-0.19136971235275269,2.4825941193843555,2020,NYJ
2020_09_NE_NYJ,NYJ,14.72374520819714,-17.39770903993425,-0.33983495831489563,-3.013798790052004,2020,NE
2020_09_NO_TB,NO,17.735460758196066,13.05717193288217,0.19064133241772652,30.983274023495962,2020,TB
2020_09_NO_TB,TB,-13.05717193288217,-17.735460758196066,0.0703410804271698,-30.722291610651066,2020,NO
2020_09_NYG_WAS,NYG,0.6897001891631709,-3.6892145359948922,-0.14547789096832275,-3.144992237800044,2020,WAS
2020_09_NYG_WAS,WAS,3.6892145359948922,-0.6897001891631709,-0.017975881695747375,2.9815384651359738,2020,NYG
2020_09_PIT_DAL,DAL,-0.3605827936420839,-6.559486887269518,0.03167007118463516,-6.888399609726966,2020,PIT
2020_09_PIT_DAL,PIT,6.559486887269518,0.3605827936420839,-0.027814075350761414,6.89225560556084,2020,DAL
2020_09_SEA_BUF,BUF,12.569145044089145,-17.38946326873552,0.7422201782464981,-4.078098046399875,2020,SEA
2020_09_SEA_BUF,SEA,17.38946326873552,-12.569145044089145,0.2120772898197174,5.03239551446609,2020,BUF
2020_10_BAL_NE,BAL,5.029386526874238,-8.025797910764867,-0.3121483903378248,-3.3085597742284536,2020,NE
2020_10_BAL_NE,NE,8.025797910764867,-5.029386526874238,0.14517131447792053,3.1415826983685493,2020,BAL
2020_10_BUF_ARI,ARI,12.267240756647224,-6.308437632291913,-0.09108258038759232,5.867720543967719,2020,BUF
2020_10_BUF_ARI,BUF,6.308437632291913,-12.267240756647224,0.025189585983753204,-5.933613538371558,2020,ARI
2020_10_CIN_PIT,CIN,-6.755798119706709,-6.828880127426948,-0.1316942349076271,-13.716372482041283,2020,PIT
2020_10_CIN_PIT,PIT,6.828880127426948,6.755798119706709,0.44710323959589005,14.031781486729546,2020,CIN
2020_10_DEN_LV,DEN,-3.8002929188721035,-8.825466130284305,-0.09861525893211365,-12.724374308088521,2020,LV
2020_10_DEN_LV,LV,8.825466130284305,3.8002929188721035,0.7641068696975708,13.389865918853978,2020,DEN
2020_10_HOU_CLE,CLE,-2.43110297963218,6.445374970196921,-0.4115282744169235,3.6027437161478177,2020,HOU
2020_10_HOU_CLE,HOU,-6.445374970196921,2.43110297963218,-0.09864584356546402,-4.112917834130205,2020,CLE
2020_10_IND_TEN,IND,11.067425162095198,-1.6946789432333906,0.2709421366453171,9.643688355507123,2020,TEN
2020_10_IND_TEN,TEN,1.6946789432333906,-11.067425162095198,0.08710545301437378,-9.285640765847432,2020,IND
2020_10_JAX_GB,GB,3.870530350571307,8.873309807409068,-0.2318117767572403,12.512028381223136,2020,JAX
2020_10_JAX_GB,JAX,-8.873309807409068,-3.870530350571307,0.2171815186738968,-12.52665863930648,2020,GB
2020_10_LAC_MIA,LAC,6.381256783116102,-2.637767299843798,0.6438301056623459,4.38731958893465,2020,MIA
2020_10_LAC_MIA,MIA,2.637767299843798,-6.381256783116102,0.9837961345911026,-2.7596933486812016,2020,LAC
2020_10_MIN_CHI,CHI,-11.788302003487754,3.1930522312323317,0.12134715914726257,-8.473902613108159,2020,MIN
2020_10_MIN_CHI,MIN,-3.1930522312323317,11.788302003487754,0.012919336557388306,8.60816910881281,2020,CHI
2020_10_PHI_NYG,NYG,5.31517782370697,-1.8777121927894465,0.1292191445827484,3.5666847755002715,2020,PHI
2020_10_PHI_NYG,PHI,1.8777121927894465,-5.31517782370697,-0.22392356395721436,-3.6613891948747375,2020,NYG
2020_10_SEA_LA,LA,7.444975876477317,2.3780395986769625,-0.27740660309791565,9.545608872056363,2020,SEA
2020_10_SEA_LA,SEA,-2.3780395986769625,-7.444975876477317,0.11042480915784836,-9.71259066599643,2020,LA
2020_10_SF_NO,NO,-1.3278993483174777,5.197267402633668,0.6333242207765579,4.502692275092748,2020,SF
2020_10_SF_NO,SF,-5.197267402633668,1.3278993483174777,-0.002523981034755707,-3.871892035350946,2020,NO
2020_10_TB_CAR,CAR,1.1147180316029288,-22.849580046473445,0.6224869266152382,-21.112375088255277,2020,TB
2020_10_TB_CAR,TB,22.849580046473445,-1.1147180316029288,0.3893473371863365,22.12420935205685,2020,CAR
2020_10_WAS_DET,DET,13.633774984750497,-11.518440155973593,-0.4190066922456026,1.6963281365313012,2020,WAS
2020_10_WAS_DET,WAS,11.518440155973593,-13.633774984750497,0.1762537956237793,-1.9390810331531245,2020,DET
2020_11_ARI_SEA,ARI,5.395904465137644,-11.06597752197383,0.16181781888008118,-5.508255237956105,2020,SEA
2020_11_ARI_SEA,SEA,11.06597752197383,-5.395904465137644,-0.08863135427236557,5.58144170256382,2020,ARI
2020_11_ATL_NO,ATL,-7.095270425803853,-6.559045689084555,-0.40923276729881763,-14.063548882187225,2020,NO
2020_11_ATL_NO,NO,6.559045689084555,7.095270425803853,-0.16411209106445312,13.490204023823955,2020,ATL
2020_11_CIN_WAS,CIN,-8.969463274086829,5.270534771691278,-0.47868743911385536,-4.177615941509407,2020,WAS
2020_11_CIN_WAS,WAS,-5.270534771691278,8.969463274086829,0.12215196341276169,3.821080465808313,2020,CIN
2020_11_DAL_MIN,DAL,10.5536966858261,-12.819878942194247,-0.008866831660270691,-2.2750490880284175,2020,MIN
2020_11_DAL_MIN,MIN,12.819878942194247,-10.5536966858261,-0.26352591812610626,2.0026563382420406,2020,DAL
2020_11_DET_CAR,CAR,-2.594085471581354,16.271199181166534,0.1111956387758255,13.788309348361004,2020,DET
2020_11_DET_CAR,DET,-16.271199181166534,2.594085471581354,0.04157915711402893,-13.63553455247115,2020,CAR
2020_11_GB_IND,GB,7.212647896051736,-4.802218998689269,-0.06338577717542648,2.347043120187041,2020,IND
2020_11_GB_IND,IND,4.802218998689269,-7.212647896051736,0.33650918304920197,-2.0739197143132655,2020,GB
2020_11_KC_LV,KC,23.27972842747651,-18.25144543961931,-0.28735390305519104,4.7409290848020085,2020,LV
2020_11_KC_LV,LV,18.25144543961931,-23.27972842747651,-0.09087016433477402,-5.1191531521919735,2020,KC
2020_11_LA_TB,LA,3.5461624445982243,-0.053178443964766786,-0.22660724073648453,3.266376759896973,2020,TB
2020_11_LA_TB,TB,0.053178443964766786,-3.5461624445982243,0.21665117144584656,-3.276332829187611,2020,LA
2020_11_MIA_DEN,DEN,1.3274064415998006,6.8736709338124315,-0.23785219341516495,7.963225181997068,2020,MIA
2020_11_MIA_DEN,MIA,-6.8736709338124315,-1.3274064415998006,0.10561932623386383,-8.095458049178369,2020,DEN
2020_11_NE_HOU,HOU,11.859494466038765,-6.872128599641143,-0.13784412294626236,4.849521743451359,2020,NE
2020_11_NE_HOU,NE,6.872128599641143,-11.859494466038765,-0.15058905631303787,-5.13795492271066,2020,HOU
2020_11_NYJ_LAC,LAC,10.876426349905786,-9.506892656623531,-0.335559219121933,1.0339744741603223,2020,NYJ
2020_11_NYJ_LAC,NYJ,9.506892656623531,-10.876426349905786,0.4990835189819336,-0.8704501743003217,2020,LAC
2020_11_PHI_CLE,CLE,-7.5729592825160355,6.782948364208811,-0.3935695104300976,-1.1835804287373222,2020,PHI
2020_11_PHI_CLE,PHI,-6.782948364208811,7.5729592825160355,0.29825691133737564,1.0882678296446002,2020,CLE
2020_11_PIT_JAX,JAX,-15.48318901651159,-6.158445021652744,0.03828056901693344,-21.6033534691474,2020,PIT
2020_11_PIT_JAX,PIT,6.158445021652744,15.48318901651159,-0.5393107421696186,21.102323295994715,2020,JAX
2020_11_TEN_BAL,BAL,3.420589002984139,-13.688172304616248,0.11198399215936661,-10.155599309472743,2020,TEN
2020_11_TEN_BAL,TEN,13.688172304616248,-3.420589002984139,0.08080103993415833,10.348384341566268,2020,BAL
2020_12_ARI_NE,ARI,-1.79197616181064,0.831324944711958,0.16678962111473083,-0.7938615959839512,2020,NE
2020_12_ARI_NE,NE,-0.831324944711958,1.79197616181064,0.3951632082462311,1.3558144253449131,2020,ARI
2020_12_BAL_PIT,BAL,-7.655913207981822,12.70367211638616,0.1283385157585144,5.176097424162853,2020,PIT
2020_12_BAL_PIT,PIT,-12.70367211638616,7.655913207981822,0.5586218237876892,-4.489137084616649,2020,BAL
2020_12_CAR_MIN,CAR,-3.262397180584765,-10.15446554092431,0.07635750249028206,-13.340505219018793,2020,MIN
2020_12_CAR_MIN,MIN,10.15446554092431,3.262397180584765,-0.23746167123317719,13.179401050275898,2020,CAR
2020_12_CHI_GB,CHI,9.45218118157595,-20.131184806299785,0.3828625977039337,-10.296141027019901,2020,GB
2020_12_CHI_GB,GB,20.131184806299785,-9.45218118157595,-0.38062684424221516,10.29837678048162,2020,CHI
2020_12_CLE_JAX,CLE,10.872835892560092,-9.3490189147955,-0.016436457633972168,1.507380520130619,2020,JAX
2020_12_CLE_JAX,JAX,9.3490189147955,-10.872835892560092,0.23038243502378464,-1.2934345427408065,2020,CLE
2020_12_HOU_DET,DET,2.9413525486390206,-12.555932554414657,0.2864331156015396,-9.328146890174096,2020,HOU
2020_12_HOU_DET,HOU,12.555932554414657,-2.9413525486390206,-0.01796385645866394,9.596616149316972,2020,DET
2020_12_KC_TB,KC,8.687026716178885,-7.262313086727961,-0.3501514047384262,1.0745622247124977,2020,TB
2020_12_KC_TB,TB,7.262313086727961,-8.687026716178885,0.02854865789413452,-1.3961649715567894,2020,KC
2020_12_LAC_BUF,BUF,3.7959481256881458,4.3398567239746075,0.3547469526529312,8.490551802315684,2020,LAC
2020_12_LAC_BUF,LAC,-4.3398567239746075,-3.7959481256881458,-0.07177793979644775,-8.2075827894592,2020,BUF
2020_12_LV_ATL,ATL,8.206022153402955,16.59734301961278,0.023884467780590057,24.827249640796325,2020,LV
2020_12_LV_ATL,LV,-16.59734301961278,-8.206022153402955,0.15697918832302094,-24.646385984692714,2020,ATL
2020_12_MIA_NYJ,MIA,0.25220809388391574,20.50932421318658,-0.18048642575740814,20.581045881313088,2020,NYJ
2020_12_MIA_NYJ,NYJ,-20.50932421318658,-0.25220809388391574,0.44378601014614105,-20.317746296924355,2020,MIA
2020_12_NO_DEN,DEN,-15.798221262503388,-7.309161496143142,0.052368782460689545,-23.05501397618584,2020,NO
2020_12_NO_DEN,NO,7.309161496143142,15.798221262503388,-0.23016162030398846,22.87722113834254,2020,DEN
2020_12_NYG_CIN,CIN,-7.567060835967149,2.1150335185040654,-0.08602603524923325,-5.538053352712318,2020,NYG
2020_12_NYG_CIN,NYG,-2.1150335185040654,7.567060835967149,-0.09928353875875473,5.35274377870433,2020,CIN
2020_12_SEA_PHI,PHI,-0.7745680497716902,-0.519544761681872,0.00535544753074646,-1.2887573639228158,2020,SEA
2020_12_SEA_PHI,SEA,0.519544761681872,0.7745680497716902,0.42336133122444153,1.7174741426780038,2020,PHI
2020_12_SF_LA,LA,-10.360536047231284,12.037937053282683,-0.2295130491256714,1.4478879569257277,2020,SF
2020_12_SF_LA,SF,-12.037937053282683,10.360536047231284,-0.2809211537241936,-1.9583221597755927,2020,LA
2020_12_TEN_IND,IND,13.623919700301382,-18.068499235926037,-0.12091618031263351,-4.565495715937288,2020,TEN
2020_12_TEN_IND,TEN,18.068499235926037,-13.623919700301382,0.13511957228183746,4.579699107906492,2020,IND
2020_12_WAS_DAL,DAL,-3.8011906553358537,-11.300858419317077,0.3686230778694153,-14.733425996783515,2020,WAS
2020_12_WAS_DAL,WAS,11.300858419317077,3.8011906553358537,0.3691699355840683,15.471219010236998,2020,DAL
2020_13_BUF_SF,BUF,17.723154660546133,-6.038226358063343,0.1402121502906084,11.825140452773397,2020,SF
2020_13_BUF_SF,SF,6.038226358063343,-17.723154660546133,0.5492425858974457,-11.135685716585343,2020,BUF
2020_13_CIN_MIA,CIN,-10.071452438632523,-0.7353451520015429,0.1580185890197754,-10.64877900161429,2020,MIA
2020_13_CIN_MIA,MIA,0.7353451520015429,10.071452438632523,-0.32343893498182297,10.483358655652243,2020,CIN
2020_13_CLE_TEN,CLE,20.492722347340298,-12.855498006726208,-0.2456001490354538,7.391624191578636,2020,TEN
2020_13_CLE_TEN,TEN,12.855498006726208,-20.492722347340298,0.7483080215752125,-6.888916319038877,2020,CLE
2020_13_DAL_BAL,BAL,14.72753853822147,1.2793556428805846,0.14139403402805328,16.14828821513011,2020,DAL
2020_13_DAL_BAL,DAL,-1.2793556428805846,-14.72753853822147,0.2077288031578064,-15.799165377944249,2020,BAL
2020_13_DEN_KC,DEN,3.6020199721442268,-7.960658495683486,-0.27045367658138275,-4.629092200120642,2020,KC
2020_13_DEN_KC,KC,7.960658495683486,-3.6020199721442268,-0.31968751549720764,4.038951008042051,2020,DEN
2020_13_DET_CHI,CHI,11.516645568804392,-12.940767820901538,-0.045413777232170105,-1.4695360293293156,2020,DET
2020_13_DET_CHI,DET,12.940767820901538,-11.516645568804392,0.2916331849992275,1.715755437096373,2020,CHI
2020_13_IND_HOU,HOU,2.9331447443502476,-5.351707534191808,-0.0906544178724289,-2.5092172077139896,2020,IND
2020_13_IND_HOU,IND,5.351707534191808,-2.9331447443502476,-0.030638426542282104,2.3879243632992786,2020,HOU
2020_13_JAX_MIN,JAX,-3.0892838771055287,3.3477644837546525,-0.6571511048823595,-0.39867049823323564,2020,MIN
2020_13_JAX_MIN,MIN,-3.3477644837546525,3.0892838771055287,-0.24674997851252556,-0.5052305851616494,2020,JAX
2020_13_LA_ARI,ARI,3.896898387406825,-9.859885905287715,0.4372767508029938,-5.525710767077896,2020,LA
2020_13_LA_ARI,LA,9.859885905287715,-3.896898387406825,0.2635936290025711,6.226581146883461,2020,ARI
2020_13_LV_NYJ,LV,8.645265934974066,-9.434764209455102,-0.07139872014522552,-0.8608969946262608,2020,NYJ
2020_13_LV_NYJ,NYJ,9.434764209455102,-8.645265934974066,-0.5211530216038227,0.26834525287721256,2020,LV
2020_13_NE_LAC,LAC,-7.787244882112004,-14.264851699438223,-0.6913871932774782,-22.743483774827705,2020,NE
2020_13_NE_LAC,NE,14.264851699438223,7.787244882112004,-0.25852780416607857,21.79356877738415,2020,LAC
2020_13_NO_ATL,ATL,-2.1412574382631675,0.36229035748300387,-0.10913316160440445,-1.888100242384568,2020,NO
2020_13_NO_ATL,NO,-0.36229035748300387,2.1412574382631675,-0.050528280436992645,1.728438800343171,2020,ATL
2020_13_NYG_SEA,NYG,-2.8385724568104176,9.473483879551669,-0.3193009179085493,6.315610504832701,2020,SEA
2020_13_NYG_SEA,SEA,-9.473483879551669,2.8385724568104176,-0.1498018056154251,-6.784713228356676,2020,NYG
2020_13_PHI_GB,GB,16.449342076963543,3.8601554380556333,-0.5055228620767593,19.803974652942415,2020,PHI
2020_13_PHI_GB,PHI,-3.8601554380556333,-16.449342076963543,0.08982041478157043,-20.219677100237604,2020,GB
2020_13_WAS_PIT,PIT,-5.882720110588799,0.2411556380769131,-0.07840861938893795,-5.719973091900824,2020,WAS
2020_13_WAS_PIT,WAS,-0.2411556380769131,5.882720110588799,0.11295069009065628,5.754515162602543,2020,PIT
2020_14_ARI_NYG,ARI,-3.959523626209362,7.116370056955122,0.6409225799143314,3.7977690106600916,2020,NYG
2020_14_ARI_NYG,NYG,-7.116370056955122,3.959523626209362,-0.18366368860006332,-3.3405101193458235,2020,ARI
2020_14_ATL_LAC,ATL,1.979012610002036,-4.347910753523485,-0.07543368637561798,-2.444331829897067,2020,LAC
2020_14_ATL_LAC,LAC,4.347910753523485,-1.979012610002036,-0.33422277495265007,2.034675368568799,2020,ATL
2020_14_BAL_CLE,BAL,21.001540990501777,-25.103944983270658,0.3538227826356888,-3.7485812101331923,2020,CLE
2020_14_BAL_CLE,CLE,25.103944983270658,-21.001540990501777,-0.4170669727027416,3.6853370200661395,2020,BAL
2020_14_DAL_CIN,CIN,-5.827765148125225,-5.288104319260384,-0.0026400983333587646,-11.118509565718968,2020,DAL
2020_14_DAL_CIN,DAL,5.288104319260384,5.827765148125225,0.27755919098854065,11.39342865837415,2020,CIN
2020_14_DEN_CAR,CAR,7.372951250948526,-12.520948389577109,0.4959479719400406,-4.652049166688542,2020,DEN
2020_14_DEN_CAR,DEN,12.520948389577109,-7.372951250948526,-0.17247026413679123,4.975526874491791,2020,CAR
2020_14_GB_DET,DET,10.792823335313969,-16.402652251641257,-0.04898744821548462,-5.658816364542773,2020,GB
2020_14_GB_DET,GB,16.402652251641257,-10.792823335313969,-0.05052664130926132,5.559302275018027,2020,DET
2020_14_HOU_CHI,CHI,11.94935163309686,5.404249481973737,-0.19491775333881378,17.158683361731782,2020,HOU
2020_14_HOU_CHI,HOU,-5.404249481973737,-11.94935163309686,0.0033310651779174805,-17.35027004989268,2020,CHI
2020_14_IND_LV,IND,20.77173803022983,-11.743631258712654,-0.017495304346084595,9.010611467171092,2020,LV
2020_14_IND_LV,LV,11.743631258712654,-20.77173803022983,0.22054550051689148,-8.807561271000285,2020,IND
2020_14_KC_MIA,KC,2.850034831181427,-4.354210489587725,-0.09826135635375977,-1.6024370147600577,2020,MIA
2020_14_KC_MIA,MIA,4.354210489587725,-2.850034831181427,-0.34513094276189804,1.1590447156444,2020,KC
2020_14_MIN_TB,MIN,1.0926748880156911,-12.323145615625146,0.05384386330842972,-11.176626864301024,2020,TB
2020_14_MIN_TB,TB,12.323145615625146,-1.0926748880156911,-0.3924440275877714,10.838026700021683,2020,MIN
2020_14_NE_LA,LA,2.273191482230377,16.654860871327575,-0.4419047683477402,18.48614758521021,2020,NE
2020_14_NE_LA,NE,-16.654860871327575,-2.273191482230377,0.6029485948383808,-18.32510375871957,2020,LA
2020_14_NO_PHI,NO,1.448532667893661,-2.2387434339151504,0.05124960094690323,-0.7389611650745862,2020,PHI
2020_14_NO_PHI,PHI,2.2387434339151504,-1.448532667893661,-0.08651228994131088,0.7036984760801785,2020,NO
2020_14_NYJ_SEA,NYJ,-12.970060442052219,-19.22613836781317,-0.11838117055594921,-32.31457998042134,2020,SEA
2020_14_NYJ_SEA,SEA,19.22613836781317,12.970060442052219,0.14652419090270996,32.3427230007681,2020,NYJ
2020_14_PIT_BUF,BUF,-1.5950135322576136,7.758560297863298,0.005718708038330078,6.169265473644014,2020,PIT
2020_14_PIT_BUF,PIT,-7.758560297863298,1.5950135322576136,-0.256682388484478,-6.420229154090162,2020,BUF
2020_14_TEN_JAX,JAX,-7.345759536058843,-10.61662998937566,-0.04781255125999451,-18.010202076694497,2020,TEN
2020_14_TEN_JAX,TEN,10.61662998937566,7.345759536058843,-0.09670562297105789,17.865683902463445,2020,JAX
2020_14_WAS_SF,SF,-11.284848554376197,12.40767275243717,-0.107929777354002,1.0148944207069714,2020,WAS
2020_14_WAS_SF,WAS,-12.40767275243717,11.284848554376197,-0.017913073301315308,-1.1407372713622888,2020,SF
2020_15_BUF_DEN,BUF,23.375087941639418,-4.9797824581259,0.2654825896024704,18.660788073115988,2020,DEN
2020_15_BUF_DEN,DEN,4.9797824581259,-23.375087941639418,-0.04361109435558319,-18.4389165778691,2020,BUF
2020_15_CAR_GB,CAR,0.8705268709199132,-6.772142991436997,0.07712392508983612,-5.824492195427248,2020,GB
2020_15_CAR_GB,GB,6.772142991436997,-0.8705268709199132,-0.2842392325401306,5.6173768879769534,2020,CAR
2020_15_CHI_MIN,CHI,12.757022321193451,-11.291600869940273,0.18065436370670795,1.646075814959886,2020,MIN
2020_15_CHI_MIN,MIN,11.291600869940273,-12.757022321193451,-0.12643613666296005,-1.591857587916138,2020,CHI
2020_15_CLE_NYG,CLE,9.106881887632285,5.502305851229654,-0.10511249303817749,14.504075245823762,2020,NYG
2020_15_CLE_NYG,NYG,-5.502305851229654,-9.106881887632285,0.08147958666086197,-14.527708152201077,2020,CLE
2020_15_DET_TEN,DET,9.846193895623099,-28.133460078378647,0.3155416250228882,-17.97172455773266,2020,TEN
2020_15_DET_TEN,TEN,28.133460078378647,-9.846193895623099,-0.35148584842681885,17.93578033432873,2020,DET
2020_15_HOU_IND,HOU,7.900208486179917,-13.936308780356308,-0.011897236108779907,-6.047997530285171,2020,IND
2020_15_HOU_IND,IND,13.936308780356308,-7.900208486179917,-0.09924173355102539,5.936858560625366,2020,HOU
2020_15_JAX_BAL,BAL,21.752665807430414,-4.138695433327331,-0.29110973328351974,17.322860640819563,2020,JAX
2020_15_JAX_BAL,JAX,4.138695433327331,-21.752665807430414,-0.2567643113434315,-17.870734685446514,2020,BAL
2020_15_KC_NO,KC,5.259286616813471,-5.593507329657413,0.1232016384601593,-0.21101907438378298,2020,NO
2020_15_KC_NO,NO,5.593507329657413,-5.259286616813471,0.10975831001996994,0.4439790228639122,2020,KC
2020_15_LAC_LV,LAC,12.273720839013443,-11.821848956743498,0.08073592185974121,0.532607804129686,2020,LV
2020_15_LAC_LV,LV,11.821848956743498,-12.273720839013443,-0.5333671923726797,-0.9852390746426245,2020,LAC
2020_15_NE_MIA,MIA,6.077861996536637,1.456075505294018,-0.2795202136039734,7.254417288226682,2020,NE
2020_15_NE_MIA,NE,-1.456075505294018,-6.077861996536637,-0.1170489639043808,-7.650986465735036,2020,MIA
2020_15_NYJ_LA,LA,2.158443599260459,-0.0684588070216412,0.1302504763007164,2.2202352685395343,2020,NYJ
2020_15_NYJ_LA,NYJ,0.0684588070216412,-2.158443599260459,0.21700144559144974,-1.8729833466473682,2020,LA
2020_15_PHI_ARI,ARI,4.131723936480569,-7.120940490951478,0.3490060791373253,-2.6402104753335838,2020,PHI
2020_15_PHI_ARI,PHI,7.120940490951478,-4.131723936480569,-0.04697282612323761,2.9422437283476714,2020,ARI
2020_15_PIT_CIN,CIN,-4.251887922455097,3.1371269409765334,0.49795404076576233,-0.6168069407128014,2020,PIT
2020_15_PIT_CIN,PIT,-3.1371269409765334,4.251887922455097,0.14347855746746063,1.2582395389460244,2020,CIN
2020_15_SEA_WAS,SEA,2.0703438770541256,-2.081824497369322,0.03700706362724304,0.025526443312046787,2020,WAS
2020_15_SEA_WAS,WAS,2.081824497369322,-2.0703438770541256,-0.22001208364963531,-0.20853146333443906,2020,SEA
2020_15_SF_DAL,DAL,3.1252692091214707,-13.751820952265199,0.4061659276485443,-10.220385815495185,2020,SF
2020_15_SF_DAL,SF,13.751820952265199,-3.1252692091214707,-0.5396588928997517,10.086892850243977,2020,DAL
2020_15_TB_ATL,ATL,8.406289582558111,-10.890255748436095,-0.015211373567581177,-2.499177539445565,2020,TB
2020_15_TB_ATL,TB,10.890255748436095,-8.406289582558111,0.2146853506565094,2.6986515165344933,2020,ATL
2020_16_ATL_KC,ATL,-0.43395382919589975,-1.2286196410695753,-0.3572297990322113,-2.0198032692976864,2020,KC
2020_16_ATL_KC,KC,1.2286196410695753,0.43395382919589975,0.02399948239326477,1.6865729526587399,2020,ATL
2020_16_BUF_NE,BUF,22.56740452037932,3.555428374653595,-0.05009590461850166,26.072736990414413,2020,NE
2020_16_BUF_NE,NE,-3.555428374653595,-22.56740452037932,0.08884073793888092,-26.033992157094033,2020,BUF
2020_16_CAR_WAS,CAR,2.2208198663361323,1.6537353284742284,-0.23155371844768524,3.6430014763626755,2020,WAS
2020_16_CAR_WAS,WAS,-1.6537353284742284,-2.2208198663361323,-0.4011394213885069,-4.275694616198868,2020,CAR
2020_16_CHI_JAX,CHI,19.462827374510738,-1.488182687418239,-0.10146734490990639,17.873177342182593,2020,JAX
2020_16_CHI_JAX,JAX,1.488182687418239,-19.462827374510738,0.0038374047726392746,-17.97080728231986,2020,CHI
2020_16_CIN_HOU,CIN,19.5622817946079,-13.73044693317855,-0.21335867047309875,5.618476190956253,2020,HOU
2020_16_CIN_HOU,HOU,13.73044693317855,-19.5622817946079,-0.2342694215476513,-6.066104282977003,2020,CIN
2020_16_CLE_NYJ,CLE,-3.6382797864528187,1.5260611233696302,-0.01802833378314972,-2.1302469968663384,2020,NYJ
2020_16_CLE_NYJ,NYJ,-1.5260611233696302,3.6382797864528187,0.188696026802063,2.3009146898852517,2020,CLE
2020_16_DEN_LAC,DEN,-1.296691387753307,-1.1111303620483075,0.10242459923028946,-2.3053971505713253,2020,LAC
2020_16_DEN_LAC,LAC,1.1111303620483075,1.296691387753307,-0.15144983679056168,2.256371913011053,2020,DEN
2020_16_IND_PIT,IND,3.494982255279376,-4.253932844374025,-0.06418820470571518,-0.8231387938003638,2020,PIT
2020_16_IND_PIT,PIT,4.253932844374025,-3.494982255279376,0.4448169879615307,1.2037675770561793,2020,IND
2020_16_LA_SEA,LA,-6.7697953238847575,0.7556353055127594,-0.2019224464893341,-6.216082464861332,2020,SEA
2020_16_LA_SEA,SEA,-0.7556353055127594,6.7697953238847575,0.02015894651412964,6.034318964886127,2020,LA
2020_16_MIA_LV,LV,4.803347231625265,-8.202801569061092,0.1552869901061058,-3.2441673473297215,2020,MIA
2020_16_MIA_LV,MIA,8.202801569061092,-4.803347231625265,-0.08272362127900124,3.316730716156826,2020,LV
2020_16_MIN_NO,MIN,16.02655192700985,-33.35326824176641,-0.09133330732584,-17.418049622082396,2020,NO
2020_16_MIN_NO,NO,33.35326824176641,-16.02655192700985,0.09304362535476685,17.419759940111323,2020,MIN
2020_16_NYG_BAL,BAL,11.85203245695988,-2.381707026433995,-0.0746031105518341,9.39572231997405,2020,NYG
2020_16_NYG_BAL,NYG,2.381707026433995,-11.85203245695988,-0.16288337111473083,-9.633208801640615,2020,BAL
2020_16_PHI_DAL,DAL,17.837129045840655,5.356874778071745,-0.3979630321264267,22.796040791785973,2020,PHI
2020_16_PHI_DAL,PHI,-5.356874778071745,-17.837129045840655,0.2506465120241046,-22.943357311888295,2020,DAL
2020_16_SF_ARI,ARI,-5.484509157486886,-1.0945214484890387,-0.2943914346396923,-6.873422040615617,2020,SF
2020_16_SF_ARI,SF,1.0945214484890387,5.484509157486886,-0.28597281128168106,6.293057794694244,2020,ARI
2020_16_TB_DET,DET,-7.201176427046487,-30.870375000101305,-0.8653333075344563,-38.93688473468225,2020,TB
2020_16_TB_DET,TB,30.870375000101305,7.201176427046487,-0.48304025270044804,37.58851117444735,2020,DET
2020_16_TEN_GB,GB,23.30546126280161,0.7354165954108794,0.05973566323518753,24.100613521447677,2020,TEN
2020_16_TEN_GB,TEN,-0.7354165954108794,-23.30546126280161,0.33487091958522797,-23.70600693862726,2020,GB
2020_17_ARI_LA,ARI,-12.62238800178202,6.941562538027717,-0.16867176443338394,-5.849497228187688,2020,LA
2020_17_ARI_LA,LA,-6.941562538027717,12.62238800178202,-0.31011946499347687,5.370705998760827,2020,ARI
2020_17_ATL_TB,ATL,11.514028435930035,-22.855732190545947,0.14464016258716583,-11.197063592028746,2020,TB
2020_17_ATL_TB,TB,22.855732190545947,-11.514028435930035,-0.008281156420707703,11.333422598195204,2020,ATL
2020_17_BAL_CIN,BAL,22.038422224664853,14.993504885276291,-0.6276907995343208,36.40423631040682,2020,CIN
2020_17_BAL_CIN,CIN,-14.993504885276291,-22.038422224664853,0.12397269159555435,-36.90795441834559,2020,BAL
2020_17_DAL_NYG,DAL,-3.2006307495234063,-1.9925016584781727,-0.07373770326375961,-5.266870111265339,2020,NYG
2020_17_DAL_NYG,NYG,1.9925016584781727,3.2006307495234063,0.035631611943244934,5.228764019944824,2020,DAL
2020_17_GB_CHI,CHI,-3.079400649743064,-19.10382934965917,0.5490085333585739,-21.63422146604366,2020,GB
2020_17_GB_CHI,GB,19.10382934965917,3.079400649743064,0.11049643158912659,22.29372643099136,2020,CHI
2020_17_JAX_IND,IND,1.1632670343446097,4.388995112883784,0.0802349615842104,5.632497108812604,2020,JAX
2020_17_JAX_IND,JAX,-4.388995112883784,-1.1632670343446097,-0.013460084795951843,-5.565722232024346,2020,IND
2020_17_LAC_KC,KC,9.630196832827352,-16.85219210071522,-0.21574054658412933,-7.437735814471999,2020,LAC
2020_17_LAC_KC,LAC,16.85219210071522,-9.630196832827352,0.2883647382259369,7.510360006113807,2020,KC
2020_17_LV_DEN,DEN,2.3568468330926353,-7.850123148120627,-0.26238798163831234,-5.755664296666303,2020,LV
2020_17_LV_DEN,LV,7.850123148120627,-2.3568468330926353,0.06907220184803009,5.562348516876021,2020,DEN
2020_17_MIA_BUF,BUF,15.971754963035265,-5.059416201941031,-0.0031842589378356934,10.909154502156397,2020,MIA
2020_17_MIA_BUF,MIA,5.059416201941031,-15.971754963035265,0.01820746809244156,-10.894131293001792,2020,BUF
2020_17_MIN_DET,DET,21.96537430848332,-15.731848671106466,-0.060401007533073425,6.17312462984378,2020,MIN
2020_17_MIN_DET,MIN,15.731848671106466,-21.96537430848332,0.040445536375045776,-6.193080101001808,2020,DET
2020_17_NO_CAR,CAR,-8.335117530264691,-10.872282118935626,-0.05314435064792633,-19.260543999848245,2020,NO
2020_17_NO_CAR,NO,10.872282118935626,8.335117530264691,-0.2838732711970806,18.92352637800324,2020,CAR
2020_17_NYJ_NE,NE,8.467973201780786,0.6372884900083192,-0.02567809820175171,9.079583593587355,2020,NYJ
2020_17_NYJ_NE,NYJ,-0.6372884900083192,-8.467973201780786,-0.4400632418692112,-9.545324933658318,2020,NE
2020_17_PIT_CLE,CLE,5.201677110902597,-7.467872754415023,-0.09733773022890091,-2.363533373741326,2020,PIT
2020_17_PIT_CLE,PIT,7.467872754415023,-5.201677110902597,0.23222225904464722,2.4984179025570725,2020,CLE
2020_17_SEA_SF,SEA,5.3689501788436145,-4.378898863174207,-0.22901521436870098,0.7610361013007063,2020,SF
2020_17_SEA_SF,SF,4.378898863174207,-5.3689501788436145,-0.028686970472335815,-1.018738286141743,2020,SEA
2020_17_TEN_HOU,HOU,20.34937219997031,-22.661603367941442,0.24868972599506378,-2.063541441976067,2020,TEN
2020_17_TEN_HOU,TEN,22.661603367941442,-20.34937219997031,-0.04957793653011322,2.2626532314410177,2020,HOU
2020_17_WAS_PHI,PHI,-8.236617690489007,3.339889778572071,-0.23612136021256447,-5.1328492721295005,2020,WAS
2020_17_WAS_PHI,WAS,-3.339889778572071,8.236617690489007,-0.06939885020256042,4.827329061714376,2020,PHI
2021_01_ARI_TEN,ARI,9.66279018488502,3.2321561282851246,0.4645997937768698,13.359546106947015,2021,TEN
2021_01_ARI_TEN,TEN,-3.2321561282851246,-9.66279018488502,-0.12608709186315536,-13.0210334050333,2021,ARI
2021_01_BAL_LV,BAL,4.455943019499457,-8.582887873434935,-0.045637890696525574,-4.172582744632003,2021,LV
2021_01_BAL_LV,LV,8.582887873434935,-4.455943019499457,-0.08352819830179214,4.043416655633686,2021,BAL
2021_01_CHI_LA,CHI,0.9339761106122547,-18.496276154613557,0.22003032267093658,-17.342269721330368,2021,LA
2021_01_CHI_LA,LA,18.496276154613557,-0.9339761106122547,-0.16865912079811096,17.393640923203193,2021,CHI
2021_01_CLE_KC,CLE,14.123296063312168,-16.378144362991065,-0.16715256124734879,-2.4220008609262464,2021,KC
2021_01_CLE_KC,KC,16.378144362991065,-14.123296063312168,0.4378499537706375,2.692698253449535,2021,CLE
2021_01_DAL_TB,DAL,7.11935668838615,-5.822144183228955,-0.35267276130616665,0.9445397438510277,2021,TB
2021_01_DAL_TB,TB,5.822144183228955,-7.11935668838615,-0.03908974677324295,-1.3363022519304373,2021,DAL
2021_01_DEN_NYG,DEN,14.56098231645994,-2.1512116682911433,-0.24699623882770538,12.162774409341091,2021,NYG
2021_01_DEN_NYG,NYG,2.1512116682911433,-14.56098231645994,-0.07546962797641754,-12.485240276145214,2021,DEN
2021_01_GB_NO,GB,-8.259733147949307,-18.262263727871193,-0.2062070593237877,-26.728203935144286,2021,NO
2021_01_GB_NO,NO,18.262263727871193,8.259733147949307,0.49445272237062454,27.016449598191123,2021,GB
2021_01_JAX_HOU,HOU,10.30149350527973,-3.5574956848052133,0.08894334733486176,6.832941167809379,2021,JAX
2021_01_JAX_HOU,JAX,3.5574956848052133,-10.30149350527973,-0.08553934097290039,-6.829537161447417,2021,HOU
2021_01_LAC_WAS,LAC,0.8672702157443348,-1.4146532348294132,0.32963554561138153,-0.21774747347369683,2021,WAS
2021_01_LAC_WAS,WAS,1.4146532348294132,-0.8672702157443348,-0.2652224227786064,0.28216059630647194,2021,LAC
2021_01_MIA_NE,MIA,1.166411638245339,-1.4066637503653632,-0.2551198750734329,-0.495371987193457,2021,NE
2021_01_MIA_NE,NE,1.4066637503653632,-1.166411638245339,0.06902126967906952,0.3092733817990936,2021,MIA
2021_01_MIN_CIN,CIN,3.2819357059575225,-4.150181718357654,-0.12628120929002762,-0.9945272216901593,2021,MIN
2021_01_MIN_CIN,MIN,4.150181718357654,-3.2819357059575225,-0.3651645854115486,0.503081426988583,2021,CIN
2021_01_NYJ_CAR,CAR,-4.758103714115972,4.556870087198119,0.19603146612644196,-0.0052021607914110035,2021,NYJ
2021_01_NYJ_CAR,NYJ,-4.556870087198119,4.758103714115972,-0.13161687552928925,0.06961675138856371,2021,CAR
2021_01_PHI_ATL,ATL,-7.8698384549380505,-10.173490366865462,-0.2766705621033907,-18.319999383906904,2021,PHI
2021_01_PHI_ATL,PHI,10.173490366865462,7.8698384549380505,-0.043604910373687744,17.999723911429825,2021,ATL
2021_01_PIT_BUF,BUF,-7.026194248174594,1.1090848150387589,0.4887663871049881,-5.428343046030847,2021,PIT
2021_01_PIT_BUF,PIT,-1.1090848150387589,7.026194248174594,-0.0651610940694809,5.851948339066354,2021,BUF
2021_01_SEA_IND,IND,0.4899117139426308,-7.525016144433098,-0.2589959017932415,-7.294100332283709,2021,SEA
2021_01_SEA_IND,SEA,7.525016144433098,-0.4899117139426308,0.19835494458675385,7.233459375077222,2021,IND
2021_01_SF_DET,DET,11.17036430995185,-14.31774819108771,-0.05947902053594589,-3.206862901671805,2021,SF
2021_01_SF_DET,SF,14.31774819108771,-11.17036430995185,0.07991994172334671,3.2273038228592057,2021,DET
2021_02_ATL_TB,ATL,0.9968514268673276,-8.32825839463865,0.1763007715344429,-7.15510619623688,2021,TB
2021_02_ATL_TB,TB,8.32825839463865,-0.9968514268673276,0.8029744327068329,8.134381400478155,2021,ATL
2021_02_BUF_MIA,BUF,9.77234582875208,19.574980894112535,-0.014972880482673645,29.33235384238194,2021,MIA
2021_02_BUF_MIA,MIA,-19.574980894112535,-9.77234582875208,0.44332408905029297,-28.904002633814322,2021,BUF
2021_02_CIN_CHI,CHI,-10.877529486527823,1.6825804478480242,0.23610831797122955,-8.958840720708569,2021,CIN
2021_02_CIN_CHI,CIN,-1.6825804478480242,10.877529486527823,0.1977274101227522,9.39267644880255,2021,CHI
2021_02_DAL_LAC,DAL,7.801414899646351,-2.1226422509237537,-0.46801379323005676,5.21075885549254,2021,LAC
2021_02_DAL_LAC,LAC,2.1226422509237537,-7.801414899646351,0.0827585905790329,-5.596014058143564,2021,DAL
2021_02_DEN_JAX,DEN,1.7155602116415687,8.259981032051781,-0.03652513399720192,9.939016109696148,2021,JAX
2021_02_DEN_JAX,JAX,-8.259981032051781,-1.7155602116415687,-0.17480584979057312,-10.150347093483923,2021,DEN
2021_02_DET_GB,DET,3.926898843222633,-19.718163234782075,0.05481155216693878,-15.736452839392504,2021,GB
2021_02_DET_GB,GB,19.718163234782075,-3.926898843222633,-0.04790136218070984,15.743363029378733,2021,DET
2021_02_HOU_CLE,CLE,10.282865888628859,-5.554454966175845,0.5370951890945435,5.265506111547557,2021,HOU
2021_02_HOU_CLE,HOU,5.554454966175845,-10.282865888628859,-0.2631183937191963,-4.99152931617221,2021,CLE
2021_02_KC_BAL,BAL,19.37389813029634,-11.237351429872025,-0.2238946110010147,7.9126520894233,2021,KC
2021_02_KC_BAL,KC,11.237351429872025,-19.37389813029634,-0.11823099851608276,-8.254777698940398,2021,BAL
2021_02_LA_IND,IND,-0.8455532210399216,-9.75305549755198,-0.08648048713803291,-10.685089205729934,2021,LA
2021_02_LA_IND,LA,9.75305549755198,0.8455532210399216,-0.22493967413902283,10.373669044452878,2021,IND
2021_02_LV_PIT,LV,7.141280190259443,-1.593554640833748,-0.05316798388957977,5.494557565536115,2021,PIT
2021_02_LV_PIT,PIT,1.593554640833748,-7.141280190259443,-0.14118682220578194,-5.688912371631477,2021,LV
2021_02_MIN_ARI,ARI,16.195021738121604,-9.953461916781352,-0.251113660633564,5.9904461607066875,2021,MIN
2021_02_MIN_ARI,MIN,9.953461916781352,-16.195021738121604,-0.5149783566594124,-6.756538177999664,2021,ARI
2021_02_NE_NYJ,NE,-0.4962942980627172,11.451780250201177,0.2723585218191147,11.227844473957575,2021,NYJ
2021_02_NE_NYJ,NYJ,-11.451780250201177,0.4962942980627172,0.27529266476631165,-10.680193287372148,2021,NE
2021_02_NO_CAR,CAR,4.983009990287856,14.670246578968376,-0.24722104705870152,19.40603552219753,2021,NO
2021_02_NO_CAR,NO,-14.670246578968376,-4.983009990287856,0.7548264861106873,-18.898430083145545,2021,CAR
2021_02_NYG_WAS,NYG,9.130505210945618,-12.602189195549585,0.02390110492706299,-3.447782879676904,2021,WAS
2021_02_NYG_WAS,WAS,12.602189195549585,-9.130505210945618,-0.16053669154644012,3.3111472930575268,2021,NYG
2021_02_SF_PHI,PHI,-2.103131753799315,-2.162137319709821,-0.09627386927604675,-4.361542942785182,2021,SF
2021_02_SF_PHI,SF,2.162137319709821,2.103131753799315,-0.14157643914222717,4.1236926343669085,2021,PHI
2021_02_TEN_SEA,SEA,9.58590767286065,-13.254816646972213,-0.2278345599770546,-3.8967435340886176,2021,TEN
2021_02_TEN_SEA,TEN,13.254816646972213,-9.58590767286065,0.012720257043838501,3.6816292311554015,2021,SEA
2021_03_ARI_JAX,ARI,6.915216305689905,5.900028981922554,-0.5434176251292229,12.271827662483236,2021,JAX
2021_03_ARI_JAX,JAX,-5.900028981922554,-6.915216305689905,0.09988651424646378,-12.715358773365995,2021,ARI
2021_03_ATL_NYG,ATL,-0.8910303663470172,0.22601518869469883,0.015483379364013672,-0.6495317982883047,2021,NYG
2021_03_ATL_NYG,NYG,-0.22601518869469883,0.8910303663470172,-0.40285810083150864,0.2621570768208097,2021,ATL
2021_03_BAL_DET,BAL,1.9346800394357584,0.5937576933592137,-0.14996326714754105,2.378474465647431,2021,DET
2021_03_BAL_DET,DET,-0.5937576933592137,-1.9346800394357584,-0.1167273074388504,-2.6451650402338225,2021,BAL
2021_03_CAR_HOU,CAR,9.299576045924631,6.0143318147601965,-0.439229229465127,14.874678631219702,2021,HOU
2021_03_CAR_HOU,HOU,-6.0143318147601965,-9.299576045924631,0.3535027951002121,-14.960405065584617,2021,CAR
2021_03_CHI_CLE,CHI,-11.570064284661036,-3.077033914031575,0.004436582326889038,-14.642661616365721,2021,CLE
2021_03_CHI_CLE,CLE,3.077033914031575,11.570064284661036,0.34769701957702637,14.994795218269637,2021,CHI
2021_03_CIN_PIT,CIN,1.9840140429223105,5.082702738041821,0.19645743072032928,7.26317421168446,2021,PIT
2021_03_CIN_PIT,PIT,-5.082702738041821,-1.9840140429223105,-0.3376031219959259,-7.404319902960057,2021,CIN
2021_03_GB_SF,GB,11.982972228370269,-10.120789488805137,-0.28391143679618835,1.5782713027689432,2021,SF
2021_03_GB_SF,SF,10.120789488805137,-11.982972228370269,0.19211384654045105,-1.6700688930246805,2021,GB
2021_03_IND_TEN,IND,-0.9642678044810573,-8.831422963558767,-0.014374718070030212,-9.810065486109854,2021,TEN
2021_03_IND_TEN,TEN,8.831422963558767,0.9642678044810573,0.14640502631664276,9.942095794356467,2021,IND
2021_03_LAC_KC,KC,8.440983013307738,-13.372756065568627,-0.13266340643167496,-5.064436458692564,2021,LAC
2021_03_LAC_KC,LAC,13.372756065568627,-8.440983013307738,-0.32624898850917816,4.6055240637517105,2021,KC
2021_03_MIA_LV,LV,8.401516749630227,0.24364161165681164,0.07917790114879608,8.724336262435834,2021,MIA
2021_03_MIA_LV,MIA,-0.24364161165681164,-8.401516749630227,0.16488809883594513,-8.480270262451093,2021,LV
2021_03_NO_NE,NE,-5.298841891963998,0.5646661444237262,0.1346452385187149,-4.599530509021557,2021,NO
2021_03_NO_NE,NO,-0.5646661444237262,5.298841891963998,0.3066880851984024,5.040863832738674,2021,NE
2021_03_NYJ_DEN,DEN,6.6367852304865895,14.864028928078824,0.09370267391204834,21.59451683247746,2021,NYJ
2021_03_NYJ_DEN,NYJ,-14.864028928078824,-6.6367852304865895,-0.22786655090749264,-21.728680709472904,2021,DEN
2021_03_PHI_DAL,DAL,15.14931245297906,1.8460645743681583,-0.19079969823360443,16.804577329113613,2021,PHI
2021_03_PHI_DAL,PHI,-1.8460645743681583,-15.14931245297906,-0.17638365179300308,-17.17176067914022,2021,DAL
2021_03_SEA_MIN,MIN,16.700394879063158,-5.4712964854126405,-0.13373522460460663,11.09536316904591,2021,SEA
2021_03_SEA_MIN,SEA,5.4712964854126405,-16.700394879063158,-0.4198172725737095,-11.648915666224227,2021,MIN
2021_03_TB_LA,LA,14.98371681861741,-10.361210489238449,0.3004214018583298,4.922927731237291,2021,TB
2021_03_TB_LA,TB,10.361210489238449,-14.98371681861741,-0.21683186665177345,-4.8393381960307345,2021,LA
2021_03_WAS_BUF,BUF,15.20272449822468,-2.541795085249265,0.5024926643818617,13.163422077357275,2021,WAS
2021_03_WAS_BUF,WAS,2.541795085249265,-15.20272449822468,0.19065770506858826,-12.470271707906825,2021,BUF
2021_04_ARI_LA,ARI,20.295964016954866,-3.9087472307573394,-0.28418226540088654,16.10303452079664,2021,LA
2021_04_ARI_LA,LA,3.9087472307573394,-20.295964016954866,0.34033749997615814,-16.04687928622137,2021,ARI
2021_04_BAL_DEN,BAL,2.276255161036288,12.098123769757555,-0.5163555890321732,13.858023341761669,2021,DEN
2021_04_BAL_DEN,DEN,-12.098123769757555,-2.276255161036288,0.09949247539043427,-14.274886455403408,2021,BAL
2021_04_CAR_DAL,CAR,12.23362635204731,-15.544971880405855,-0.1253594607114792,-3.4367049890700248,2021,DAL
2021_04_CAR_DAL,DAL,15.544971880405855,-12.23362635204731,-0.11446826905012131,3.1968772593084243,2021,CAR
2021_04_CLE_MIN,CLE,-5.947140529196671,9.575651759606307,-0.2210526391863823,3.4074585912232545,2021,MIN
2021_04_CLE_MIN,MIN,-9.575651759606307,5.947140529196671,-0.24186603724956512,-3.870377267659202,2021,CLE
2021_04_DET_CHI,CHI,9.229397348192576,1.360326197428054,-0.7281434368342161,9.861580108786413,2021,DET
2021_04_DET_CHI,DET,-1.360326197428054,-9.229397348192576,0.33043673634529114,-10.259286809275338,2021,CHI
2021_04_HOU_BUF,BUF,15.402145515635162,15.609447149441756,0.21002720296382904,31.221619868040747,2021,HOU
2021_04_HOU_BUF,HOU,-15.609447149441756,-15.402145515635162,-0.23250987753272057,-31.24410254260964,2021,BUF
2021_04_IND_MIA,IND,6.125516670960816,1.6251002209195482,0.15448789298534393,7.905104784865708,2021,MIA
2021_04_IND_MIA,MIA,-1.6251002209195482,-6.125516670960816,0.4252924695611,-7.325324422319264,2021,IND
2021_04_JAX_CIN,CIN,11.932185861811721,-6.2132386239813995,-0.36033752001821995,5.358609717812102,2021,JAX
2021_04_JAX_CIN,JAX,6.2132386239813995,-11.932185861811721,0.038967400789260864,-5.679979837041061,2021,CIN
2021_04_KC_PHI,KC,29.759132764078416,-16.54834506957124,-0.08506907522678375,13.125718619280391,2021,PHI
2021_04_KC_PHI,PHI,16.54834506957124,-29.759132764078416,0.22706087306141853,-12.983726821445757,2021,KC
2021_04_LV_LAC,LAC,6.978130760722001,2.392184553957433,0.03753998875617981,9.407855303435614,2021,LV
2021_04_LV_LAC,LV,-2.392184553957433,-6.978130760722001,-0.22971267439424992,-9.600027989073684,2021,LAC
2021_04_NYG_NO,NO,3.6828942717457656,-10.387088664282707,-0.042803335934877396,-6.746997728471819,2021,NYG
2021_04_NYG_NO,NYG,10.387088664282707,-3.6828942717457656,-0.39580554980784655,6.308388842729095,2021,NO
2021_04_PIT_GB,GB,5.425614678450104,0.3918832406706343,0.32161612808704376,6.139114047207782,2021,PIT
2021_04_PIT_GB,PIT,-0.3918832406706343,-5.425614678450104,0.15285970270633698,-5.664638216414401,2021,GB
2021_04_SEA_SF,SEA,1.2756696254078683,-1.2370009342740698,0.29444261360913515,0.3331113047429337,2021,SF
2021_04_SEA_SF,SF,1.2370009342740698,-1.2756696254078683,0.04450863599777222,0.005839944863973656,2021,SEA
2021_04_TB_NE,NE,-2.3837244360854184,-0.9172411006705621,0.16963429749011993,-3.1313312392658608,2021,TB
2021_04_TB_NE,TB,0.9172411006705621,2.3837244360854184,-0.2746041715145111,3.0263613652414696,2021,NE
2021_04_TEN_NYJ,NYJ,3.0771173632578503,1.1355064998487532,0.20845602452754974,4.4210798876341535,2021,TEN
2021_04_TEN_NYJ,TEN,-1.1355064998487532,-3.0771173632578503,0.12738047167658806,-4.085243391430016,2021,NYJ
2021_04_WAS_ATL,ATL,16.338364202455956,-16.728837145350482,-0.3679869994521141,-0.75845994234664,2021,WAS
2021_04_WAS_ATL,WAS,16.728837145350482,-16.338364202455956,0.048920221626758575,0.4393931645212845,2021,ATL
2021_05_BUF_KC,BUF,13.241855380080302,-4.617642427449587,-0.4421768933534622,8.182036059277253,2021,KC
2021_05_BUF_KC,KC,4.617642427449587,-13.241855380080302,0.11309748142957687,-8.511115471201139,2021,BUF
2021_05_CHI_LV,CHI,1.7449014260699311,5.342347255166786,-0.14542057365179062,6.941828107584926,2021,LV
2021_05_CHI_LV,LV,-5.342347255166786,-1.7449014260699311,-0.21534492820501328,-7.30259360944173,2021,CHI
2021_05_CLE_LAC,CLE,18.6102133682518,-32.12573849498028,-0.04196751117706299,-13.557492637905547,2021,LAC
2021_05_CLE_LAC,LAC,32.12573849498028,-18.6102133682518,-0.2149740271270275,13.300551099601456,2021,CLE
2021_05_DEN_PIT,DEN,2.9810332797425834,-12.847236785056165,0.23811328411102295,-9.628090221202559,2021,PIT
2021_05_DEN_PIT,PIT,12.847236785056165,-2.9810332797425834,-0.2397345006465912,9.62646900466699,2021,DEN
2021_05_DET_MIN,DET,-5.668836084998505,1.0699541887686923,0.24159996211528778,-4.357281934114525,2021,MIN
2021_05_DET_MIN,MIN,-1.0699541887686923,5.668836084998505,-0.5006392113864422,4.09824268484337,2021,DET
2021_05_GB_CIN,CIN,-1.7600575263929237,-1.3808183724143657,-0.01947365701198578,-3.160349555819275,2021,GB
2021_05_GB_CIN,GB,1.3808183724143657,1.7600575263929237,-0.2851705551147461,2.8557053436925433,2021,CIN
2021_05_IND_BAL,BAL,15.024506164904365,-10.915640396737826,-0.05274522304534912,4.056120545121189,2021,IND
2021_05_IND_BAL,IND,10.915640396737826,-15.024506164904365,-0.45680755376815796,-4.565673321934696,2021,BAL
2021_05_LA_SEA,LA,7.582018231425631,1.005768792781705,-0.27988801896572113,8.307899005241616,2021,SEA
2021_05_LA_SEA,SEA,-1.005768792781705,-7.582018231425631,-0.33383447863161564,-8.921621502838953,2021,LA
2021_05_MIA_TB,MIA,3.973095075055676,-26.196548253847364,-0.024095937609672546,-22.24754911640136,2021,TB
2021_05_MIA_TB,TB,26.196548253847364,-3.973095075055676,-0.22482990473508835,21.998623274056598,2021,MIA
2021_05_NE_HOU,HOU,7.777879516916522,-8.245489647369936,-0.19667600095272064,-0.6642861314061355,2021,NE
2021_05_NE_HOU,NE,8.245489647369936,-7.777879516916522,0.24448701739311218,0.712097147846527,2021,HOU
2021_05_NO_WAS,NO,10.481527499868902,-0.9008274089527668,-0.09122923761606216,9.489470853300073,2021,WAS
2021_05_NO_WAS,WAS,0.9008274089527668,-10.481527499868902,-0.08084098249673843,-9.661541073412874,2021,NO
2021_05_NYG_DAL,DAL,17.877052478531297,-2.9928006388129087,-0.02250295877456665,14.861748880943821,2021,NYG
2021_05_NYG_DAL,NYG,2.9928006388129087,-17.877052478531297,-0.4563170596957207,-15.340568899414109,2021,DAL
2021_05_NYJ_ATL,ATL,10.70259164356808,-2.857078231336437,-0.10552369058132172,7.739989721650321,2021,NYJ
2021_05_NYJ_ATL,NYJ,2.857078231336437,-10.70259164356808,0.046158209443092346,-7.799355202788551,2021,ATL
2021_05_PHI_CAR,CAR,-13.812353525754787,6.956604905117171,0.3417603224515915,-6.513988298186025,2021,PHI
2021_05_PHI_CAR,PHI,-6.956604905117171,13.812353525754787,0.27797476947307587,7.133723390110692,2021,CAR
2021_05_SF_ARI,ARI,-2.221822707373291,7.1782800294472455,-0.015697628259658813,4.940759693814296,2021,SF
2021_05_SF_ARI,SF,-7.1782800294472455,2.221822707373291,0.12922319769859314,-4.827234124375361,2021,ARI
2021_05_TEN_JAX,JAX,5.548034510653167,-13.463101642356994,-0.09842871874570847,-8.013495850449535,2021,TEN
2021_05_TEN_JAX,TEN,13.463101642356994,-5.548034510653167,0.07659782469272614,7.991664956396553,2021,JAX
2021_06_ARI_CLE,ARI,13.08750581192821,0.8549954561992101,0.2705977112054825,14.213098979332903,2021,CLE
2021_06_ARI_CLE,CLE,-0.8549954561992101,-13.08750581192821,0.16265620291233063,-13.77984506521509,2021,ARI
2021_06_BUF_TEN,BUF,12.438193550482367,-15.109912954875862,0.00019071996212005615,-2.671528684431374,2021,TEN
2021_06_BUF_TEN,TEN,15.109912954875862,-12.438193550482367,0.18530425056815147,2.8570236549616457,2021,BUF
2021_06_CIN_DET,CIN,13.741927201643579,6.458685410854189,-0.04496966302394867,20.15564294947382,2021,DET
2021_06_CIN_DET,DET,-6.458685410854189,-13.741927201643579,0.19462858140468597,-20.00598403109308,2021,CIN
2021_06_DAL_NE,DAL,10.584778113217155,-4.8578846785610335,0.048228561878204346,5.775121996534326,2021,NE
2021_06_DAL_NE,NE,4.8578846785610335,-10.584778113217155,-0.2547078877687454,-5.981601322424867,2021,DAL
2021_06_GB_CHI,CHI,-0.28062903720958854,-10.344642493250433,0.09103639423847198,-10.53423513622155,2021,GB
2021_06_GB_CHI,GB,10.344642493250433,0.28062903720958854,-0.16402578353881836,10.461245746921204,2021,CHI
2021_06_HOU_IND,HOU,-12.31246335491716,-11.315951724271878,-0.1088075190782547,-23.737222598267294,2021,IND
2021_06_HOU_IND,IND,11.315951724271878,12.31246335491716,-0.11618920415639877,23.51222587503264,2021,HOU
2021_06_KC_WAS,KC,8.083410075667281,3.9035967854058926,0.16413813829421997,12.151144999367393,2021,WAS
2021_06_KC_WAS,WAS,-3.9035967854058926,-8.083410075667281,-0.5974934152327478,-12.58450027630592,2021,KC
2021_06_LAC_BAL,BAL,10.537921634377042,9.335370280204934,0.3213231861591339,20.19461510074111,2021,LAC
2021_06_LAC_BAL,LAC,-9.335370280204934,-10.537921634377042,0.09512187354266644,-19.77817004103931,2021,BAL
2021_06_LA_NYG,LA,12.815473980123334,5.820213323283479,-0.006103165447711945,18.6295841379591,2021,NYG
2021_06_LA_NYG,NYG,-5.820213323283479,-12.815473980123334,-0.18996486254036427,-18.825652165947176,2021,LA
2021_06_LV_DEN,DEN,6.146417779161891,-13.511439627820822,-0.3879291247576475,-7.752950973416579,2021,LV
2021_06_LV_DEN,LV,13.511439627820822,-6.146417779161891,-0.27373579889535904,7.091286049763572,2021,DEN
2021_06_MIA_JAX,JAX,2.9438938828371337,-0.4742704867882894,-0.037715256214141846,2.4319081398347024,2021,MIA
2021_06_MIA_JAX,MIA,0.4742704867882894,-2.9438938828371337,-0.189566932618618,-2.6591903286674623,2021,JAX
2021_06_MIN_CAR,CAR,-6.738023812427083,-5.587084016070066,0.4508117139339447,-11.874296114563204,2021,MIN
2021_06_MIN_CAR,MIN,5.587084016070066,6.738023812427083,-0.15966941881924868,12.1654384096779,2021,CAR
2021_06_SEA_PIT,PIT,-3.437265234848468,1.6900705744903397,0.17873115837574005,-1.568463501982388,2021,SEA
2021_06_SEA_PIT,SEA,-1.6900705744903397,3.437265234848468,-0.334855780005455,1.412338880352673,2021,PIT
2021_06_TB_PHI,PHI,5.17576548219057,-8.44711882013408,0.06442110240459442,-3.2069322355389147,2021,TB
2021_06_TB_PHI,TB,8.44711882013408,-5.17576548219057,-0.22551874816417694,3.045834589779332,2021,PHI
2021_07_ATL_MIA,ATL,9.109572538377721,-7.885959571274718,-0.06427974253892899,1.1593332245640742,2021,MIA
2021_07_ATL_MIA,MIA,7.885959571274718,-9.109572538377721,0.23686397075653076,-0.9867489963464724,2021,ATL
2021_07_CAR_NYG,CAR,-15.239021669741707,2.8527431277097377,-0.0925184041261673,-12.478796946158136,2021,NYG
2021_07_CAR_NYG,NYG,-2.8527431277097377,15.239021669741707,0.3213299810886383,12.707608523120607,2021,CAR
2021_07_CHI_TB,CHI,-10.15359181553553,-8.561962833014555,-0.5677409768104553,-19.283295625360537,2021,TB
2021_07_CHI_TB,TB,8.561962833014555,10.15359181553553,0.45572400465607643,19.17127865320616,2021,CHI
2021_07_CIN_BAL,BAL,-3.356884025295018,-18.05488481457442,-0.11107157357037067,-21.52284041343981,2021,CIN
2021_07_CIN_BAL,CIN,18.05488481457442,3.356884025295018,-0.10967950522899628,21.302089334640442,2021,BAL
2021_07_DEN_CLE,CLE,4.929396935671257,-2.4673368110641993,-0.3842814639210701,2.077778660685987,2021,DEN
2021_07_DEN_CLE,DEN,2.4673368110641993,-4.929396935671257,-0.30087848007678986,-2.762938604683847,2021,CLE
2021_07_DET_LA,DET,3.677329698813879,-15.451716282149523,-0.036453016102313995,-11.810839599437958,2021,LA
2021_07_DET_LA,LA,15.451716282149523,-3.677329698813879,-0.18539734184741974,11.588989241488225,2021,DET
2021_07_HOU_ARI,ARI,13.269793947651895,16.57712179908557,-0.5421770736575127,29.304738673079953,2021,HOU
2021_07_HOU_ARI,HOU,-16.57712179908557,-13.269793947651895,0.48660485446453094,-29.360310892272935,2021,ARI
2021_07_IND_SF,IND,4.433335857261719,1.672865780240653,0.38175874203443527,6.4879603795368075,2021,SF
2021_07_IND_SF,SF,-1.672865780240653,-4.433335857261719,-0.5449486188590527,-6.651150256361425,2021,IND
2021_07_KC_TEN,KC,-6.665624494899954,-12.558863802663936,-0.07623519003391266,-19.300723487597804,2021,TEN
2021_07_KC_TEN,TEN,12.558863802663936,6.665624494899954,-0.21418271958827972,19.01030557797561,2021,KC
2021_07_NO_SEA,NO,-3.302844829193883,7.397469402868071,-0.12091885507106781,3.973705718603121,2021,SEA
2021_07_NO_SEA,SEA,-7.397469402868071,3.302844829193883,-0.39715453516691923,-4.491779108841108,2021,NO
2021_07_NYJ_NE,NE,34.233949944972615,-1.5971118763415362,0.0751408115029335,32.71197888013401,2021,NYJ
2021_07_NYJ_NE,NYJ,1.5971118763415362,-34.233949944972615,-0.11822985112667084,-32.75506791975775,2021,NE
2021_07_PHI_LV,LV,13.959201286562944,-7.966678063514457,0.19830304384231567,6.190826266890803,2021,PHI
2021_07_PHI_LV,PHI,7.966678063514457,-13.959201286562944,-0.07076137512922287,-6.06328459817771,2021,LV
2021_07_WAS_GB,GB,6.342220118744387,6.321173165775794,-0.1857100874185562,12.477683197101625,2021,WAS
2021_07_WAS_GB,WAS,-6.321173165775794,-6.342220118744387,0.19359993934631348,-12.469793345173867,2021,GB
2021_08_CAR_ATL,ATL,-5.871837089247663,-4.8606828795485,0.09256888926029205,-10.639951079535871,2021,CAR
2021_08_CAR_ATL,CAR,4.8606828795485,5.871837089247663,-0.6052209883928299,10.127298980403333,2021,ATL
2021_08_CIN_NYJ,CIN,3.786110850813857,-13.568821659361827,0.7718532085418701,-9.0108576000061,2021,NYJ
2021_08_CIN_NYJ,NYJ,13.568821659361827,-3.786110850813857,0.053173840045928955,9.835884648593899,2021,CIN
2021_08_DAL_MIN,DAL,2.4360127513778838,6.103796666979794,-0.08708976209163666,8.45271965626604,2021,MIN
2021_08_DAL_MIN,MIN,-6.103796666979794,-2.4360127513778838,-0.130594152957201,-8.670403571314878,2021,DAL
2021_08_GB_ARI,ARI,8.90400711991934,-2.194659660274664,-0.1907682940363884,6.518579165608288,2021,GB
2021_08_GB_ARI,GB,2.194659660274664,-8.90400711991934,0.8575706779956818,-5.8517767816489945,2021,ARI
2021_08_JAX_SEA,JAX,-7.30644275358096,-5.705558551124655,0.012796804308891296,-12.999204500396724,2021,SEA
2021_08_JAX_SEA,SEA,5.705558551124655,7.30644275358096,0.0966639369726181,13.108665241678233,2021,JAX
2021_08_LA_HOU,HOU,1.795795508933242,-16.549203753120448,0.3995252978056669,-14.353882946381539,2021,LA
2021_08_LA_HOU,LA,16.549203753120448,-1.795795508933242,0.15427539125084877,14.907683635438055,2021,HOU
2021_08_MIA_BUF,BUF,8.071626699075862,8.265086537146745,-0.03471190482378006,16.302001331398827,2021,MIA
2021_08_MIA_BUF,MIA,-8.265086537146745,-8.071626699075862,-0.12619762122631073,-16.462910857448918,2021,BUF
2021_08_NE_LAC,LAC,6.674807075099247,0.42329395676853054,-0.37743544578552246,6.720665586082255,2021,NE
2021_08_NE_LAC,NE,-0.42329395676853054,-6.674807075099247,0.33652205765247345,-6.761578974215304,2021,LAC
2021_08_NYG_KC,KC,-0.2241650315633461,-1.301292770065447,0.21264106035232544,-1.3128167412764677,2021,NYG
2021_08_NYG_KC,NYG,1.301292770065447,0.2241650315633461,-0.5375938266515732,0.98786397497722,2021,KC
2021_08_PHI_DET,DET,-8.541323121432436,-21.664385772022072,0.22770770639181137,-29.978001187062695,2021,PHI
2021_08_PHI_DET,PHI,21.664385772022072,8.541323121432436,-0.17534226551651955,30.030366627937987,2021,DET
2021_08_PIT_CLE,CLE,-4.1004396337513995,-1.7823911952913292,-0.06739926338195801,-5.950230092424687,2021,PIT
2021_08_PIT_CLE,PIT,1.7823911952913292,4.1004396337513995,-0.30619437247514725,5.576636456567582,2021,CLE
2021_08_SF_CHI,CHI,8.042820898156098,-18.58999366021802,0.11762957274913788,-10.429543189312785,2021,SF
2021_08_SF_CHI,SF,18.58999366021802,-8.042820898156098,0.02387721836566925,10.571049980427592,2021,CHI
2021_08_TB_NO,NO,10.906691458360676,-9.643130251170557,-0.10958757996559143,1.1539736272245271,2021,TB
2021_08_TB_NO,TB,9.643130251170557,-10.906691458360676,-0.25356221199035645,-1.517123419180475,2021,NO
2021_08_TEN_IND,IND,7.447163419574004,-7.100340681245966,0.2373974397778511,0.5842201781058884,2021,TEN
2021_08_TEN_IND,TEN,7.100340681245966,-7.447163419574004,-0.3849750831723213,-0.7317978215003587,2021,IND
2021_08_WAS_DEN,DEN,2.5140944409994184,5.379494258910289,-0.17419849336147308,7.719390206548234,2021,WAS
2021_08_WAS_DEN,WAS,-5.379494258910289,-2.5140944409994184,-0.11330494284629822,-8.006893642756005,2021,DEN
2021_09_ARI_SF,ARI,13.302848696360357,0.9596414003533894,-0.45216767489910126,13.810322421814645,2021,SF
2021_09_ARI_SF,SF,-0.9596414003533894,-13.302848696360357,0.2372112199664116,-14.025278876747334,2021,ARI
2021_09_ATL_NO,ATL,6.041490923758917,-6.629893209941399,0.04733731597661972,-0.5410649702058627,2021,NO
2021_09_ATL_NO,NO,6.629893209941399,-6.041490923758917,0.6128362566232681,1.2012385428057506,2021,ATL
2021_09_BUF_JAX,BUF,-9.927273113859975,8.568679764001985,-0.19806737452745438,-1.556660724385445,2021,JAX
2021_09_BUF_JAX,JAX,-8.568679764001985,9.927273113859975,-0.22508229315280914,1.1335110567051814,2021,BUF
2021_09_CHI_PIT,CHI,11.378876728874802,-4.046141471391325,-0.02863173559308052,7.304103521890397,2021,PIT
2021_09_CHI_PIT,PIT,4.046141471391325,-11.378876728874802,0.46660947799682617,-6.8661257794866515,2021,CHI
2021_09_CLE_CIN,CIN,1.118554894657457,-9.415931299970882,0.005722805857658386,-8.291653599455767,2021,CLE
2021_09_CLE_CIN,CLE,9.415931299970882,-1.118554894657457,0.47926224768161774,8.776638652995043,2021,CIN
2021_09_DEN_DAL,DAL,-2.5617506556664056,-9.375504447967666,0.5545011907815933,-11.382753912852479,2021,DEN
2021_09_DEN_DAL,DEN,9.375504447967666,2.5617506556664056,-0.18109753727912903,11.756157566354943,2021,DAL
2021_09_GB_KC,GB,-7.463144595629533,8.72833526153487,-0.035129040479660034,1.2300616254256767,2021,KC
2021_09_GB_KC,KC,-8.72833526153487,7.463144595629533,-0.05454317480325699,-1.3197338407085937,2021,GB
2021_09_HOU_MIA,HOU,-16.05910231877839,6.834599015113264,-0.19852223992347717,-9.423025543588603,2021,MIA
2021_09_HOU_MIA,MIA,-6.834599015113264,16.05910231877839,-0.22680875658988953,8.997694547075236,2021,HOU
2021_09_LAC_PHI,LAC,13.17820621258067,-12.885737656596813,-0.0865788459777832,0.20588971000607437,2021,PHI
2021_09_LAC_PHI,PHI,12.885737656596813,-13.17820621258067,-0.13287080079317093,-0.4253393567770285,2021,LAC
2021_09_LV_NYG,LV,-2.1569400629191544,-0.9592974232132616,0.008174911141395569,-3.1080625749910205,2021,NYG
2021_09_LV_NYG,NYG,0.9592974232132616,2.1569400629191544,-0.0017379969358444214,3.1144994891965716,2021,LV
2021_09_MIN_BAL,BAL,15.79550764255775,-4.626648675120331,-0.40931156277656555,10.759547404660854,2021,MIN
2021_09_MIN_BAL,MIN,4.626648675120331,-15.79550764255775,0.07213245704770088,-11.096726510389718,2021,BAL
2021_09_NE_CAR,CAR,-12.888992254032352,3.228244753344716,-0.009870428591966629,-9.670617929279603,2021,NE
2021_09_NE_CAR,NE,-3.228244753344716,12.888992254032352,0.07798488438129425,9.73873238506893,2021,CAR
2021_09_NYJ_IND,IND,25.55480940877505,-19.00260431815134,0.021718934178352356,6.573924024802061,2021,NYJ
2021_09_NYJ_IND,NYJ,19.00260431815134,-25.55480940877505,-0.09179476648569107,-6.643999857109399,2021,IND
2021_09_TEN_LA,LA,-1.1546820375985227,0.5341845833765637,0.03348541259765625,-0.5870120416243028,2021,TEN
2021_09_TEN_LA,TEN,-0.5341845833765637,1.1546820375985227,0.44855499267578125,1.0690524468977403,2021,LA
2021_10_ATL_DAL,ATL,-6.211034054220703,-19.666240676362246,-0.8073870623484254,-26.684661792931376,2021,DAL
2021_10_ATL_DAL,DAL,19.666240676362246,6.211034054220703,-0.5242761950939894,25.35299853548896,2021,ATL
2021_10_BAL_MIA,BAL,-12.493838000820077,4.134762005731229,0.15066362917423248,-8.208412365914615,2021,MIA
2021_10_BAL_MIA,MIA,-4.134762005731229,12.493838000820077,-0.24776229821145535,8.111313696877392,2021,BAL
2021_10_BUF_NYJ,BUF,20.627278540547536,0.64047967433482,-0.09002584964036942,21.177732365241987,2021,NYJ
2021_10_BUF_NYJ,NYJ,-0.64047967433482,-20.627278540547536,0.005367308855056763,-21.2623909060273,2021,BUF
2021_10_CAR_ARI,ARI,-9.572549296499679,-5.342635196260157,0.49528317153453827,-14.419901321225296,2021,CAR
2021_10_CAR_ARI,CAR,5.342635196260157,9.572549296499679,0.5052711069583893,15.420455599718224,2021,ARI
2021_10_CLE_NE,CLE,-2.8034838338745875,-26.72127663436641,-0.3323234021663666,-29.857083870407365,2021,NE
2021_10_CLE_NE,NE,26.72127663436641,2.8034838338745875,0.46022116392850876,29.984981632169507,2021,CLE
2021_10_DET_PIT,DET,-9.598877177604832,8.274559063893504,-0.420924574136734,-1.7452426878480622,2021,PIT
2021_10_DET_PIT,PIT,-8.274559063893504,9.598877177604832,0.018510475754737854,1.342828589466066,2021,DET
2021_10_JAX_IND,IND,-3.1241071792849886,3.8823657157150073,-0.08786974847316742,0.6703887879568513,2021,JAX
2021_10_JAX_IND,JAX,-3.8823657157150073,3.1241071792849886,-0.005260489881038666,-0.7635190263110574,2021,IND
2021_10_KC_LV,KC,22.534400584521883,2.8426978904302684,-0.2757795453071594,25.101318929644993,2021,LV
2021_10_KC_LV,LV,-2.8426978904302684,-22.534400584521883,-0.011413700878620148,-25.388512175830773,2021,KC
2021_10_LA_SF,LA,-4.43912364396233,-11.443989712901297,0.08256902452558279,-15.800544332338045,2021,SF
2021_10_LA_SF,SF,11.443989712901297,4.43912364396233,-0.3196383900940418,15.563474966769586,2021,LA
2021_10_MIN_LAC,LAC,3.400758970762242,-6.305561624700015,-0.2134944051504135,-3.118297059088187,2021,MIN
2021_10_MIN_LAC,MIN,6.305561624700015,-3.400758970762242,-0.027920380234718323,2.876882273703055,2021,LAC
2021_10_NO_TEN,NO,5.95792667373792,-1.491471679434931,0.25209593772888184,4.718550932031871,2021,TEN
2021_10_NO_TEN,TEN,1.491471679434931,-5.95792667373792,0.29601676762104034,-4.170438226681949,2021,NO
2021_10_PHI_DEN,DEN,-5.915471377017019,-7.523700660526152,0.137592401355505,-13.301579636187665,2021,PHI
2021_10_PHI_DEN,PHI,7.523700660526152,5.915471377017019,-0.3943884000182152,13.044783637524954,2021,DEN
2021_10_SEA_GB,GB,2.6314391585207995,17.187720994836464,-0.33889469504356384,19.4802654583137,2021,SEA
2021_10_SEA_GB,SEA,-17.187720994836464,-2.6314391585207995,-0.1717534065246582,-19.99091355988192,2021,GB
2021_10_TB_WAS,TB,3.2860600097277253,-9.868815984907481,-0.19765801541507244,-6.780413990594829,2021,WAS
2021_10_TB_WAS,WAS,9.868815984907481,-3.2860600097277253,0.28184305131435394,6.86459902649411,2021,TB
2021_11_ARI_SEA,ARI,8.335261458247976,3.4953785050888415,-0.3615361154079437,11.469103847928874,2021,SEA
2021_11_ARI_SEA,SEA,-3.4953785050888415,-8.335261458247976,-0.08697913587093353,-11.917619099207752,2021,ARI
2021_11_BAL_CHI,BAL,-5.366157218235697,1.5919074192439293,0.0036538168787956238,-3.7705959821129724,2021,CHI
2021_11_BAL_CHI,CHI,-1.5919074192439293,5.366157218235697,-0.7103261966258287,3.0639236023659393,2021,BAL
2021_11_CIN_LV,CIN,12.205439090193575,5.786038226582915,0.05242545157670975,18.0439027683532,2021,LV
2021_11_CIN_LV,LV,-5.786038226582915,-12.205439090193575,0.12812138721346855,-17.86335592956302,2021,CIN
2021_11_DAL_KC,DAL,-12.172399882724669,2.3388494447720083,0.15413525700569153,-9.679415180946968,2021,KC
2021_11_DAL_KC,KC,-2.3388494447720083,12.172399882724669,-0.19707651436328888,9.63647392358937,2021,DAL
2021_11_DET_CLE,CLE,-3.007880143920858,11.09501062019636,-0.491433747112751,7.595696729162752,2021,DET
2021_11_DET_CLE,DET,-11.09501062019636,3.007880143920858,0.13817257434129715,-7.948957901934206,2021,CLE
2021_11_GB_MIN,GB,19.648364726218688,-19.31694674352206,-0.0736158937215805,0.25780208897504764,2021,MIN
2021_11_GB_MIN,MIN,19.31694674352206,-19.648364726218688,-0.3603874072432518,-0.6918053899398799,2021,GB
2021_11_HOU_TEN,HOU,-6.128292681926462,4.565596969878374,0.5559201166033745,-1.0067755954447133,2021,TEN
2021_11_HOU_TEN,TEN,-4.565596969878374,6.128292681926462,0.332873844075948,1.8955695561240358,2021,HOU
2021_11_IND_BUF,BUF,4.0685760553549075,-17.547633084456855,-0.33167819678783417,-13.810735225889783,2021,IND
2021_11_IND_BUF,IND,17.547633084456855,-4.0685760553549075,0.6627958863973618,14.14185291549931,2021,BUF
2021_11_MIA_NYJ,MIA,5.767023980814683,2.413042783018253,-0.20793549716472626,7.97213126666821,2021,NYJ
2021_11_MIA_NYJ,NYJ,-2.413042783018253,-5.767023980814683,0.1344309151172638,-8.045635848715673,2021,MIA
2021_11_NE_ATL,ATL,-15.460719643160001,-1.2408938621938916,-0.23704273998737335,-16.938656245341267,2021,NE
2021_11_NE_ATL,NE,1.2408938621938916,15.460719643160001,-0.2620685547590256,16.43954495059487,2021,ATL
2021_11_NO_PHI,NO,5.05519769936868,-5.260112338065009,0.8296773582696915,0.6247627195733623,2021,PHI
2021_11_NO_PHI,PHI,5.260112338065009,-5.05519769936868,0.2841036841273308,0.48901832282366,2021,NO
2021_11_NYG_TB,NYG,-9.048875417936792,-8.8124402519601,0.5086295399814844,-17.352686129915405,2021,TB
2021_11_NYG_TB,TB,8.8124402519601,9.048875417936792,-0.08578905463218689,17.775526615264702,2021,NYG
2021_11_PIT_LAC,LAC,23.877753140150006,-11.670911564287186,-0.16728415340185165,12.039557422460968,2021,PIT
2021_11_PIT_LAC,PIT,11.670911564287186,-23.877753140150006,1.343736693263054,-10.863104882599766,2021,LAC
2021_11_SF_JAX,JAX,-0.45789702399558596,-14.660236107873107,0.14859558641910553,-14.969537545449587,2021,SF
2021_11_SF_JAX,SF,14.660236107873107,0.45789702399558596,-0.3132195919752121,14.80491353989348,2021,JAX
2021_11_WAS_CAR,CAR,7.395706658800336,-8.907930622337037,-0.333643838763237,-1.8458678022999386,2021,WAS
2021_11_WAS_CAR,WAS,8.907930622337037,-7.395706658800336,0.3192094713449478,1.8314334348816494,2021,CAR
2021_12_ATL_JAX,ATL,4.319959976996533,1.3941155277483779,-0.20693421363830566,5.507141291106605,2021,JAX
2021_12_ATL_JAX,JAX,-1.3941155277483779,-4.319959976996533,-0.2559206448495388,-5.96999614959445,2021,ATL
2021_12_BUF_NO,BUF,10.21290672077575,7.570854173362941,0.2075333297252655,17.991294223863957,2021,NO
2021_12_BUF_NO,NO,-7.570854173362941,-10.21290672077575,-0.05283960700035095,-17.836600501139042,2021,BUF
2021_12_CAR_MIA,CAR,-7.154799986950288,-3.2882659100183598,-0.26738909631967545,-10.710454993288323,2021,MIA
2021_12_CAR_MIA,MIA,3.2882659100183598,7.154799986950288,0.31673088669776917,10.759796783666417,2021,CAR
2021_12_CHI_DET,CHI,-1.4659560788336186,0.7812767279838835,-0.1673966646194458,-0.8520760154691809,2021,DET
2021_12_CHI_DET,DET,-0.7812767279838835,1.4659560788336186,-0.18340113013982773,0.5012782207099074,2021,CHI
2021_12_CLE_BAL,BAL,-1.8591563058009692,9.00856118085831,-0.599982000887394,6.549422874169947,2021,CLE
2021_12_CLE_BAL,CLE,-9.00856118085831,1.8591563058009692,-0.4339211992919445,-7.583326074349285,2021,BAL
2021_12_LAC_DEN,DEN,4.925882135797385,-2.0375214269327175,-0.1961506251245737,2.692210083740094,2021,LAC
2021_12_LAC_DEN,LAC,2.0375214269327175,-4.925882135797385,-0.1320052221417427,-3.0203659310064106,2021,DEN
2021_12_LA_GB,GB,1.3201873485894398,-3.068980080158387,0.5915863364934921,-1.157206395075455,2021,LA
2021_12_LA_GB,LA,3.068980080158387,-1.3201873485894398,0.38975030183792114,2.1385430334068682,2021,GB
2021_12_LV_DAL,DAL,5.645641274167368,-9.757146412413098,0.05760018527507782,-4.053904952970652,2021,LV
2021_12_LV_DAL,LV,9.757146412413098,-5.645641274167368,0.09354047477245331,4.205045613018183,2021,DAL
2021_12_MIN_SF,MIN,3.4074069439250225,-7.303455223360205,-0.2027825489640236,-4.098830828399206,2021,SF
2021_12_MIN_SF,SF,7.303455223360205,-3.4074069439250225,0.7950126677751541,4.691060947210336,2021,MIN
2021_12_NYJ_HOU,HOU,-7.108907806713638,0.5173213576202196,0.14607170224189758,-6.445514746851521,2021,NYJ
2021_12_NYJ_HOU,NYJ,-0.5173213576202196,7.108907806713638,0.22460371255874634,6.816190161652165,2021,HOU
2021_12_PHI_NYG,NYG,-3.029649635200545,9.84896729090648,-0.35660387575626373,6.46271377994967,2021,PHI
2021_12_PHI_NYG,PHI,-9.84896729090648,3.029649635200545,0.021521717309951782,-6.797795938395982,2021,NYG
2021_12_PIT_CIN,CIN,11.923907061337408,4.421918919409743,0.4352307692170143,16.781056749964165,2021,PIT
2021_12_PIT_CIN,PIT,-4.421918919409743,-11.923907061337408,-0.3716865163296461,-16.717512497076797,2021,CIN
2021_12_SEA_WAS,SEA,-5.067323586668841,-0.3538444375758738,-0.10659056901931763,-5.527758593264032,2021,WAS
2021_12_SEA_WAS,WAS,0.3538444375758738,5.067323586668841,-0.1497703492641449,5.2713976749805695,2021,SEA
2021_12_TB_IND,IND,7.57482023731896,-11.657368665062176,-0.026347652077674866,-4.108896079820891,2021,TB
2021_12_TB_IND,TB,11.657368665062176,-7.57482023731896,0.25667867064476013,4.339227098387976,2021,IND
2021_12_TEN_NE,NE,14.183030613021174,0.8327829100184645,-0.0781979188323021,14.937615604207336,2021,TEN
2021_12_TEN_NE,TEN,-0.8327829100184645,-14.183030613021174,0.019277215003967285,-14.99653630803567,2021,NE
2021_13_ARI_CHI,ARI,5.743320541843264,-7.976170732708459,0.8339376375079155,-1.3989125533572793,2021,CHI
2021_13_ARI_CHI,CHI,7.976170732708459,-5.743320541843264,-0.08628466725349426,2.1465655236117005,2021,ARI
2021_13_BAL_PIT,BAL,2.8335614456329914,-5.786592377997568,-0.044041045010089874,-2.9970719773746666,2021,PIT
2021_13_BAL_PIT,PIT,5.786592377997568,-2.8335614456329914,-0.2418927699327469,2.71113816243183,2021,BAL
2021_13_DAL_NO,DAL,-4.427675219478306,7.5296568223639655,-0.3909417912364006,2.7110398116492593,2021,NO
2021_13_DAL_NO,NO,-7.5296568223639655,4.427675219478306,0.08030596375465393,-3.021675639131006,2021,DAL
2021_13_DEN_KC,DEN,-3.862192039563184,2.2927712618597607,-0.21757734939455986,-1.7869981270979833,2021,KC
2021_13_DEN_KC,KC,-2.2927712618597607,3.862192039563184,0.11870206706225872,1.6881228447656822,2021,DEN
2021_13_IND_HOU,HOU,-13.453752292937953,-6.885245441496465,-0.4336575400084257,-20.772655274442844,2021,IND
2021_13_IND_HOU,IND,6.885245441496465,13.453752292937953,0.5773195624351501,20.91631729686957,2021,HOU
2021_13_JAX_LA,JAX,-8.760145137423946,-18.83062863623011,-0.05252710357308388,-27.64330087722714,2021,LA
2021_13_JAX_LA,LA,18.83062863623011,8.760145137423946,-0.38325124979019165,27.207522523863865,2021,JAX
2021_13_LAC_CIN,CIN,-2.551692916353429,-6.578845723658102,0.32817666977643967,-8.802361970235092,2021,LAC
2021_13_LAC_CIN,LAC,6.578845723658102,2.551692916353429,0.0497940257191658,9.180332665730697,2021,CIN
2021_13_MIN_DET,DET,9.117354567897355,-5.04764109552095,-0.2413972020149231,3.8283162703614817,2021,MIN
2021_13_MIN_DET,MIN,5.04764109552095,-9.117354567897355,0.31904286891222,-3.750670603464185,2021,DET
2021_13_NE_BUF,BUF,-12.572007488748534,2.930093610010795,0.8163681626319885,-8.82554571610575,2021,NE
2021_13_NE_BUF,NE,-2.930093610010795,12.572007488748534,-0.4106198102235794,9.23129406851416,2021,BUF
2021_13_NYG_MIA,MIA,-0.5845693597367561,12.101714212077324,0.02336844801902771,11.540513300359596,2021,NYG
2021_13_NYG_MIA,NYG,-12.101714212077324,0.5845693597367561,0.013946684077382088,-11.503198168263186,2021,MIA
2021_13_PHI_NYJ,NYJ,5.355574878211771,-19.87976713124367,0.40384040772914886,-14.120351845302752,2021,PHI
2021_13_PHI_NYJ,PHI,19.87976713124367,-5.355574878211771,-0.24414055049419403,14.280051702537707,2021,NYJ
2021_13_SF_SEA,SEA,-0.08851524436167191,-3.640139679229013,0.4972345381975174,-3.2314203853931676,2021,SF
2021_13_SF_SEA,SF,3.640139679229013,0.08851524436167191,-0.1789240539073944,3.5497308696832905,2021,SEA
2021_13_TB_ATL,ATL,-4.220732518307058,-16.994750804368273,-0.05110467970371246,-21.266588002379045,2021,TB
2021_13_TB_ATL,TB,16.994750804368273,4.220732518307058,-0.38895293325185776,20.826530389423475,2021,ATL
2021_13_WAS_LV,LV,3.037813882200092,-3.4829247860397228,-0.40848007425665855,-0.8535909780962894,2021,WAS
2021_13_WAS_LV,WAS,3.4829247860397228,-3.037813882200092,-0.09493865072727203,0.3501722531123588,2021,LV
2021_14_ATL_CAR,ATL,3.687270922388985,-2.737273784211048,-0.14547893404960632,0.8045182041283305,2021,CAR
2021_14_ATL_CAR,CAR,2.737273784211048,-3.687270922388985,0.45285293459892273,-0.4971442035790141,2021,ATL
2021_14_BAL_CLE,BAL,4.287130372734934,-0.2153527348737061,-0.19170426577329636,3.8800733720879315,2021,CLE
2021_14_BAL_CLE,CLE,0.2153527348737061,-4.287130372734934,-0.31100162863731384,-4.382779266498542,2021,BAL
2021_14_BUF_TB,BUF,7.434711987176401,-13.736967722019369,-0.05245878919959068,-6.354714524042558,2021,TB
2021_14_BUF_TB,TB,13.736967722019369,-7.434711987176401,-0.28563158959150314,6.016624145251464,2021,BUF
2021_14_CHI_GB,CHI,3.164882810032388,-16.69449045039147,0.1250910833477974,-13.404516557011284,2021,GB
2021_14_CHI_GB,GB,16.69449045039147,-3.164882810032388,0.2836958095431328,13.813303449902214,2021,CHI
2021_14_DAL_WAS,DAL,-9.671019536436457,7.725814397577201,-0.09658350050449371,-2.04178863936375,2021,WAS
2021_14_DAL_WAS,WAS,-7.725814397577201,9.671019536436457,0.5069933235645294,2.4521984624237856,2021,DAL
2021_14_DET_DEN,DEN,18.631075199619467,3.0639731550170097,0.07273752242326736,21.767785877059744,2021,DET
2021_14_DET_DEN,DET,-3.0639731550170097,-18.631075199619467,0.1063813790678978,-21.58866697556858,2021,DEN
2021_14_JAX_TEN,JAX,-15.487198955298764,-2.2447168386664034,-0.057806335389614105,-17.789722129354782,2021,TEN
2021_14_JAX_TEN,TEN,2.2447168386664034,15.487198955298764,-0.5421351604163647,17.189780633548803,2021,JAX
2021_14_LA_ARI,ARI,7.107490921737388,-10.175958792749647,-0.26352379471063614,-3.331991665722895,2021,LA
2021_14_LA_ARI,LA,10.175958792749647,-7.107490921737388,0.20655682682991028,3.275024697842169,2021,ARI
2021_14_LV_KC,KC,25.654664425313694,2.2523293341070363,-0.1279856115579605,27.77900814786277,2021,LV
2021_14_LV_KC,LV,-2.2523293341070363,-25.654664425313694,-0.13582240045070648,-28.042816159871435,2021,KC
2021_14_NO_NYJ,NO,7.367461949044115,9.515793186726878,0.338022843003273,17.221277978774268,2021,NYJ
2021_14_NO_NYJ,NYJ,-9.515793186726878,-7.367461949044115,0.003670893609523773,-16.87958424216147,2021,NO
2021_14_NYG_LAC,LAC,16.45199644691894,-3.477794999811416,0.21674906462430954,13.190950511731835,2021,NYG
2021_14_NYG_LAC,NYG,3.477794999811416,-16.45199644691894,0.08406299352645874,-12.890138453581066,2021,LAC
2021_14_PIT_MIN,MIN,9.67733976132659,-5.263231427075901,0.17264960706233978,4.586757941313028,2021,PIT
2021_14_PIT_MIN,PIT,5.263231427075901,-9.67733976132659,0.6501111723482609,-3.7639971619024273,2021,MIN
2021_14_SEA_HOU,HOU,-2.0274159612006795,-16.87720120350566,-0.2208746075630188,-19.125491772269356,2021,SEA
2021_14_SEA_HOU,SEA,16.87720120350566,2.0274159612006795,-0.22402651607990265,18.680590648626435,2021,HOU
2021_14_SF_CIN,CIN,4.3477810430087995,-1.1581413406650656,0.32463914155960083,3.514278843903335,2021,SF
2021_14_SF_CIN,SF,1.1581413406650656,-4.3477810430087995,0.15124418586492538,-3.0383955164788086,2021,CIN
2021_15_ARI_DET,ARI,-4.8441247089640305,-9.441145013925912,0.33807189762592316,-13.94719782526402,2021,DET
2021_15_ARI_DET,DET,9.441145013925912,4.8441247089640305,0.268265500664711,14.553535223554654,2021,ARI
2021_15_ATL_SF,ATL,-6.128839043292392,-17.331441724946444,0.2701377868652344,-23.1901429813736,2021,SF
2021_15_ATL_SF,SF,17.331441724946444,6.128839043292392,-0.5463466495275497,22.913934118711285,2021,ATL
2021_15_CAR_BUF,BUF,9.016161723799009,3.90555053011729,0.13663902133703232,13.058351275253331,2021,CAR
2021_15_CAR_BUF,CAR,-3.90555053011729,-9.016161723799009,0.2816474437713623,-12.640064810144937,2021,BUF
2021_15_CIN_DEN,CIN,-1.350055144503939,5.420990933496021,-0.4751956630498171,3.5957401259422648,2021,DEN
2021_15_CIN_DEN,DEN,-5.420990933496021,1.350055144503939,-0.39611952751874924,-4.467055316510831,2021,CIN
2021_15_DAL_NYG,DAL,0.9326622147624224,9.840417260205026,-0.11514441668987274,10.657935058277575,2021,NYG
2021_15_DAL_NYG,NYG,-9.840417260205026,-0.9326622147624224,0.10533735156059265,-10.667742123406855,2021,DAL
2021_15_GB_BAL,BAL,14.731484504593299,-17.53480284154666,0.3861592933535576,-2.4171590435998045,2021,GB
2021_15_GB_BAL,GB,17.53480284154666,-14.731484504593299,-0.2024802453815937,2.6008380915717684,2021,BAL
2021_15_HOU_JAX,HOU,1.855938446393104,3.5690574469605525,0.26884665340185165,5.6938425467555085,2021,JAX
2021_15_HOU_JAX,JAX,-3.5690574469605525,-1.855938446393104,0.173554927110672,-5.251440966242985,2021,HOU
2021_15_KC_LAC,KC,15.580373683385433,-4.083932669390396,-0.25939375115558505,11.237047262839452,2021,LAC
2021_15_KC_LAC,LAC,4.083932669390396,-15.580373683385433,0.5511337518692017,-10.945307262125835,2021,KC
2021_15_LV_CLE,CLE,-3.280082342949687,2.934782047677438,-0.20417022705078125,-0.5494705223230301,2021,LV
2021_15_LV_CLE,LV,-2.934782047677438,3.280082342949687,0.023232780396938324,0.36853307566918714,2021,CLE
2021_15_MIN_CHI,CHI,-9.50227784831117,4.921766831727352,0.3368500918149948,-4.2436609247688235,2021,MIN
2021_15_MIN_CHI,MIN,-4.921766831727352,9.50227784831117,-0.5188373699784279,4.06167364660539,2021,CHI
2021_15_NE_IND,IND,1.636703088608865,-0.8791675162388533,0.010786473751068115,0.7683220461210798,2021,NE
2021_15_NE_IND,NE,0.8791675162388533,-1.636703088608865,0.0709790289402008,-0.6865565434298109,2021,IND
2021_15_NO_TB,NO,-14.175212589371224,18.46008183823792,-0.3463585190474987,3.938510729819196,2021,TB
2021_15_NO_TB,TB,-18.46008183823792,14.175212589371224,-0.18796278722584248,-4.472832036092537,2021,NO
2021_15_NYJ_MIA,MIA,10.665177270453029,4.976841534902158,0.0091606006026268,15.651179405957814,2021,NYJ
2021_15_NYJ_MIA,NYJ,-4.976841534902158,-10.665177270453029,0.2219339907169342,-15.420084814638253,2021,MIA
2021_15_SEA_LA,LA,5.107194006224252,7.333487472148555,-0.1701725870370865,12.27050889133572,2021,SEA
2021_15_SEA_LA,SEA,-7.333487472148555,-5.107194006224252,-0.0710262656211853,-12.511707743993991,2021,LA
2021_15_TEN_PIT,PIT,-6.347028195566801,10.325393774903702,0.20166176557540894,4.18002734491231,2021,TEN
2021_15_TEN_PIT,TEN,-10.325393774903702,6.347028195566801,0.5450055599212646,-3.4333600194156366,2021,PIT
2021_15_WAS_PHI,PHI,8.715981914933597,3.9012992136525426,0.1505587100982666,12.767839838684406,2021,WAS
2021_15_WAS_PHI,WAS,-3.9012992136525426,-8.715981914933597,-0.11440617218613625,-12.731687300772276,2021,PHI
2021_16_BAL_CIN,BAL,9.63002937104601,-23.692452868206328,-0.147154884878546,-14.209578382038863,2021,CIN
2021_16_BAL_CIN,CIN,23.692452868206328,-9.63002937104601,-0.05873402953147888,14.003689467628838,2021,BAL
2021_16_BUF_NE,BUF,18.37876989783994,-8.865371314889195,0.018770629540085793,9.532169212490832,2021,NE
2021_16_BUF_NE,NE,8.865371314889195,-18.37876989783994,-0.09342944622039795,-9.606828029171144,2021,BUF
2021_16_CHI_SEA,CHI,5.1346109042181665,-5.0305705838232075,0.25787076400592923,0.36191108440088815,2021,SEA
2021_16_CHI_SEA,SEA,5.0305705838232075,-5.1346109042181665,0.0011543408036231995,-0.10288597959133572,2021,CHI
2021_16_CLE_GB,CLE,9.169450432819541,-6.994554855011401,-0.10741902887821198,2.0674765489299283,2021,GB
2021_16_CLE_GB,GB,6.994554855011401,-9.169450432819541,-0.5707638114690781,-2.7456593892772183,2021,CLE
2021_16_DEN_LV,DEN,-6.594494963169087,-3.881162241849994,0.3807305693626404,-10.09492663565644,2021,LV
2021_16_DEN_LV,LV,3.881162241849994,6.594494963169087,-0.3771664332598448,10.098490771759236,2021,DEN
2021_16_DET_ATL,ATL,7.664987384090813,-2.344688660438538,-0.005898997187614441,5.314399726464661,2021,DET
2021_16_DET_ATL,DET,2.344688660438538,-7.664987384090813,-0.12709125876426697,-5.447389982416542,2021,ATL
2021_16_IND_ARI,ARI,-0.18386915770161516,-1.647892275459983,0.15230703353881836,-1.6794543996227798,2021,IND
2021_16_IND_ARI,IND,1.647892275459983,0.18386915770161516,0.1132805198431015,1.9450419530046996,2021,ARI
2021_16_JAX_NYJ,JAX,10.645527540518566,-4.847046997305734,-0.12872858345508575,5.669751959757747,2021,NYJ
2021_16_JAX_NYJ,NYJ,4.847046997305734,-10.645527540518566,-0.06866754591464996,-5.8671480891274825,2021,JAX
2021_16_LAC_HOU,HOU,18.8047502630928,-15.31564866695307,-0.157139852643013,3.3319617434967164,2021,LAC
2021_16_LAC_HOU,LAC,15.31564866695307,-18.8047502630928,-0.17984606698155403,-3.6689476631212834,2021,HOU
2021_16_LA_MIN,LA,5.438498925171507,1.1642506541602158,-0.15025164186954498,6.452497937462177,2021,MIN
2021_16_LA_MIN,MIN,-1.1642506541602158,-5.438498925171507,0.3125370778143406,-6.290212501517382,2021,LA
2021_16_MIA_NO,MIA,-7.259081968594886,15.772782371240718,-0.0676659494638443,8.446034453181987,2021,NO
2021_16_MIA_NO,NO,-15.772782371240718,7.259081968594886,-0.07784922420978546,-8.591549626855617,2021,MIA
2021_16_NYG_PHI,NYG,-12.023376568746281,-2.5992963925163073,0.09531468898057938,-14.527358272282008,2021,PHI
2021_16_NYG_PHI,PHI,2.5992963925163073,12.023376568746281,0.38036803156137466,15.003040992823962,2021,NYG
2021_16_PIT_KC,KC,14.82429940073751,4.967421267183121,-0.06948071718215942,19.722239950738473,2021,PIT
2021_16_PIT_KC,PIT,-4.967421267183121,-14.82429940073751,0.008904978632926941,-19.782815689287705,2021,KC
2021_16_SF_TEN,SF,1.9315397012086164,-0.5688725137457618,-0.2597680799663067,1.102899107496548,2021,TEN
2021_16_SF_TEN,TEN,0.5688725137457618,-1.9315397012086164,0.28126761317253113,-1.0813995742903235,2021,SF
2021_16_TB_CAR,CAR,-8.828972139205373,-13.067161252180323,-0.020115703344345093,-21.91624909473004,2021,TB
2021_16_TB_CAR,TB,13.067161252180323,8.828972139205373,-0.15245381742715836,21.743679573958538,2021,CAR
2021_16_WAS_DAL,DAL,25.17364615042906,2.05493967392833,-0.37570061534643173,26.85288520901096,2021,WAS
2021_16_WAS_DAL,WAS,-2.05493967392833,-25.17364615042906,0.37895597517490387,-26.849629849182488,2021,DAL
2021_17_ARI_DAL,ARI,8.753885709831518,-4.657965702940395,-0.2642848640680313,3.8316351428230924,2021,DAL
2021_17_ARI_DAL,DAL,4.657965702940395,-8.753885709831518,0.30183517932891846,-3.794084827562205,2021,ARI
2021_17_ATL_BUF,ATL,-4.975134951663951,-12.010799527607743,0.11181367188692093,-16.874120807384774,2021,BUF
2021_17_ATL_BUF,BUF,12.010799527607743,4.975134951663951,0.008468441665172577,16.994402920936867,2021,ATL
2021_17_CAR_NO,CAR,-6.862705857466068,4.981825326907611,0.04431265592575073,-1.8365678746327063,2021,NO
2021_17_CAR_NO,NO,-4.981825326907611,6.862705857466068,0.6094213277101517,2.4903018582686087,2021,CAR
2021_17_CLE_PIT,CLE,-10.054006394813976,0.9177795977443344,0.4263199269771576,-8.709906870092485,2021,PIT
2021_17_CLE_PIT,PIT,-0.9177795977443344,10.054006394813976,0.239467054605484,9.375693851675127,2021,CLE
2021_17_DEN_LAC,DEN,1.6013066264289773,-8.252852766062011,-0.2966550141572952,-6.948201153790329,2021,LAC
2021_17_DEN_LAC,LAC,8.252852766062011,-1.6013066264289773,0.29714904725551605,6.94869518688855,2021,DEN
2021_17_DET_SEA,DET,5.998365223156098,-25.203830062606514,0.8074196875095367,-18.398045151940877,2021,SEA
2021_17_DET_SEA,SEA,25.203830062606514,-5.998365223156098,0.4883802533149719,19.693845092765386,2021,DET
2021_17_HOU_SF,HOU,-12.499423330040885,-0.4925839052125407,-0.25563958287239075,-13.247646818125817,2021,SF
2021_17_HOU_SF,SF,0.4925839052125407,12.499423330040885,0.08348863571882248,13.075495870972249,2021,HOU
2021_17_JAX_NE,JAX,-4.725285494237415,-27.15875608186207,0.11409710114821792,-31.769944474951266,2021,NE
2021_17_JAX_NE,NE,27.15875608186207,4.725285494237415,0.7807687129825354,32.66481028908202,2021,JAX
2021_17_KC_CIN,CIN,20.075436829390096,-13.520955774512117,-0.08192309737205505,6.4725579575059236,2021,KC
2021_17_KC_CIN,KC,13.520955774512117,-20.075436829390096,0.17075415141880512,-6.3837269034591735,2021,CIN
2021_17_LA_BAL,BAL,-1.7203972143732909,-4.150724495432525,-0.6329758837819099,-6.504097593587725,2021,LA
2021_17_LA_BAL,LA,4.150724495432525,1.7203972143732909,0.16082385182380676,6.031945561629622,2021,BAL
2021_17_LV_IND,IND,2.875130927485002,-3.609170301021254,0.025978654623031616,-0.7080607189132202,2021,LV
2021_17_LV_IND,LV,3.609170301021254,-2.875130927485002,0.3633115068078041,1.097350880344056,2021,IND
2021_17_MIA_TEN,MIA,-12.495249145406756,-9.156433498927532,0.025844812393188477,-21.625837831941098,2021,TEN
2021_17_MIA_TEN,TEN,9.156433498927532,12.495249145406756,0.45092490315437317,22.10260754748866,2021,MIA
2021_17_MIN_GB,GB,16.54728846473284,4.797081481527214,0.2034882828593254,21.54785822911938,2021,MIN
2021_17_MIN_GB,MIN,-4.797081481527214,-16.54728846473284,-0.17630942165851593,-21.52067936791857,2021,GB
2021_17_NYG_CHI,CHI,-2.0686748192311706,9.318129657941068,0.7532557547092438,8.002710593419142,2021,NYG
2021_17_NYG_CHI,NYG,-9.318129657941068,2.0686748192311706,-0.5161568224430084,-7.765611661152906,2021,CHI
2021_17_PHI_WAS,PHI,5.892187630586111,-3.3621724232339343,0.2415478527545929,2.77156306010677,2021,WAS
2021_17_PHI_WAS,WAS,3.3621724232339343,-5.892187630586111,-0.14590173959732056,-2.6759169469494974,2021,PHI
2021_17_TB_NYJ,NYJ,8.541127341412201,-13.236277456731015,-0.4385363459587097,-5.133686461277524,2021,TB
2021_17_TB_NYJ,TB,13.236277456731015,-8.541127341412201,-0.08013743720948696,4.615012678109327,2021,NYJ
2021_18_CAR_TB,CAR,-1.7423179763050465,-19.000128495614057,0.39679379761219025,-20.345652674306912,2021,TB
2021_18_CAR_TB,TB,19.000128495614057,1.7423179763050465,0.10745451599359512,20.849900987912697,2021,CAR
2021_18_CHI_MIN,CHI,-3.1883574081731636,-4.7888632400491575,0.17414511740207672,-7.803075530820244,2021,MIN
2021_18_CHI_MIN,MIN,4.7888632400491575,3.1883574081731636,-0.2307296209037304,7.746491027318591,2021,CHI
2021_18_CIN_CLE,CIN,-5.540234948963477,-0.5727894586999689,0.18372154235839844,-5.929302865305047,2021,CLE
2021_18_CIN_CLE,CLE,0.5727894586999689,5.540234948963477,0.09859555959701538,6.211619967260461,2021,CIN
2021_18_DAL_PHI,DAL,32.47453025650853,-12.171349129488432,0.1751176416873932,20.47829876870749,2021,PHI
2021_18_DAL_PHI,PHI,12.171349129488432,-32.47453025650853,0.23127402365207672,-20.07190710336802,2021,DAL
2021_18_GB_DET,DET,15.715834843307974,-12.717792142321585,0.07358178496360779,3.0716244859499966,2021,GB
2021_18_GB_DET,GB,12.717792142321585,-15.715834843307974,0.243514746427536,-2.754527954558853,2021,DET
2021_18_IND_JAX,IND,-5.533596436077669,-3.148141031368529,0.45338505506515503,-8.228352412381042,2021,JAX
2021_18_IND_JAX,JAX,3.148141031368529,5.533596436077669,0.15331409126520157,8.835051558711399,2021,IND
2021_18_KC_DEN,DEN,10.730503996015672,-7.648874088235346,-0.06919947266578674,3.0124304351145392,2021,KC
2021_18_KC_DEN,KC,7.648874088235346,-10.730503996015672,-0.16102498024702072,-3.2426548880273467,2021,DEN
2021_18_LAC_LV,LAC,14.658976651610647,-9.106453260147598,-0.18516326695680618,5.367360124506243,2021,LV
2021_18_LAC_LV,LV,9.106453260147598,-14.658976651610647,0.4167947769165039,-5.1357286145465455,2021,LAC
2021_18_NE_MIA,MIA,8.136348630953373,-3.9527400374934096,-0.5481524467468262,3.635456146713137,2021,NE
2021_18_NE_MIA,NE,3.9527400374934096,-8.136348630953373,0.14576783776283264,-4.037840755697131,2021,MIA
2021_18_NO_ATL,ATL,3.0235262325399734,-6.8495484139850324,0.3554471954703331,-3.470574985974726,2021,NO
2021_18_NO_ATL,NO,6.8495484139850324,-3.0235262325399734,0.23061981797218323,4.056641999417242,2021,ATL
2021_18_NYJ_BUF,BUF,0.7561080764961885,14.345160587795357,0.16984456032514572,15.271113224616691,2021,NYJ
2021_18_NYJ_BUF,NYJ,-14.345160587795357,-0.7561080764961885,0.5028641372919083,-14.598404526999637,2021,BUF
2021_18_PIT_BAL,BAL,-11.253321729252047,8.222715340425953,-0.13489747419953346,-3.165503863025627,2021,PIT
2021_18_PIT_BAL,PIT,-8.222715340425953,11.253321729252047,-0.17942862957715988,2.851177759248934,2021,BAL
2021_18_SEA_ARI,ARI,3.7083882998051005,-16.035404430612886,0.39077329635620117,-11.936242834451583,2021,SEA
2021_18_SEA_ARI,SEA,16.035404430612886,-3.7083882998051005,0.1759573519229889,12.502973482730773,2021,ARI
2021_18_SF_LA,LA,4.5117850935720885,-10.689380770867373,-0.20334040187299252,-6.380936079168277,2021,SF
2021_18_SF_LA,SF,10.689380770867373,-4.5117850935720885,-0.27701939456164837,5.9005762827336365,2021,LA
2021_18_TEN_HOU,HOU,8.333124196215376,-12.529517410684031,0.14701618999242783,-4.049377024476227,2021,TEN
2021_18_TEN_HOU,TEN,12.529517410684031,-8.333124196215376,-0.34508025646209717,3.8513129580065577,2021,HOU
2021_18_WAS_NYG,NYG,-8.45875216016594,3.255926746560915,-0.0655529797077179,-5.268378393312743,2021,WAS
2021_18_WAS_NYG,WAS,-3.255926746560915,8.45875216016594,-0.01345498114824295,5.189370432456782,2021,NYG
2022_01_BAL_NYJ,BAL,-1.406851308072616,8.354921717587281,0.20988816395401955,7.157958573468685,2022,NYJ
2022_01_BAL_NYJ,NYJ,-8.354921717587281,1.406851308072616,-0.010026559233665466,-6.958096968748331,2022,BAL
2022_01_BUF_LA,BUF,12.554119698098848,8.640526527496968,-0.04217745363712311,21.152468771958695,2022,LA
2022_01_BUF_LA,LA,-8.640526527496968,-12.554119698098848,-0.03798818588256836,-21.232634411478386,2022,BUF
2022_01_CLE_CAR,CAR,7.808507632004328,-5.202872662978736,-0.39401277527213097,2.2116221937534606,2022,CLE
2022_01_CLE_CAR,CLE,5.202872662978736,-7.808507632004328,-0.017107628285884857,-2.6227425973114764,2022,CAR
2022_01_DEN_SEA,DEN,1.6640824829205982,-4.402955843441035,-0.05993247032165527,-2.798805830842092,2022,SEA
2022_01_DEN_SEA,SEA,4.402955843441035,-1.6640824829205982,-0.2589576840400696,2.479915676480367,2022,DEN
2022_01_GB_MIN,GB,-7.218868016567469,-6.7263834122991355,-0.11623816937208176,-14.061489598238687,2022,MIN
2022_01_GB_MIN,MIN,6.7263834122991355,7.218868016567469,-0.5490809604525566,13.396170468414049,2022,GB
2022_01_IND_HOU,HOU,-2.0626570209318498,1.3249497721681758,-0.6154241431504488,-1.3531313919141228,2022,IND
2022_01_IND_HOU,IND,-1.3249497721681758,2.0626570209318498,-0.0886426791548729,0.6490645696088011,2022,HOU
2022_01_JAX_WAS,JAX,0.31603411034151985,-8.051756970751144,0.11210556328296661,-7.623617297126658,2022,WAS
2022_01_JAX_WAS,WAS,8.051756970751144,-0.31603411034151985,-0.0814739316701889,7.6542489287394355,2022,JAX
2022_01_KC_ARI,ARI,4.888573951244332,-29.03782750013244,0.2810627147555351,-23.868190834132573,2022,KC
2022_01_KC_ARI,KC,29.03782750013244,-4.888573951244332,-0.33412475883960724,23.8151287900485,2022,ARI
2022_01_LV_LAC,LAC,0.5631428590346688,-2.991730522370648,-0.0005597770214080811,-2.4291474403573874,2022,LV
2022_01_LV_LAC,LV,2.991730522370648,-0.5631428590346688,-0.10350045934319496,2.3250872039927843,2022,LAC
2022_01_NE_MIA,MIA,-0.5523905534967675,5.707785163381096,-0.35857008397579193,4.796824525908536,2022,NE
2022_01_NE_MIA,NE,-5.707785163381096,0.5523905534967675,0.07297630608081818,-5.08241830380351,2022,MIA
2022_01_NO_ATL,ATL,4.307024003616545,-8.0228447666845,-0.48610647208988667,-4.201927235157842,2022,NO
2022_01_NO_ATL,NO,8.0228447666845,-4.307024003616545,-0.33745327591896057,3.378367487148995,2022,ATL
2022_01_NYG_TEN,NYG,-0.30300498076219906,-0.46708794758283856,0.2751965429633856,-0.49489638538165204,2022,TEN
2022_01_NYG_TEN,TEN,0.46708794758283856,0.30300498076219906,-0.26390139013528824,0.5061915382097494,2022,NYG
2022_01_PHI_DET,DET,17.165581874468586,-13.616345211706337,0.2601878196001053,3.8094244823623544,2022,PHI
2022_01_PHI_DET,PHI,13.616345211706337,-17.165581874468586,-0.08347507566213608,-3.632711738424385,2022,DET
2022_01_PIT_CIN,CIN,-4.057774418870803,8.53093440013452,0.20163913071155548,4.674799111975272,2022,PIT
2022_01_PIT_CIN,PIT,-8.53093440013452,4.057774418870803,-0.4383426830172539,-4.91150266428097,2022,CIN
2022_01_SF_CHI,CHI,2.744745829641083,10.407685652521309,-0.09243856370449066,13.059992918457901,2022,SF
2022_01_SF_CHI,SF,-10.407685652521309,-2.744745829641083,0.07728880643844604,-13.075142675723946,2022,CHI
2022_01_TB_DAL,DAL,-10.945297733436528,-0.4202887382544076,-0.058512911200523376,-11.424099382891459,2022,TB
2022_01_TB_DAL,TB,0.4202887382544076,10.945297733436528,-0.09275007992982864,11.272836391761107,2022,DAL
2022_02_ARI_LV,ARI,6.142106472840516,-6.217720573152079,0.29586468636989594,0.22025058605833348,2022,LV
2022_02_ARI_LV,LV,6.217720573152079,-6.142106472840516,-0.11065854132175446,-0.035044441010191996,2022,ARI
2022_02_ATL_LA,ATL,1.826198368298407,-9.682193706205405,-0.20685358718037605,-8.062848925087374,2022,LA
2022_02_ATL_LA,LA,9.682193706205405,-1.826198368298407,0.11903952807188034,7.975034865978879,2022,ATL
2022_02_CAR_NYG,CAR,-4.23856944243634,2.7364281634528718,0.3195847272872925,-1.1825565516961758,2022,NYG
2022_02_CAR_NYG,NYG,-2.7364281634528718,4.23856944243634,-0.3455449342727661,1.1565963447107022,2022,CAR
2022_02_CHI_GB,CHI,-1.8258903853111055,-10.909722041392031,-0.4682936519384384,-13.203906078641575,2022,GB
2022_02_CHI_GB,GB,10.909722041392031,1.8258903853111055,-0.09245599806308746,12.643156428640049,2022,CHI
2022_02_CIN_DAL,CIN,1.4999541452902845,-2.0257698604253616,-0.27092403173446655,-0.7967397468695436,2022,DAL
2022_02_CIN_DAL,DAL,2.0257698604253616,-1.4999541452902845,-0.1387365534901619,0.3870791616449152,2022,CIN
2022_02_HOU_DEN,DEN,-1.0574242737769213,7.304034314948386,-0.14393378794193268,6.102676253229532,2022,HOU
2022_02_HOU_DEN,HOU,-7.304034314948386,1.0574242737769213,-0.14767520129680634,-6.394285242468271,2022,DEN
2022_02_IND_JAX,IND,-15.758813269162918,-10.227402656029156,0.24088238179683685,-25.745333543395237,2022,JAX
2022_02_IND_JAX,JAX,10.227402656029156,15.758813269162918,-0.6949654407799244,25.29125048441215,2022,IND
2022_02_LAC_KC,KC,3.078219584286421,-4.886181256113842,-0.09281781129539013,-1.900779483122811,2022,LAC
2022_02_LAC_KC,LAC,4.886181256113842,-3.078219584286421,0.09468293190002441,1.9026446037274454,2022,KC
2022_02_MIA_BAL,BAL,15.119919311577835,-26.599113373864952,-0.513030368834734,-11.992224431121851,2022,MIA
2022_02_MIA_BAL,MIA,26.599113373864952,-15.119919311577835,-0.05205477029085159,11.427139291996266,2022,BAL
2022_02_MIN_PHI,MIN,-12.637723474393855,-9.947664802349772,0.6433489620685577,-21.94203931467507,2022,PHI
2022_02_MIN_PHI,PHI,9.947664802349772,12.637723474393855,-0.7954646050930023,21.789923671650627,2022,MIN
2022_02_NE_PIT,NE,-4.692432508112781,1.387924552670749,0.42402563989162445,-2.880482315550408,2022,PIT
2022_02_NE_PIT,PIT,-1.387924552670749,4.692432508112781,-0.3132893480360508,2.9912186074059814,2022,NE
2022_02_NYJ_CLE,CLE,16.679699090738435,-15.55534658454692,-0.38724079728126526,0.7371117089102501,2022,NYJ
2022_02_NYJ_CLE,NYJ,15.55534658454692,-16.679699090738435,-0.012881174683570862,-1.1372336808750863,2022,CLE
2022_02_SEA_SF,SEA,-10.414958906580601,-5.556129036473919,-0.3130367249250412,-16.28412466797956,2022,SF
2022_02_SEA_SF,SF,5.556129036473919,10.414958906580601,0.1851397305727005,16.15622767362722,2022,SEA
2022_02_TB_NO,NO,-10.500243647273395,8.568166075431192,-0.3094967305660248,-2.241574302408228,2022,TB
2022_02_TB_NO,TB,-8.568166075431192,10.500243647273395,-0.28198736906051636,1.650090202781687,2022,NO
2022_02_TEN_BUF,BUF,12.680323573427744,8.868391175986543,-0.11593129485845566,21.432783454555832,2022,TEN
2022_02_TEN_BUF,TEN,-8.868391175986543,-12.680323573427744,-0.06006921827793121,-21.60878396769222,2022,BUF
2022_02_WAS_DET,DET,10.237332562635588,-7.294494506917289,-0.13621915504336357,2.806618900674936,2022,WAS
2022_02_WAS_DET,WAS,7.294494506917289,-10.237332562635588,0.20837068557739258,-2.734467370140907,2022,DET
2022_03_ATL_SEA,ATL,14.939823484329128,-8.840012652064225,-0.6051131449639797,5.494697687300924,2022,SEA
2022_03_ATL_SEA,SEA,8.840012652064225,-14.939823484329128,-0.05010156333446503,-6.149912395599369,2022,ATL
2022_03_BAL_NE,BAL,15.379505221121038,-5.048032945308259,0.019489943981170654,10.35096221979395,2022,NE
2022_03_BAL_NE,NE,5.048032945308259,-15.379505221121038,0.03970334678888321,-10.291768929023895,2022,BAL
2022_03_BUF_MIA,BUF,3.3808017069548066,-5.309058920602778,-0.36367447674274445,-2.291931690390716,2022,MIA
2022_03_BUF_MIA,MIA,5.309058920602778,-3.3808017069548066,0.08951671421527863,2.0177739278632503,2022,BUF
2022_03_CIN_NYJ,CIN,3.286649017900513,7.585540202083825,0.10014281794428825,10.972332037928627,2022,NYJ
2022_03_CIN_NYJ,NYJ,-7.585540202083825,-3.286649017900513,0.09714989364147186,-10.775039326342867,2022,CIN
2022_03_DAL_NYG,DAL,4.473539426984029,-0.5197123650249115,-0.016622429713606834,3.937204632245511,2022,NYG
2022_03_DAL_NYG,NYG,0.5197123650249115,-4.473539426984029,-0.17029832303524017,-4.1241253849943575,2022,DAL
2022_03_DET_MIN,DET,3.1239477019449815,-7.006277001263575,-0.27847205847501755,-4.160801357793611,2022,MIN
2022_03_DET_MIN,MIN,7.006277001263575,-3.1239477019449815,0.08214947627857327,3.9644787755971667,2022,DET
2022_03_GB_TB,GB,-7.365669629993185,5.4933181913644615,-0.11312592029571533,-1.985477358924439,2022,TB
2022_03_GB_TB,TB,-5.4933181913644615,7.365669629993185,-0.22514010965824127,1.6472113289704824,2022,GB
2022_03_HOU_CHI,CHI,4.056898755536685,2.4062952667166932,-0.4423780348151922,6.020815987438186,2022,HOU
2022_03_HOU_CHI,HOU,-2.4062952667166932,-4.056898755536685,0.02103099226951599,-6.442163029983862,2022,CHI
2022_03_JAX_LAC,JAX,14.137967872652208,4.094030401371201,0.6405158936977386,18.87251416772115,2022,LAC
2022_03_JAX_LAC,LAC,-4.094030401371201,-14.137967872652208,-0.14875783771276474,-18.380756111736176,2022,JAX
2022_03_KC_IND,IND,-0.13935202492414245,-0.6480174046918902,0.5369274243712425,-0.2504420052447901,2022,KC
2022_03_KC_IND,KC,0.6480174046918902,0.13935202492414245,-0.18870327062904835,0.5986661589869843,2022,IND
2022_03_LA_ARI,ARI,-1.5619229708411622,-4.5147535395477725,-0.3632443696260452,-6.43992088001498,2022,LA
2022_03_LA_ARI,LA,4.5147535395477725,1.5619229708411622,0.05684517323970795,6.133521683628643,2022,ARI
2022_03_LV_TEN,LV,7.083076675816223,-9.6056049145104,-0.011399518698453903,-2.5339277573926307,2022,TEN
2022_03_LV_TEN,TEN,9.6056049145104,-7.083076675816223,-0.42067964375019073,2.101848594943986,2022,LV
2022_03_NO_CAR,CAR,-5.361602461087182,4.747841895380069,-0.24882521852850914,-0.8625857842356224,2022,NO
2022_03_NO_CAR,NO,-4.747841895380069,5.361602461087182,-0.013709113467484713,0.6000514522396285,2022,CAR
2022_03_PHI_WAS,PHI,-1.1161942374597742,10.425997900492879,0.059294939041137695,9.369098602074242,2022,WAS
2022_03_PHI_WAS,WAS,-10.425997900492879,1.1161942374597742,0.07750339806079865,-9.232300264972306,2022,PHI
2022_03_PIT_CLE,CLE,5.854642474840813,-0.24004414488901393,-0.055104851722717285,5.559493478229082,2022,PIT
2022_03_PIT_CLE,PIT,0.24004414488901393,-5.854642474840813,-0.21632995828986168,-5.830928288241661,2022,CLE
2022_03_SF_DEN,DEN,-10.981740754039283,13.24514423616057,-0.26021867990493774,2.0031848022163494,2022,SF
2022_03_SF_DEN,SF,-13.24514423616057,10.981740754039283,-0.2589579615741968,-2.522361443695484,2022,DEN
2022_04_ARI_CAR,ARI,-0.4361023613867716,9.015955002961066,0.5782134085893631,9.158066050163658,2022,CAR
2022_04_ARI_CAR,CAR,-9.015955002961066,0.4361023613867716,-0.018709857016801834,-8.598562498591097,2022,ARI
2022_04_BUF_BAL,BAL,0.0504843375953099,-5.460502077699067,0.34273112565279007,-5.067286614450967,2022,BUF
2022_04_BUF_BAL,BUF,5.460502077699067,-0.0504843375953099,0.006357103586196899,5.416374843689954,2022,BAL
2022_04_CHI_NYG,CHI,-5.659853731821176,-2.221421791376778,-0.37764203548431396,-8.258917558682269,2022,NYG
2022_04_CHI_NYG,NYG,2.221421791376778,5.659853731821176,-0.3923843950033188,7.488891128194636,2022,CHI
2022_04_CLE_ATL,ATL,5.961230608468803,-1.6408996601086425,-0.04080750048160553,4.279523447878555,2022,CLE
2022_04_CLE_ATL,CLE,1.6408996601086425,-5.961230608468803,0.05415309965610504,-4.266177848704055,2022,ATL
2022_04_DEN_LV,DEN,2.199884492149751,-5.2343892475220395,0.333557665348053,-2.7009470900242354,2022,LV
2022_04_DEN_LV,LV,5.2343892475220395,-2.199884492149751,0.02613227814435959,3.060637033516648,2022,DEN
2022_04_JAX_PHI,JAX,-3.425203530313748,-7.347318230428305,-0.0715409368276596,-10.844062697569713,2022,PHI
2022_04_JAX_PHI,PHI,7.347318230428305,3.425203530313748,0.004999309778213501,10.777521070520267,2022,JAX
2022_04_KC_TB,KC,17.419606454134875,-15.29654090140598,0.19173380732536316,2.314799360054259,2022,TB
2022_04_KC_TB,TB,15.29654090140598,-17.419606454134875,0.09842073917388916,-2.024644813555007,2022,KC
2022_04_LAC_HOU,HOU,4.583545135125587,-13.472301206680918,0.036330368369817734,-8.852425703185514,2022,LAC
2022_04_LAC_HOU,LAC,13.472301206680918,-4.583545135125587,0.12610004842281342,9.014856119978145,2022,HOU
2022_04_LA_SF,LA,-7.472031429359013,-1.3540132087256493,0.23558130115270615,-8.590463336931956,2022,SF
2022_04_LA_SF,SF,1.3540132087256493,7.472031429359013,-0.2612842097878456,8.564760428296816,2022,LA
2022_04_MIA_CIN,CIN,7.755099883215875,1.4183737486271535,-0.06518648564815521,9.108287146194874,2022,MIA
2022_04_MIA_CIN,MIA,-1.4183737486271535,-7.755099883215875,-0.10683932900428772,-9.280312960847317,2022,CIN
2022_04_MIN_NO,MIN,4.695414186031899,-11.077075243917578,0.23338626325130463,-6.148274794634375,2022,NO
2022_04_MIN_NO,NO,11.077075243917578,-4.695414186031899,-0.5725202932953835,5.809140764590296,2022,MIN
2022_04_NE_GB,GB,7.09632696917776,2.694189480920509,-0.7622996736317873,9.028216776466481,2022,NE
2022_04_NE_GB,NE,-2.694189480920509,-7.09632696917776,0.05451364815235138,-9.736002801945917,2022,GB
2022_04_NYJ_PIT,NYJ,3.133347955144921,0.587180731560758,-0.10833661258220673,3.612192074123472,2022,PIT
2022_04_NYJ_PIT,PIT,-0.587180731560758,-3.133347955144921,-0.01622052490711212,-3.736749211612791,2022,NYJ
2022_04_SEA_DET,DET,24.62862984432354,-24.559903839391627,0.26361292600631714,0.3323389309382314,2022,SEA
2022_04_SEA_DET,SEA,24.559903839391627,-24.62862984432354,-0.14162495732307434,-0.21035096225498862,2022,DET
2022_04_TEN_IND,IND,2.0234267434440896,-1.7498067283735272,0.22611002624034882,0.49973004131091114,2022,TEN
2022_04_TEN_IND,TEN,1.7498067283735272,-2.0234267434440896,-0.013773173093795776,-0.2873931881643581,2022,IND
2022_04_WAS_DAL,DAL,3.1705605797325758,11.06187395712367,-0.39793742960318923,13.834497107253057,2022,WAS
2022_04_WAS_DAL,WAS,-11.06187395712367,-3.1705605797325758,0.3471921905875206,-13.885242346268726,2022,DAL
2022_05_ATL_TB,ATL,0.8916004975460945,-4.244397485331959,-0.02444673329591751,-3.377243721081782,2022,TB
2022_05_ATL_TB,TB,4.244397485331959,-0.8916004975460945,-0.42446935549378395,2.9283276322920804,2022,ATL
2022_05_CHI_MIN,CHI,9.165152103059842,-13.803278715406172,0.12630696594715118,-4.511819646399179,2022,MIN
2022_05_CHI_MIN,MIN,13.803278715406172,-9.165152103059842,-0.0758199542760849,4.562306658070245,2022,CHI
2022_05_CIN_BAL,BAL,0.7566910842554255,-1.908031525598858,0.1269192472100258,-1.0244211941334067,2022,CIN
2022_05_CIN_BAL,CIN,1.908031525598858,-0.7566910842554255,-0.1316414177417755,1.019699023601657,2022,BAL
2022_05_DAL_LA,DAL,-5.246896567649064,11.608898096727133,-0.10130491852760315,6.260696610550466,2022,LA
2022_05_DAL_LA,LA,-11.608898096727133,5.246896567649064,0.5420147478580475,-5.819986781220021,2022,DAL
2022_05_DET_NE,DET,-13.826112351114391,-8.428509286217132,0.1747412532567978,-22.079880384074727,2022,NE
2022_05_DET_NE,NE,8.428509286217132,13.826112351114391,-0.5559106394648552,21.69871099786667,2022,DET
2022_05_HOU_JAX,HOU,-3.2073107600217168,7.855999087290099,-0.1553739309310913,4.493314396337292,2022,JAX
2022_05_HOU_JAX,JAX,-7.855999087290099,3.2073107600217168,-0.3429023679345846,-4.991590695202968,2022,HOU
2022_05_IND_DEN,DEN,-14.29013355200094,11.375656741320787,0.05806213617324829,-2.8564146745069046,2022,IND
2022_05_IND_DEN,IND,-11.375656741320787,14.29013355200094,-0.12387140095233917,2.7906054097278137,2022,DEN
2022_05_LAC_CLE,CLE,10.194197041746541,-13.693394750314763,-0.14986895769834518,-3.6490666662665667,2022,LAC
2022_05_LAC_CLE,LAC,13.693394750314763,-10.194197041746541,0.03354144096374512,3.5327391495319667,2022,CLE
2022_05_LV_KC,KC,16.346181687318825,-16.015416235251035,-0.06338657159358263,0.2673788804742081,2022,LV
2022_05_LV_KC,LV,16.015416235251035,-16.346181687318825,-0.256390780210495,-0.5871562322782857,2022,KC
2022_05_MIA_NYJ,MIA,-1.9985066566633602,-10.42666260588637,0.17216482758522034,-12.253004434964511,2022,NYJ
2022_05_MIA_NYJ,NYJ,10.42666260588637,1.9985066566633602,0.7058826684951782,13.13105193104491,2022,MIA
2022_05_NYG_GB,GB,6.346212242697742,-15.378650636539616,-0.22927147150039673,-9.26170986534227,2022,NYG
2022_05_NYG_GB,NYG,15.378650636539616,-6.346212242697742,-0.2588297426700592,8.773608651171815,2022,GB
2022_05_PHI_ARI,ARI,5.340376254452957,-5.056474006099711,-0.2264319807291031,0.057470267624143645,2022,PHI
2022_05_PHI_ARI,PHI,5.056474006099711,-5.340376254452957,-0.037241801619529724,-0.32114404997277646,2022,ARI
2022_05_PIT_BUF,BUF,15.448600214425571,11.647696950756938,0.014184311032295227,27.110481476214805,2022,PIT
2022_05_PIT_BUF,PIT,-11.647696950756938,-15.448600214425571,-0.34464115649461746,-27.440938321677127,2022,BUF
2022_05_SEA_NO,NO,10.613532656648653,-11.760071936620808,0.25695493072271347,-0.8895843492494411,2022,SEA
2022_05_SEA_NO,SEA,11.760071936620808,-10.613532656648653,-0.10751541703939438,1.0390238629327602,2022,NO
2022_05_SF_CAR,CAR,-1.6545198327416148,-11.370125412767687,0.07362965494394302,-12.951015590565358,2022,SF
2022_05_SF_CAR,SF,11.370125412767687,1.6545198327416148,0.49017322063446045,13.514818466143762,2022,CAR
2022_05_TEN_WAS,TEN,0.11748297698604324,0.4486858036443939,-0.15764127671718597,0.4085275039132512,2022,WAS
2022_05_TEN_WAS,WAS,-0.4486858036443939,-0.11748297698604324,-0.10312657058238983,-0.669295351212827,2022,TEN
2022_06_ARI_SEA,ARI,-15.54775336877042,2.1443822475062886,-0.07358839362859726,-13.47695951489273,2022,SEA
2022_06_ARI_SEA,SEA,-2.1443822475062886,15.54775336877042,-0.36991066485643387,13.033460456407699,2022,ARI
2022_06_BAL_NYG,BAL,7.416391935614338,-2.478862797416219,-0.37044234201312065,4.567086796184999,2022,NYG
2022_06_BAL_NYG,NYG,2.478862797416219,-7.416391935614338,0.3092616908252239,-4.628267447372895,2022,BAL
2022_06_BUF_KC,BUF,4.069946137942967,-6.2650332708925545,0.16468356549739838,-2.030403567452189,2022,KC
2022_06_BUF_KC,KC,6.2650332708925545,-4.069946137942967,-0.5619403924793005,1.6331467404702869,2022,BUF
2022_06_CAR_LA,CAR,-11.31403285354385,-7.096857945175403,0.10191096365451813,-18.308979835064733,2022,LA
2022_06_CAR_LA,LA,7.096857945175403,11.31403285354385,-0.4308179020881653,17.980072896631086,2022,CAR
2022_06_CIN_NO,CIN,17.269535808701402,-6.465920322104113,0.057223156094551086,10.86083864269184,2022,NO
2022_06_CIN_NO,NO,6.465920322104113,-17.269535808701402,0.11984488368034363,-10.683770602916946,2022,CIN
2022_06_DAL_PHI,DAL,1.67063486502996,-4.227629501591322,0.11532968282699585,-2.4416649537343655,2022,PHI
2022_06_DAL_PHI,PHI,4.227629501591322,-1.67063486502996,-0.17260455340147018,2.384390083159891,2022,DAL
2022_06_DEN_LAC,DEN,-4.485897568770619,3.0598478025387816,-0.1192697063088417,-1.5453194725406787,2022,LAC
2022_06_DEN_LAC,LAC,-3.0598478025387816,4.485897568770619,-0.03306601941585541,1.3929837468159816,2022,DEN
2022_06_JAX_IND,IND,18.15009638728985,-14.826118631572813,0.08453811705112457,3.4085158727681613,2022,JAX
2022_06_JAX_IND,JAX,14.826118631572813,-18.15009638728985,-0.27081564255058765,-3.5947933982676243,2022,IND
2022_06_MIN_MIA,MIA,-2.699115786284639,5.448308032361229,-0.1593052428215742,2.589887003255016,2022,MIN
2022_06_MIN_MIA,MIN,-5.448308032361229,2.699115786284639,-0.10114863514900208,-2.850340881225592,2022,MIA
2022_06_NE_CLE,CLE,-4.98243682835003,-8.283038982994785,0.3107454776763916,-12.954730333668424,2022,NE
2022_06_NE_CLE,NE,8.283038982994785,4.98243682835003,0.39679645001888275,13.662272261363698,2022,CLE
2022_06_NYJ_GB,GB,-13.623254142195567,1.4827485033615053,0.16987387090921402,-11.970631767924846,2022,NYJ
2022_06_NYJ_GB,NYJ,-1.4827485033615053,13.623254142195567,0.0022431612014770508,12.142748800035537,2022,GB
2022_06_SF_ATL,ATL,5.5536860465026665,1.4550052792730406,0.012665480375289917,7.021356806150997,2022,SF
2022_06_SF_ATL,SF,-1.4550052792730406,-5.5536860465026665,-0.02826506644487381,-7.036956392220581,2022,ATL
2022_06_TB_PIT,PIT,1.031959708875687,-2.9658481191598853,0.21464314125478268,-1.7192452690294155,2022,TB
2022_06_TB_PIT,TB,2.9658481191598853,-1.031959708875687,0.03348545730113983,1.967373867585338,2022,PIT
2022_06_WAS_CHI,CHI,-8.028635767293583,5.739189367746741,-0.1709209755063057,-2.4603673750531474,2022,WAS
2022_06_WAS_CHI,WAS,-5.739189367746741,8.028635767293583,-0.27884359657764435,2.0106028029691974,2022,CHI
2022_07_ATL_CIN,ATL,2.208665247478902,-19.052059256143725,-0.09429909288883209,-16.937693101553656,2022,CIN
2022_07_ATL_CIN,CIN,19.052059256143725,-2.208665247478902,-0.022294804453849792,16.821099204210974,2022,ATL
2022_07_CHI_NE,CHI,7.855910019674289,2.1934079737369157,0.3950546830892563,10.44437267650046,2022,NE
2022_07_CHI_NE,NE,-2.1934079737369157,-7.855910019674289,-0.039674416184425354,-10.08899240959563,2022,CHI
2022_07_CLE_BAL,BAL,2.6368902981363243,-5.01287437270275,0.4398256540298462,-1.9361584205365792,2022,CLE
2022_07_CLE_BAL,CLE,5.01287437270275,-2.6368902981363243,-0.4095751950517297,1.9664088795146957,2022,BAL
2022_07_DET_DAL,DAL,3.8355081071195944,12.227100787556061,-0.19053307175636292,15.872075822919292,2022,DET
2022_07_DET_DAL,DET,-12.227100787556061,-3.8355081071195944,-0.13603393733501434,-16.19864283201067,2022,DAL
2022_07_GB_WAS,GB,-0.6687223697564297,-1.7153544410441,-0.3656589165329933,-2.749735727333523,2022,WAS
2022_07_GB_WAS,WAS,1.7153544410441,0.6687223697564297,0.4073818475008011,2.7914586583013308,2022,GB
2022_07_HOU_LV,HOU,6.180425902504349,-20.543751169261448,-0.1704989280551672,-14.533824194812265,2022,LV
2022_07_HOU_LV,LV,20.543751169261448,-6.180425902504349,-0.21689185500144958,14.146433411755648,2022,HOU
2022_07_IND_TEN,IND,-8.398825642733302,4.974951921574544,0.1315813958644867,-3.2922923252942713,2022,TEN
2022_07_IND_TEN,TEN,-4.974951921574544,8.398825642733302,-0.4085545726120472,3.015319148546711,2022,IND
2022_07_KC_SF,KC,25.987991065748933,-3.2303236905392687,-0.19747624546289444,22.56019112974677,2022,SF
2022_07_KC_SF,SF,3.2303236905392687,-25.987991065748933,0.34656091034412384,-22.41110646486554,2022,KC
2022_07_NO_ARI,ARI,10.405787378879811,-14.603808407572629,0.02664637565612793,-4.17137465303669,2022,NO
2022_07_NO_ARI,NO,14.603808407572629,-10.405787378879811,0.3383861929178238,4.5364072216106415,2022,ARI
2022_07_NYG_JAX,JAX,4.742915331609763,-9.701783638005264,-0.40903153643012047,-5.367899842825621,2022,NYG
2022_07_NYG_JAX,NYG,9.701783638005264,-4.742915331609763,-0.23279666900634766,4.726071637389153,2022,JAX
2022_07_NYJ_DEN,DEN,-11.2118629958334,7.6248312072857,0.06193481385707855,-3.525096974690621,2022,NYJ
2022_07_NYJ_DEN,NYJ,-7.6248312072857,11.2118629958334,0.15559406578540802,3.7426258543331077,2022,DEN
2022_07_PIT_MIA,MIA,-4.241348647588859,6.73342191955411,-0.15440964698791504,2.3376636249773357,2022,PIT
2022_07_PIT_MIA,PIT,-6.73342191955411,4.241348647588859,-0.10100175440311432,-2.593075026368365,2022,MIA
2022_07_SEA_LAC,LAC,-2.0905879004025394,-12.9190313629254,0.2874298244714737,-14.722189438856466,2022,SEA
2022_07_SEA_LAC,SEA,12.9190313629254,2.0905879004025394,0.005360513925552368,15.014979777253492,2022,LAC
2022_07_TB_CAR,CAR,4.277255273908054,12.729451761829436,-0.17537806928157806,16.831328966455914,2022,TB
2022_07_TB_CAR,TB,-12.729451761829436,-4.277255273908054,-0.24438077583909035,-17.251087811576582,2022,CAR
2022_08_ARI_MIN,ARI,3.640093262116568,-8.30705642680813,0.41474485397338867,-4.252218310718173,2022,MIN
2022_08_ARI_MIN,MIN,8.30705642680813,-3.640093262116568,0.13166878372430801,4.79863194841587,2022,ARI
2022_08_BAL_TB,BAL,6.98389170058202,-4.9741390717468335,0.2820739969611168,2.291826625796303,2022,TB
2022_08_BAL_TB,TB,4.9741390717468335,-6.98389170058202,0.012426361441612244,-1.997326267393574,2022,BAL
2022_08_CAR_ATL,ATL,8.505558367909194,-11.535535479403968,-0.1537737175822258,-3.1837508290770007,2022,CAR
2022_08_CAR_ATL,CAR,11.535535479403968,-8.505558367909194,-0.14466989785432816,2.8853072136404467,2022,ATL
2022_08_CHI_DAL,CHI,11.931583536450226,-25.646737983691164,0.3153787702322006,-13.399775677008737,2022,DAL
2022_08_CHI_DAL,DAL,25.646737983691164,-11.931583536450226,-0.06958337128162384,13.645571075959314,2022,CHI
2022_08_CIN_CLE,CIN,-3.9571048875215356,-10.287560552181152,0.3972877562046051,-13.847377683498081,2022,CLE
2022_08_CIN_CLE,CLE,10.287560552181152,3.9571048875215356,-0.13564260303974152,14.109022836662945,2022,CIN
2022_08_DEN_JAX,DEN,2.512446935553732,3.8451576659637463,-0.43436729349195957,5.923237308025518,2022,JAX
2022_08_DEN_JAX,JAX,-3.8451576659637463,-2.512446935553732,0.23556795716285706,-6.122036644354621,2022,DEN
2022_08_GB_BUF,BUF,8.874864090295471,-3.455643487533297,0.04130738228559494,5.460527985047769,2022,GB
2022_08_GB_BUF,GB,3.455643487533297,-8.874864090295471,-0.1594233438372612,-5.578643946599435,2022,BUF
2022_08_LV_NO,LV,-12.518662786271683,-7.488609209799501,0.16460317373275757,-19.842668822338425,2022,NO
2022_08_LV_NO,NO,7.488609209799501,12.518662786271683,0.1140204668045044,20.121292462875687,2022,LV
2022_08_MIA_DET,DET,13.327819282927413,-16.843233923765396,-0.17168402671813965,-3.687098667556123,2022,MIA
2022_08_MIA_DET,MIA,16.843233923765396,-13.327819282927413,0.08468659222126007,3.6001012330592435,2022,DET
2022_08_NE_NYJ,NE,-5.999786410108552,1.3819560205834067,0.389399990439415,-4.22843039908573,2022,NYJ
2022_08_NE_NYJ,NYJ,-1.3819560205834067,5.999786410108552,-0.18573922663927078,4.432091162885874,2022,NE
2022_08_NYG_SEA,NYG,-6.43657533640466,-1.7098664398641013,0.16172767616808414,-7.9847141001006765,2022,SEA
2022_08_NYG_SEA,SEA,1.7098664398641013,6.43657533640466,0.025937095284461975,8.172378871553223,2022,NYG
2022_08_PIT_PHI,PHI,15.861208706981202,-0.22412492539369588,-0.06789850443601608,15.56918527715149,2022,PIT
2022_08_PIT_PHI,PIT,0.22412492539369588,-15.861208706981202,-0.10604816861450672,-15.743131950202013,2022,PHI
2022_08_SF_LA,LA,0.35971605414518315,-17.20684602401399,-0.14869307726621628,-16.995823047135026,2022,SF
2022_08_SF_LA,SF,17.20684602401399,-0.35971605414518315,0.06851142644882202,16.915641396317632,2022,LA
2022_08_TEN_HOU,HOU,-10.915599333789803,2.0102534539228314,0.21905261278152466,-8.686293267085446,2022,TEN
2022_08_TEN_HOU,TEN,-2.0102534539228314,10.915599333789803,-0.003523625433444977,8.901822254433526,2022,HOU
2022_08_WAS_IND,IND,-4.244716194123873,0.1883896490335033,-0.0174950510263443,-4.073821596116714,2022,WAS
2022_08_WAS_IND,WAS,-0.1883896490335033,4.244716194123873,-0.492821604013443,3.5635049410769266,2022,IND
2022_09_BAL_NO,BAL,8.138887143424057,-0.7204405519731353,0.17197255790233612,7.590419149353258,2022,NO
2022_09_BAL_NO,NO,0.7204405519731353,-8.138887143424057,-0.35859179496765137,-7.777038386418573,2022,BAL
2022_09_BUF_NYJ,BUF,2.249116163535048,-4.039445179663641,-0.27886926010251045,-2.0691982762311034,2022,NYJ
2022_09_BUF_NYJ,NYJ,4.039445179663641,-2.249116163535048,0.11376473307609558,1.9040937492046885,2022,BUF
2022_09_CAR_CIN,CAR,7.546195145035581,-20.910106361572314,0.21980058401823044,-13.144110632518503,2022,CIN
2022_09_CAR_CIN,CIN,20.910106361572314,-7.546195145035581,0.2853401042521,13.649251320788833,2022,CAR
2022_09_GB_DET,DET,1.1113660602193878,8.034099389235612,-0.5220061987638474,8.623459250691152,2022,GB
2022_09_GB_DET,GB,-8.034099389235612,-1.1113660602193878,0.4617921710014343,-8.683673278453565,2022,DET
2022_09_IND_NE,IND,-22.470483414109445,8.443981969321708,0.1848699003458023,-13.841631544441935,2022,NE
2022_09_IND_NE,NE,-8.443981969321708,22.470483414109445,0.6467325389385223,14.67323398372626,2022,IND
2022_09_LAC_ATL,ATL,2.254661748796698,-0.8859679830240914,-0.2192736342549324,1.1494201315176742,2022,LAC
2022_09_LAC_ATL,LAC,0.8859679830240914,-2.254661748796698,-0.22560860216617584,-1.5943023679387824,2022,ATL
2022_09_LA_TB,LA,-6.493132438160466,6.860495423149894,-0.44256066530942917,-0.0751976803200014,2022,TB
2022_09_LA_TB,TB,-6.860495423149894,6.493132438160466,0.302154541015625,-0.06520844397380277,2022,LA
2022_09_LV_JAX,JAX,9.724833274832068,-3.129154143282182,-0.05601927638053894,6.539659855169347,2022,LV
2022_09_LV_JAX,LV,3.129154143282182,-9.724833274832068,-0.08455546200275421,-6.68023459355264,2022,JAX
2022_09_MIA_CHI,CHI,14.571262986224703,-14.783791505453092,0.1358673870563507,-0.0766611321720383,2022,MIA
2022_09_MIA_CHI,MIA,14.783791505453092,-14.571262986224703,-0.1578134521842003,0.054715067044188714,2022,CHI
2022_09_MIN_WAS,MIN,-1.4118213525130185,0.9654954693658844,0.1284150294959545,-0.31791085365117966,2022,WAS
2022_09_MIN_WAS,WAS,-0.9654954693658844,1.4118213525130185,-0.008100499399006367,0.4382253837481278,2022,MIN
2022_09_PHI_HOU,HOU,1.1907828044096629,-10.350131183907333,0.15207992494106293,-9.007268454556607,2022,PHI
2022_09_PHI_HOU,PHI,10.350131183907333,-1.1907828044096629,-0.2448541335761547,8.914494245921516,2022,HOU
2022_09_SEA_ARI,ARI,-2.5019504978848555,-13.089933270743963,-0.08607777953147888,-15.677961548160297,2022,SEA
2022_09_SEA_ARI,SEA,13.089933270743963,2.5019504978848555,-0.28293706476688385,15.308946703861935,2022,ARI
2022_09_TEN_KC,KC,-0.051087631173178494,5.1888154080395985,-0.19218170642852783,4.945546070437892,2022,TEN
2022_09_TEN_KC,TEN,-5.1888154080395985,0.051087631173178494,-0.17912502586841583,-5.316852802734836,2022,KC
2022_10_ARI_LA,ARI,4.390563293889636,-0.7949629970756025,0.23775766789913177,3.8333579647131657,2022,LA
2022_10_ARI_LA,LA,0.7949629970756025,-4.390563293889636,0.12221609055995941,-3.4733842062540745,2022,ARI
2022_10_ATL_CAR,ATL,-1.3378969963556149,-3.220344026062281,0.05007252283394337,-4.508168499583952,2022,CAR
2022_10_ATL_CAR,CAR,3.220344026062281,1.3378969963556149,0.1391872987151146,4.69742832113301,2022,ATL
2022_10_CLE_MIA,CLE,4.341054032566471,-22.608814560540658,0.19708341360092163,-18.070677114373265,2022,MIA
2022_10_CLE_MIA,MIA,22.608814560540658,-4.341054032566471,0.054715536534786224,18.322476064508972,2022,CLE
2022_10_DAL_GB,DAL,2.548945538159931,-10.62963760196399,-0.0077085793018341064,-8.088400643105894,2022,GB
2022_10_DAL_GB,GB,10.62963760196399,-2.548945538159931,-0.13661302626132965,7.94407903754273,2022,DAL
2022_10_DEN_TEN,DEN,-9.676989479156063,4.42552577174536,-0.17457780241966248,-5.426041509830365,2022,TEN
2022_10_DEN_TEN,TEN,-4.42552577174536,9.676989479156063,-0.23270931839942932,5.018754389011273,2022,DEN
2022_10_DET_CHI,CHI,11.583778455791904,-5.857038133810557,0.19463662803173065,5.921376950013078,2022,DET
2022_10_DET_CHI,DET,5.857038133810557,-11.583778455791904,0.21501299552619457,-5.511727326455153,2022,CHI
2022_10_HOU_NYG,HOU,-2.198503005657587,-6.3873002739217055,-0.009705513715744019,-8.595508793295036,2022,NYG
2022_10_HOU_NYG,NYG,6.3873002739217055,2.198503005657587,-0.5307374577969313,8.05506582178236,2022,HOU
2022_10_IND_LV,IND,9.217282919919363,-3.393660840960095,-0.08994079381227493,5.733681285146993,2022,LV
2022_10_IND_LV,LV,3.393660840960095,-9.217282919919363,0.05382142215967178,-5.769800656799596,2022,IND
2022_10_JAX_KC,JAX,-1.5891486721705332,-12.662130195772576,-0.220926932990551,-14.472205800933661,2022,KC
2022_10_JAX_KC,KC,12.662130195772576,1.5891486721705332,-0.12035870552062988,14.13092016242248,2022,JAX
2022_10_LAC_SF,LAC,-4.404009361952657,-3.3239455985709587,0.012396804988384247,-7.715558155535231,2022,SF
2022_10_LAC_SF,SF,3.3239455985709587,4.404009361952657,0.3422248512506485,8.070179811774263,2022,LAC
2022_10_MIN_BUF,BUF,8.020766865276114,-6.781437076427124,-0.19192854687571526,1.047401241973275,2022,MIN
2022_10_MIN_BUF,MIN,6.781437076427124,-8.020766865276114,-0.1121404580771923,-1.3514702469261826,2022,BUF
2022_10_NO_PIT,NO,-7.542076404053082,0.3275425171803781,0.08371797204017639,-7.130815914832528,2022,PIT
2022_10_NO_PIT,PIT,-0.3275425171803781,7.542076404053082,-0.15914839133620262,7.055385495536502,2022,NO
2022_10_SEA_TB,SEA,2.023200415884115,-6.803141627405271,0.09189166128635406,-4.688049550234802,2022,TB
2022_10_SEA_TB,TB,6.803141627405271,-2.023200415884115,-0.3716779053211212,4.408263306200035,2022,SEA
2022_10_WAS_PHI,PHI,4.945746856817939,-8.502710349518294,-0.17950855195522308,-3.736472044655578,2022,WAS
2022_10_WAS_PHI,WAS,8.502710349518294,-4.945746856817939,-0.4681476876139641,3.0888158050863908,2022,PHI
2022_11_CAR_BAL,BAL,-10.36590292129267,16.579718802978704,0.1497458517551422,6.363561733441175,2022,CAR
2022_11_CAR_BAL,CAR,-16.579718802978704,10.36590292129267,-0.056991785764694214,-6.270807667450727,2022,BAL
2022_11_CHI_ATL,ATL,3.1707756482305567,-2.8344633484567536,-0.04919779300689697,0.2871145067669061,2022,CHI
2022_11_CHI_ATL,CHI,2.8344633484567536,-3.1707756482305567,0.18133698403835297,-0.1549753157354501,2022,ATL
2022_11_CIN_PIT,CIN,12.915505915736631,-5.700398249760261,0.2520323023200035,7.467139968296373,2022,PIT
2022_11_CIN_PIT,PIT,5.700398249760261,-12.915505915736631,0.17294234037399292,-7.042165325602377,2022,CIN
2022_11_CLE_BUF,BUF,11.289335257859552,-7.394069824055209,0.2773607075214386,4.1726261413257815,2022,CLE
2022_11_CLE_BUF,CLE,7.394069824055209,-11.289335257859552,0.17551188170909882,-3.719753552095244,2022,BUF
2022_11_DAL_MIN,DAL,18.975416328520378,9.443110897070099,0.07165364921092987,28.490180874801407,2022,MIN
2022_11_DAL_MIN,MIN,-9.443110897070099,-18.975416328520378,-0.26578596234321594,-28.684313187933693,2022,DAL
2022_11_DET_NYG,DET,5.246109578321708,-5.416014569045949,0.35994964838027954,0.19004465765603928,2022,NYG
2022_11_DET_NYG,NYG,5.416014569045949,-5.246109578321708,-0.04907030984759331,0.12083468087664695,2022,DET
2022_11_KC_LAC,KC,16.65853799659734,-10.096887318913286,-0.45939815044403076,6.102252527240022,2022,LAC
2022_11_KC_LAC,LAC,10.096887318913286,-16.65853799659734,-0.2715800926089287,-6.833230770292982,2022,KC
2022_11_LA_NO,LA,1.7579868322449619,-8.232268483233204,-0.09373617172241211,-6.5680178227106545,2022,NO
2022_11_LA_NO,NO,8.232268483233204,-1.7579868322449619,0.10321745276451111,6.5774991037527535,2022,LA
2022_11_LV_DEN,DEN,1.5366442336764994,-4.495782987080853,-0.4476971197873354,-3.406835873191689,2022,LV
2022_11_LV_DEN,LV,4.495782987080853,-1.5366442336764994,0.14049789309501648,3.09963664649937,2022,DEN
2022_11_NYJ_NE,NE,-16.158230628579627,17.109996288959135,-0.054668109863996506,0.897097550515511,2022,NYJ
2022_11_NYJ_NE,NYJ,-17.109996288959135,16.158230628579627,-0.3766428604722023,-1.3284085208517098,2022,NE
2022_11_PHI_IND,IND,-6.901600271962263,0.6578314675874353,0.003887467086315155,-6.239881337288512,2022,PHI
2022_11_PHI_IND,PHI,-0.6578314675874353,6.901600271962263,0.0675361156463623,6.31130492002119,2022,IND
2022_11_SF_ARI,ARI,-4.8354171463539295,-17.286469234276257,-0.130246601998806,-22.252132982628993,2022,SF
2022_11_SF_ARI,SF,17.286469234276257,4.8354171463539295,-0.11060699820518494,22.011279382425002,2022,ARI
2022_11_TEN_GB,GB,1.143188041986654,-7.782739967242017,-0.17016463726758957,-6.8097165625229525,2022,TEN
2022_11_TEN_GB,TEN,7.782739967242017,-1.143188041986654,0.24010218679904938,6.879654112054412,2022,GB
2022_11_WAS_HOU,HOU,-5.703967473181032,3.0972888407153265,0.23074719309806824,-2.375931439367637,2022,WAS
2022_11_WAS_HOU,WAS,-3.0972888407153265,5.703967473181032,0.0038094669580459595,2.610488099423751,2022,HOU
2022_12_ATL_WAS,ATL,0.3967553155355601,-3.8149519162497305,-0.47263699024915695,-3.8908335909633274,2022,WAS
2022_12_ATL_WAS,WAS,3.8149519162497305,-0.3967553155355601,-0.2943449392914772,3.123851661422693,2022,ATL
2022_12_BAL_JAX,BAL,7.2241108727726555,-6.489273543568429,-0.1123753059655428,0.6224620232386835,2022,JAX
2022_12_BAL_JAX,JAX,6.489273543568429,-7.2241108727726555,0.07628701627254486,-0.6585503129316814,2022,BAL
2022_12_BUF_DET,BUF,10.519168045896132,-7.881813842301212,-0.42261960357427597,2.214734600020644,2022,DET
2022_12_BUF_DET,DET,7.881813842301212,-10.519168045896132,0.04478077590465546,-2.5925734276902643,2022,BUF
2022_12_CHI_NYJ,CHI,-2.5695821327063397,-12.951040356237714,-0.10998671501874924,-15.630609203962802,2022,NYJ
2022_12_CHI_NYJ,NYJ,12.951040356237714,2.5695821327063397,-0.03682266175746918,15.483799827186584,2022,CHI
2022_12_CIN_TEN,CIN,3.3425659889271166,2.458937414819589,-0.088681161403656,5.71282224234305,2022,TEN
2022_12_CIN_TEN,TEN,-2.458937414819589,-3.3425659889271166,0.04784471541643143,-5.753658688330274,2022,CIN
2022_12_DEN_CAR,CAR,2.371208971253287,10.059209004816902,-0.29081103950738907,12.1396069365628,2022,DEN
2022_12_DEN_CAR,DEN,-10.059209004816902,-2.371208971253287,0.13136401027441025,-12.299053965795778,2022,CAR
2022_12_GB_PHI,GB,12.188302513312765,-18.087511034319075,0.5211882144212723,-5.378020306585038,2022,PHI
2022_12_GB_PHI,PHI,18.087511034319075,-12.188302513312765,0.062022313475608826,5.961230834481919,2022,GB
2022_12_HOU_MIA,HOU,-5.009822901172964,2.0959814739203004,0.7132183909416199,-2.2006230363110433,2022,MIA
2022_12_HOU_MIA,MIA,-2.0959814739203004,5.009822901172964,0.07021447271108627,2.9840558999637494,2022,HOU
2022_12_LAC_ARI,ARI,6.875578661153798,-2.7354742793233173,-0.21847842819988728,3.9216259536305937,2022,LAC
2022_12_LAC_ARI,LAC,2.7354742793233173,-6.875578661153798,0.3632052540779114,-3.7768991277525696,2022,ARI
2022_12_LA_KC,KC,7.329967544721707,4.232036269816641,0.2578446492552757,11.819848463793623,2022,LA
2022_12_LA_KC,LA,-4.232036269816641,-7.329967544721707,-0.07798963785171509,-11.639993452390062,2022,KC
2022_12_LV_SEA,LV,16.40641807444963,-6.5497629214218005,-0.2793908528983593,9.57726430012947,2022,SEA
2022_12_LV_SEA,SEA,6.5497629214218005,-16.40641807444963,0.5020531713962555,-9.354601981631573,2022,LV
2022_12_NE_MIN,MIN,10.49584572013357,-5.853591309069492,0.03181040287017822,4.6740648139342555,2022,NE
2022_12_NE_MIN,NE,5.853591309069492,-10.49584572013357,0.07781970873475075,-4.564434702329327,2022,MIN
2022_12_NO_SF,NO,-14.34884664138972,2.470047797312915,-0.06628939136862755,-11.945088235445432,2022,SF
2022_12_NO_SF,SF,-2.470047797312915,14.34884664138972,-0.4165519252419472,11.462246918834857,2022,NO
2022_12_NYG_DAL,DAL,12.507541792095164,-3.2695295987620074,-0.10070832073688507,9.137303872596272,2022,NYG
2022_12_NYG_DAL,NYG,3.2695295987620074,-12.507541792095164,-0.1343337520956993,-9.372345945428856,2022,DAL
2022_12_PIT_IND,IND,-1.0102732077225838,-4.678515864603083,0.1702534407377243,-5.518535631587943,2022,PIT
2022_12_PIT_IND,PIT,4.678515864603083,1.0102732077225838,0.049192875623703,5.73798194794937,2022,IND
2022_12_TB_CLE,CLE,0.3888684215883975,3.909641162367913,0.13437846302986145,4.432888046986172,2022,TB
2022_12_TB_CLE,TB,-3.909641162367913,-0.3888684215883975,-0.37500252947211266,-4.673512113428423,2022,CLE
2022_13_BUF_NE,BUF,9.370128795678998,4.535721024930589,-0.19546886906027794,13.710380951549308,2022,NE
2022_13_BUF_NE,NE,-4.535721024930589,-9.370128795678998,-0.18222932517528534,-14.08807914578487,2022,BUF
2022_13_CLE_HOU,CLE,-11.86841237002191,10.530325496159264,-0.7465705461800098,-2.084657420042655,2022,HOU
2022_13_CLE_HOU,HOU,-10.530325496159264,11.86841237002191,-0.15689950063824654,1.1811873732243985,2022,CLE
2022_13_DEN_BAL,BAL,-6.267409426620876,7.791606069180023,-0.3037978708744049,1.2203987716847422,2022,DEN
2022_13_DEN_BAL,DEN,-7.791606069180023,6.267409426620876,-0.5331110395491123,-2.0573076821082594,2022,BAL
2022_13_GB_CHI,CHI,1.3119185664586466,-11.568423486337434,0.3007262349128723,-9.955778684965914,2022,GB
2022_13_GB_CHI,GB,11.568423486337434,-1.3119185664586466,-0.1744251549243927,10.082079764954393,2022,CHI
2022_13_IND_DAL,DAL,24.609522119686222,0.7864613048658726,-0.08528891205787659,25.31069451249422,2022,IND
2022_13_IND_DAL,IND,-0.7864613048658726,-24.609522119686222,0.20005227625370026,-25.195931148298396,2022,DAL
2022_13_JAX_DET,DET,23.73079766170187,-0.8665260729799238,0.0799034982919693,22.944175087013917,2022,JAX
2022_13_JAX_DET,JAX,0.8665260729799238,-23.73079766170187,-0.11617142334580421,-22.980443012067752,2022,DET
2022_13_KC_CIN,CIN,12.356582755148995,-10.740061262766515,-0.08848264813423157,1.5280388442482487,2022,KC
2022_13_KC_CIN,KC,10.740061262766515,-12.356582755148995,-0.05279156006872654,-1.6693130524512068,2022,CIN
2022_13_LAC_LV,LAC,-5.585567166802907,-5.347668534245707,-0.18353993445634842,-11.116775635504961,2022,LV
2022_13_LAC_LV,LV,5.347668534245707,5.585567166802907,-0.17114257253706455,10.762093128511548,2022,LAC
2022_13_MIA_SF,MIA,-1.0258892611704848,-2.4094999293773447,-0.29324236512184143,-3.728631555669671,2022,SF
2022_13_MIA_SF,SF,2.4094999293773447,1.0258892611704848,0.22486892342567444,3.660258113973504,2022,MIA
2022_13_NO_TB,NO,-3.3615097002904797,-2.278374225513156,-0.32991371117532253,-5.969797636978958,2022,TB
2022_13_NO_TB,TB,2.278374225513156,3.3615097002904797,0.008455440402030945,5.648339366205667,2022,NO
2022_13_NYJ_MIN,MIN,5.6288835119694705,-3.882138018644098,0.018050454556941986,1.7647959478823143,2022,NYJ
2022_13_NYJ_MIN,NYJ,3.882138018644098,-5.6288835119694705,0.051758911460638046,-1.6949865818647343,2022,MIN
2022_13_PIT_ATL,ATL,4.210084377765962,-7.36750695395527,-0.2236830946058035,-3.3811056707951117,2022,PIT
2022_13_PIT_ATL,PIT,7.36750695395527,-4.210084377765962,-0.36562163569033146,2.7918009404989768,2022,ATL
2022_13_SEA_LA,LA,7.295010310767582,-11.498962013099874,-0.23335222154855728,-4.437303923880849,2022,SEA
2022_13_SEA_LA,SEA,11.498962013099874,-7.295010310767582,-0.32375315576791763,3.8801985465643742,2022,LA
2022_13_TEN_PHI,PHI,17.04199762990075,6.141349039312414,-0.24619933404028416,22.937147335172877,2022,TEN
2022_13_TEN_PHI,TEN,-6.141349039312414,-17.04199762990075,0.04916545748710632,-23.134181211726055,2022,PHI
2022_13_WAS_NYG,NYG,-6.03848494675333,-0.016163992578235087,0.11240609735250473,-5.942242841979061,2022,WAS
2022_13_WAS_NYG,WAS,0.016163992578235087,6.03848494675333,-0.302962988615036,5.75168595071653,2022,NYG
2022_14_BAL_PIT,BAL,0.8475769167779875,0.4363660920318715,-0.3340393900871277,0.9499036187227312,2022,PIT
2022_14_BAL_PIT,PIT,-0.4363660920318715,-0.8475769167779875,-0.043997421860694885,-1.3279404306705538,2022,BAL
2022_14_CAR_SEA,CAR,8.902631754898952,-7.308837050470529,0.20988870551809669,1.8036834099465198,2022,SEA
2022_14_CAR_SEA,SEA,7.308837050470529,-8.902631754898952,0.180249884724617,-1.413544819703806,2022,CAR
2022_14_CLE_CIN,CIN,4.525490415040118,6.814837777750437,-0.1633288860321045,11.17699930675845,2022,CLE
2022_14_CLE_CIN,CLE,-6.814837777750437,-4.525490415040118,-0.13442288525402546,-11.47475107804458,2022,CIN
2022_14_HOU_DAL,DAL,8.250027608977108,2.8479367510715696,-0.24393612146377563,10.854028238584903,2022,HOU
2022_14_HOU_DAL,HOU,-2.8479367510715696,-8.250027608977108,0.40685954689979553,-10.691104813148883,2022,DAL
2022_14_JAX_TEN,JAX,10.222438048557896,-4.890407467407265,0.13130508363246918,5.4633356647831,2022,TEN
2022_14_JAX_TEN,TEN,4.890407467407265,-10.222438048557896,-0.15854285843670368,-5.490573439587335,2022,JAX
2022_14_KC_DEN,DEN,8.37046145054424,-5.1790809486663845,-0.028238818049430847,3.1631416838284254,2022,KC
2022_14_KC_DEN,KC,5.1790809486663845,-8.37046145054424,-0.17190667241811752,-3.363287174295974,2022,DEN
2022_14_LV_LA,LA,2.6711543204720574,-1.2781373671147545,-0.14280133694410324,1.2502156164131997,2022,LV
2022_14_LV_LA,LV,1.2781373671147545,-2.6711543204720574,-0.3777782488614321,-1.770795202218735,2022,LA
2022_14_MIA_LAC,LAC,4.594703735229676,0.4231443739026932,0.08556580543518066,5.10341391456755,2022,MIA
2022_14_MIA_LAC,MIA,-0.4231443739026932,-4.594703735229676,-0.1512384321540594,-5.169086541286429,2022,LAC
2022_14_MIN_DET,DET,15.50018713598691,-8.88694524067069,-0.19694017618894577,6.416301719127274,2022,MIN
2022_14_MIN_DET,MIN,8.88694524067069,-15.50018713598691,-0.29590907879173756,-6.909150974107957,2022,DET
2022_14_NE_ARI,ARI,-8.361446342917784,3.300013280861434,0.04463975131511688,-5.0167933107412335,2022,NE
2022_14_NE_ARI,NE,-3.300013280861434,8.361446342917784,0.005264073610305786,5.066697135666656,2022,ARI
2022_14_NYJ_BUF,BUF,-2.7977641175572496,8.804746133839071,-0.16002824157476425,5.846953774707057,2022,NYJ
2022_14_NYJ_BUF,NYJ,-8.804746133839071,2.7977641175572496,-0.27797903679311275,-6.284961053074934,2022,BUF
2022_14_PHI_NYG,NYG,5.047275768511968,-25.656728266181595,0.34621062129735947,-20.26324187637227,2022,PHI
2022_14_PHI_NYG,PHI,25.656728266181595,-5.047275768511968,-0.006350184790790081,20.60310231287884,2022,NYG
2022_14_TB_SF,SF,11.06881732938518,5.628623982852435,0.1862461045384407,16.883687416776056,2022,TB
2022_14_TB_SF,TB,-5.628623982852435,-11.06881732938518,0.077692911028862,-16.619748401208753,2022,SF
2022_15_ARI_DEN,ARI,-5.864482813259152,2.5151308303986477,-0.40086329728364944,-3.750215280144154,2022,DEN
2022_15_ARI_DEN,DEN,-2.5151308303986477,5.864482813259152,0.4864479675889015,3.835799950449406,2022,ARI
2022_15_ATL_NO,ATL,0.8169209847752306,-5.479211283076459,-0.2094294186681509,-4.8717197169693796,2022,NO
2022_15_ATL_NO,NO,5.479211283076459,-0.8169209847752306,-0.19828583300113678,4.464004465300092,2022,ATL
2022_15_BAL_CLE,BAL,-12.043385617367512,5.496757743747644,-0.0733548104763031,-6.619982684096172,2022,CLE
2022_15_BAL_CLE,CLE,-5.496757743747644,12.043385617367512,-0.11170202493667603,6.434925848683193,2022,BAL
2022_15_CIN_TB,CIN,5.078096886022932,-5.333226633771372,0.6794076412916183,0.42427789354317813,2022,TB
2022_15_CIN_TB,TB,5.333226633771372,-5.078096886022932,-0.06807112693786621,0.187058620810574,2022,CIN
2022_15_DAL_JAX,DAL,10.705316786788751,-14.332304992199855,-0.1514219492673874,-3.7784101546784914,2022,JAX
2022_15_DAL_JAX,JAX,14.332304992199855,-10.705316786788751,-0.3148293402045965,3.3121588652065075,2022,DAL
2022_15_DET_NYJ,DET,-4.649953476651576,-0.6068460616590794,0.24876268208026886,-5.008036856230387,2022,NYJ
2022_15_DET_NYJ,NYJ,0.6068460616590794,4.649953476651576,-0.39751744642853737,4.859282091882118,2022,DET
2022_15_IND_MIN,IND,-5.096607959227294,-12.505080854191045,-0.4787299856543541,-18.080418799072692,2022,MIN
2022_15_IND_MIN,MIN,12.505080854191045,5.096607959227294,0.26549863815307617,17.867187451571414,2022,IND
2022_15_KC_HOU,HOU,2.9986625579890993,-9.418319905475702,0.06868171691894531,-6.350975630567657,2022,KC
2022_15_KC_HOU,KC,9.418319905475702,-2.9986625579890993,-0.0026302188634872437,6.417027128623115,2022,HOU
2022_15_LA_GB,GB,4.0296742369598535,0.1962821577850098,0.2590027265250683,4.484959121269932,2022,LA
2022_15_LA_GB,LA,-0.1962821577850098,-4.0296742369598535,-0.09676817059516907,-4.322724565340033,2022,GB
2022_15_MIA_BUF,BUF,12.443204689708129,-9.842682428709667,-0.048831939697265625,2.551690321301196,2022,MIA
2022_15_MIA_BUF,MIA,9.842682428709667,-12.443204689708129,0.17920005321502686,-2.421322207783435,2022,BUF
2022_15_NE_LV,LV,1.6786817330467478,1.5116219349368403,0.10203935205936432,3.2923430200429524,2022,NE
2022_15_NE_LV,NE,-1.5116219349368403,-1.6786817330467478,-0.23315523192286491,-3.423458899906453,2022,LV
2022_15_NYG_WAS,NYG,-0.43870374851385874,4.521874962919463,-0.2332366406917572,3.8499345737138473,2022,WAS
2022_15_NYG_WAS,WAS,-4.521874962919463,0.43870374851385874,0.15026629716157913,-3.9329049172440254,2022,NYG
2022_15_PHI_CHI,CHI,-4.433759100596292,-0.660423612661283,0.36241471767425537,-4.73176799558332,2022,PHI
2022_15_PHI_CHI,PHI,0.660423612661283,4.433759100596292,0.13391651213169098,5.228099225389267,2022,CHI
2022_15_PIT_CAR,CAR,2.9882725884547305,-11.334651216378663,-0.007708899676799774,-8.354087527600733,2022,PIT
2022_15_PIT_CAR,PIT,11.334651216378663,-2.9882725884547305,-0.2775146160274744,8.068864011896459,2022,CAR
2022_15_SF_SEA,SEA,-3.7424127168933072,0.006033451477091889,0.09679385647177696,-3.6395854089444386,2022,SF
2022_15_SF_SEA,SF,-0.006033451477091889,3.7424127168933072,0.09488827735185623,3.831267542768072,2022,SEA
2022_15_TEN_LAC,LAC,-3.906562565870108,4.073068410344948,-0.292887669056654,-0.1263818245818138,2022,TEN
2022_15_TEN_LAC,TEN,-4.073068410344948,3.906562565870108,-0.08055653423070908,-0.24706237870554926,2022,LAC
2022_16_ATL_BAL,ATL,-6.759655986925777,1.805765553673664,0.1229880154132843,-4.8309024178388285,2022,BAL
2022_16_ATL_BAL,BAL,-1.805765553673664,6.759655986925777,0.015346556901931763,4.9692369901540445,2022,ATL
2022_16_BUF_CHI,BUF,10.755674158702204,13.130596994792468,0.18298783153295517,24.069258985027627,2022,CHI
2022_16_BUF_CHI,CHI,-13.130596994792468,-10.755674158702204,0.22658564150333405,-23.659685511991338,2022,BUF
2022_16_CIN_NE,CIN,4.253790496941237,0.9422351781638811,-0.0796465054154396,5.1163791696896785,2022,NE
2022_16_CIN_NE,NE,-0.9422351781638811,-4.253790496941237,-0.2773750051856041,-5.473400680290722,2022,CIN
2022_16_DEN_LA,DEN,0.11993264159783201,-22.93518797267778,-0.020050186663866043,-22.835305517743816,2022,LA
2022_16_DEN_LA,LA,22.93518797267778,-0.11993264159783201,0.4198414981365204,23.23509682921647,2022,DEN
2022_16_DET_CAR,CAR,20.291298932698854,-10.014812261302291,-0.3481498435139656,9.928336827882598,2022,DET
2022_16_DET_CAR,DET,10.014812261302291,-20.291298932698854,0.11592856794595718,-10.160558103450606,2022,CAR
2022_16_GB_MIA,GB,2.438763750582255,-2.096244050145014,0.4136001616716385,0.7561198621088794,2022,MIA
2022_16_GB_MIA,MIA,2.096244050145014,-2.438763750582255,-0.16201944649219513,-0.504539146929436,2022,GB
2022_16_HOU_TEN,HOU,-2.3629424186252375,7.317616057589186,0.14998210966587067,5.104655748629819,2022,TEN
2022_16_HOU_TEN,TEN,-7.317616057589186,2.3629424186252375,0.06957365572452545,-4.885099983239423,2022,HOU
2022_16_JAX_NYJ,JAX,0.7837158587463049,15.261580601600913,0.012330949306488037,16.057627409653705,2022,NYJ
2022_16_JAX_NYJ,NYJ,-15.261580601600913,-0.7837158587463049,0.14724884927272797,-15.898047611074489,2022,JAX
2022_16_LAC_IND,IND,-15.835348337947867,1.412164686840503,0.18352310359477997,-14.239660547512583,2022,LAC
2022_16_LAC_IND,LAC,-1.412164686840503,15.835348337947867,0.09478072822093964,14.517964379328303,2022,IND
2022_16_LV_PIT,LV,-8.83486295708001,3.504008442630318,-0.048617884516716,-5.379472398966407,2022,PIT
2022_16_LV_PIT,PIT,-3.504008442630318,8.83486295708001,-0.21691453084349632,5.113939983606195,2022,LV
2022_16_NO_CLE,CLE,-11.173796929545224,5.169622552850377,0.44170965254306793,-5.562464724151779,2022,NO
2022_16_NO_CLE,NO,-5.169622552850377,11.173796929545224,0.4649897366762161,6.469164113371063,2022,CLE
2022_16_NYG_MIN,MIN,5.9820222317327385,-4.404480611984798,-0.392877958714962,1.1846636610329782,2022,NYG
2022_16_NYG_MIN,NYG,4.404480611984798,-5.9820222317327385,0.029301181435585022,-1.5482404383123551,2022,MIN
2022_16_PHI_DAL,DAL,17.546308907454698,-10.421376662423198,0.05674758553504944,7.18167983056655,2022,PHI
2022_16_PHI_DAL,PHI,10.421376662423198,-17.546308907454698,-0.07360406219959259,-7.198536307231093,2022,DAL
2022_16_SEA_KC,KC,1.7501689661525077,8.33427065320207,0.14942951500415802,10.233869134358736,2022,SEA
2022_16_SEA_KC,SEA,-8.33427065320207,-1.7501689661525077,0.07839423418045044,-10.006045385174128,2022,KC
2022_16_TB_ARI,ARI,-8.014268437608267,4.633746613147114,-0.4001020975410938,-3.7806239220022473,2022,TB
2022_16_TB_ARI,TB,-4.633746613147114,8.014268437608267,-0.23721867054700851,3.143303153914145,2022,ARI
2022_16_WAS_SF,SF,5.941997057248889,-1.3186267739493283,0.748413659632206,5.371783942931767,2022,WAS
2022_16_WAS_SF,WAS,1.3186267739493283,-5.941997057248889,0.10740791261196136,-4.5159623706876,2022,SF
2022_17_ARI_ATL,ARI,2.1943981294509998,-0.6235585080054478,0.04364059120416641,1.6144802126497184,2022,ATL
2022_17_ARI_ATL,ATL,0.6235585080054478,-2.1943981294509998,0.5889451801776886,-0.9818944412678634,2022,ARI
2022_17_CAR_TB,CAR,2.2559114628079238,-5.30807953731346,-0.5937086874619126,-3.6458767619674486,2022,TB
2022_17_CAR_TB,TB,5.30807953731346,-2.2559114628079238,0.3027140647172928,3.3548821392228287,2022,CAR
2022_17_CHI_DET,CHI,-7.341523468874735,-19.31401131799065,-0.02400818094611168,-26.6795429678115,2022,DET
2022_17_CHI_DET,DET,19.31401131799065,7.341523468874735,0.15068219602108002,26.80621698288647,2022,CHI
2022_17_CLE_WAS,CLE,4.375445993059575,3.2137160190975536,0.11502479016780853,7.704186802324937,2022,WAS
2022_17_CLE_WAS,WAS,-3.2137160190975536,-4.375445993059575,-0.319246843457222,-7.908408855614351,2022,CLE
2022_17_DAL_TEN,DAL,7.33381760138168,6.1820703168477715,-0.2925649732351303,13.223322944994322,2022,TEN
2022_17_DAL_TEN,TEN,-6.1820703168477715,-7.33381760138168,-0.30349119007587433,-13.819379108305327,2022,DAL
2022_17_DEN_KC,DEN,1.2781103059069276,-5.047254808801343,0.01068442314863205,-3.7584600797457832,2022,KC
2022_17_DEN_KC,KC,5.047254808801343,-1.2781103059069276,0.00977175310254097,3.7789162559969562,2022,DEN
2022_17_IND_NYG,IND,-4.738923816143316,-15.645128870468458,0.015118509531021118,-20.368934177080753,2022,NYG
2022_17_IND_NYG,NYG,15.645128870468458,4.738923816143316,0.03860165923833847,20.422654345850113,2022,IND
2022_17_JAX_HOU,HOU,-13.91475433093916,-0.5050413069144206,-0.1300266832113266,-14.549822321064909,2022,JAX
2022_17_JAX_HOU,JAX,0.5050413069144206,13.91475433093916,0.12651866674423218,14.546314304597814,2022,HOU
2022_17_LA_LAC,LA,-2.268884810454005,-15.019757045361223,-0.1371022816747427,-17.42574413748997,2022,LAC
2022_17_LA_LAC,LAC,15.019757045361223,2.268884810454005,-0.12069034576416016,17.16795151005107,2022,LA
2022_17_MIA_NE,MIA,-0.7235270933684896,-0.7738741660087327,0.3717478811740875,-1.1256533782031348,2022,NE
2022_17_MIA_NE,NE,0.7738741660087327,0.7235270933684896,-0.3585321977734566,1.1388690616037658,2022,MIA
2022_17_MIN_GB,GB,9.25402196178965,6.439856332488851,-0.17123660445213318,15.522641689826369,2022,MIN
2022_17_MIN_GB,MIN,-6.439856332488851,-9.25402196178965,1.179176390171051,-14.51470190410745,2022,GB
2022_17_NO_PHI,NO,-8.875943524940125,8.560346611604743,0.2657739073038101,-0.04982300603157164,2022,PHI
2022_17_NO_PHI,PHI,-8.560346611604743,8.875943524940125,-0.29899097606539726,0.016605937269984494,2022,NO
2022_17_NYJ_SEA,NYJ,-12.361373360019149,3.1369213598302013,0.05507550574839115,-9.169376494440556,2022,SEA
2022_17_NYJ_SEA,SEA,-3.1369213598302013,12.361373360019149,0.46708478033542633,9.691536780524373,2022,NYJ
2022_17_PIT_BAL,BAL,-1.4268233289294323,-4.416750884298017,-0.0030435845255851746,-5.846617797753035,2022,PIT
2022_17_PIT_BAL,PIT,4.416750884298017,1.4268233289294323,0.021333366632461548,5.864907579859912,2022,BAL
2022_17_SF_LV,LV,15.556351088557944,-16.488448039787702,0.024541236460208893,-0.9075557147695488,2022,SF
2022_17_SF_LV,SF,16.488448039787702,-15.556351088557944,-0.24587178975343704,0.6862251614763206,2022,LV
2022_18_ARI_SF,ARI,-0.42036233403915524,-5.89173001734113,-0.4932434521615505,-6.805335803541836,2022,SF
2022_18_ARI_SF,SF,5.89173001734113,0.42036233403915524,0.8851395919919014,7.197231943372187,2022,ARI
2022_18_BAL_CIN,BAL,-8.871922455941796,7.05323267136273,-0.05844977870583534,-1.877139563284901,2022,CIN
2022_18_BAL_CIN,CIN,-7.05323267136273,8.871922455941796,-0.004656732082366943,1.8140330524966988,2022,BAL
2022_18_CAR_NO,CAR,-6.735953788347622,10.82543679483117,-0.60866329818964,3.4808197082939074,2022,NO
2022_18_CAR_NO,NO,-10.82543679483117,6.735953788347622,-0.337534885853529,-4.427017892337076,2022,CAR
2022_18_CLE_PIT,CLE,-0.08922214913857363,-8.728093148145845,-0.48645225912332535,-9.303767556407744,2022,PIT
2022_18_CLE_PIT,PIT,8.728093148145845,0.08922214913857363,0.041944682598114014,8.859259979882532,2022,CLE
2022_18_DAL_WAS,DAL,-13.41286281500112,15.481203481114516,-0.21013379096984863,1.8582068751435479,2022,WAS
2022_18_DAL_WAS,WAS,-15.481203481114516,13.41286281500112,1.240014024078846,-0.8283266420345505,2022,DAL
2022_18_DET_GB,DET,1.3741486041758488,-0.03741205486253052,-0.24195647239685059,1.0947800769164677,2022,GB
2022_18_DET_GB,GB,0.03741205486253052,-1.3741486041758488,0.04192659258842468,-1.2948099567248936,2022,DET
2022_18_HOU_IND,HOU,1.4097096214829303,-4.710841485213652,0.23485691845417023,-3.066274945276551,2022,IND
2022_18_HOU_IND,IND,4.710841485213652,-1.4097096214829303,-0.25183502957224846,3.049296834158473,2022,HOU
2022_18_KC_LV,KC,11.187726877435566,-1.3709904196497371,-0.2019457072019577,9.614790750583872,2022,LV
2022_18_KC_LV,LV,1.3709904196497371,-11.187726877435566,-0.2000211626291275,-10.016757620414957,2022,KC
2022_18_LAC_DEN,DEN,13.58948655480601,-2.382646995375334,-0.6172850038856268,10.58955455554505,2022,LAC
2022_18_LAC_DEN,LAC,2.382646995375334,-13.58948655480601,0.3640076294541359,-10.84283192997654,2022,DEN
2022_18_LA_SEA,LA,-5.620067282675956,2.2592768756403654,0.031619250774383545,-3.329171156261207,2022,SEA
2022_18_LA_SEA,SEA,-2.2592768756403654,5.620067282675956,-0.4079974964261055,2.9527929106094852,2022,LA
2022_18_MIN_CHI,CHI,0.09005134278305138,-11.086772277783277,0.055118128657341,-10.941602806342885,2022,MIN
2022_18_MIN_CHI,MIN,11.086772277783277,-0.09005134278305138,-0.16838841140270233,10.828332523597524,2022,CHI
2022_18_NE_BUF,BUF,3.9226070737810477,-0.5837874429421832,-0.216533362865448,3.1222862679734167,2022,NE
2022_18_NE_BUF,NE,0.5837874429421832,-3.9226070737810477,0.5230821389704943,-2.8157374918683704,2022,BUF
2022_18_NYG_PHI,NYG,1.9672727382730404,-4.211191771044346,0.057150691747665405,-2.1867683410236403,2022,PHI
2022_18_NYG_PHI,PHI,4.211191771044346,-1.9672727382730404,0.13608883321285248,2.380007865984158,2022,NYG
2022_18_NYJ_MIA,MIA,-5.47376736960957,9.422082911888364,-0.32486752420663834,3.623448018072155,2022,NYJ
2022_18_NYJ_MIA,NYJ,-9.422082911888364,5.47376736960957,-0.10139650851488113,-4.049712050793675,2022,MIA
2022_18_TB_ATL,ATL,11.05686255966357,4.545351545945338,-0.18595725297927856,15.41625685262963,2022,TB
2022_18_TB_ATL,TB,-4.545351545945338,-11.05686255966357,0.11828099191188812,-15.48393311369702,2022,ATL
2022_18_TEN_JAX,JAX,-4.199428932551614,-1.2444009209714297,0.32477664947509766,-5.119053204047946,2022,TEN
2022_18_TEN_JAX,TEN,1.2444009209714297,4.199428932551614,-0.38557039201259613,5.058259461510447,2022,JAX
2023_01_ARI_WAS,ARI,-12.047507335009318,5.997391413263932,-0.029521211981773376,-6.079637133727159,2023,WAS
2023_01_ARI_WAS,WAS,-5.997391413263932,12.047507335009318,0.014752902090549469,6.064868823835935,2023,ARI
2023_01_BUF_NYJ,BUF,-0.5209756350660439,1.1893785716341654,-0.268343523144722,0.40005941342339946,2023,NYJ
2023_01_BUF_NYJ,NYJ,-1.1893785716341654,0.5209756350660439,-0.2116648405790329,-0.8800677771471543,2023,BUF
2023_01_CAR_ATL,ATL,-1.3121218208382597,8.116548403319154,0.051723405718803406,6.8561499881996975,2023,CAR
2023_01_CAR_ATL,CAR,-8.116548403319154,1.3121218208382597,-0.1453574076294899,-6.949783990110384,2023,ATL
2023_01_CIN_CLE,CIN,-19.195399904485384,5.146127642337875,0.08610157668590546,-13.963170685461604,2023,CLE
2023_01_CIN_CLE,CLE,-5.146127642337875,19.195399904485384,0.3564331531524658,14.405705415299975,2023,CIN
2023_01_DAL_NYG,DAL,12.743239990029243,11.730936631964555,-0.13997358456254005,24.33420303743126,2023,NYG
2023_01_DAL_NYG,NYG,-11.730936631964555,-12.743239990029243,-0.4530829954892397,-24.92725961748304,2023,DAL
2023_01_DET_KC,DET,-4.850811978270102,-0.7169361642257901,-0.1496049463748932,-5.717353088870785,2023,KC
2023_01_DET_KC,KC,0.7169361642257901,4.850811978270102,-0.2690539136528969,5.298694228842995,2023,DET
2023_01_GB_CHI,CHI,2.6040134233359598,-8.010138136230529,-0.06975968182086945,-5.475884394715438,2023,GB
2023_01_GB_CHI,GB,8.010138136230529,-2.6040134233359598,0.2304866835474968,5.636611396442065,2023,CHI
2023_01_HOU_BAL,BAL,-1.0391990735587016,8.689450812016535,0.36585545539855957,8.016107193856392,2023,HOU
2023_01_HOU_BAL,HOU,-8.689450812016535,1.0391990735587016,-0.1189461275935173,-7.769197866051351,2023,BAL
2023_01_JAX_IND,IND,-13.98747557982938,-2.18570805131819,0.3317357636988163,-15.841447867448753,2023,JAX
2023_01_JAX_IND,JAX,2.18570805131819,13.98747557982938,-0.07114137895405293,16.102042252193517,2023,IND
2023_01_LA_SEA,LA,17.880749325445954,1.8708049155100117,-0.4105742871761322,19.340979953779833,2023,SEA
2023_01_LA_SEA,SEA,-1.8708049155100117,-17.880749325445954,-0.059777846559882164,-19.811332087515847,2023,LA
2023_01_LV_DEN,DEN,7.417922380167193,-5.10772979683512,-0.12792298197746277,2.1822696013546103,2023,LV
2023_01_LV_DEN,LV,5.10772979683512,-7.417922380167193,0.15283629298210144,-2.1573562903499717,2023,DEN
2023_01_MIA_LAC,LAC,17.821986100505256,-20.088476758740832,-0.462506040930748,-2.7289966991663235,2023,MIA
2023_01_MIA_LAC,MIA,20.088476758740832,-17.821986100505256,0.0730505958199501,2.3395412540555256,2023,LAC
2023_01_PHI_NE,NE,-1.3254919386028172,1.7900887304379176,0.729083925485611,1.1936807173207113,2023,PHI
2023_01_PHI_NE,PHI,-1.7900887304379176,1.3254919386028172,-0.3648825827986002,-0.8294793746337006,2023,NE
2023_01_SF_PIT,PIT,-9.955547877266426,-7.321959724526291,0.15681921690702438,-17.120688384885693,2023,SF
2023_01_SF_PIT,SF,7.321959724526291,9.955547877266426,0.3259519338607788,17.603459535653496,2023,PIT
2023_01_TB_MIN,MIN,-1.1156961702350647,1.9846127912763838,-0.22422891110181808,0.644687709939501,2023,TB
2023_01_TB_MIN,TB,-1.9846127912763838,1.1156961702350647,-0.09657061100006104,-0.9654872320413801,2023,MIN
2023_01_TEN_NO,NO,-5.876239580668616,6.14876547641051,-0.09564769268035889,0.176878203061535,2023,TEN
2023_01_TEN_NO,TEN,-6.14876547641051,5.876239580668616,-0.29523511976003647,-0.5677610155019304,2023,NO
2023_02_BAL_CIN,BAL,11.176732635115725,-3.492617573714424,-0.1314190775156021,7.552695983885698,2023,CIN
2023_02_BAL_CIN,CIN,3.492617573714424,-11.176732635115725,0.1759050190448761,-7.508210042356424,2023,BAL
2023_02_CHI_TB,CHI,0.5061830129973504,-5.1789555298889205,-0.1284983605146408,-4.8012708774062105,2023,TB
2023_02_CHI_TB,TB,5.1789555298889205,-0.5061830129973504,-0.1570352390408516,4.515737277850718,2023,CHI
2023_02_CLE_PIT,CLE,-5.562919114696212,10.063351142406809,-0.02669987827539444,4.473732149435203,2023,PIT
2023_02_CLE_PIT,PIT,-10.063351142406809,5.562919114696212,-0.09959477186203003,-4.600026799572627,2023,CLE
2023_02_GB_ATL,ATL,9.948783347877301,-3.98419335280106,0.20840100944042206,6.172991004516663,2023,GB
2023_02_GB_ATL,GB,3.98419335280106,-9.948783347877301,0.29965394735336304,-5.664936047722878,2023,ATL
2023_02_IND_HOU,HOU,6.571066342581382,-9.141275493318986,-0.14240088313817978,-2.7126100338757837,2023,IND
2023_02_IND_HOU,IND,9.141275493318986,-6.571066342581382,0.33280928432941437,2.9030184350670183,2023,HOU
2023_02_KC_JAX,JAX,-10.024454885680642,-0.6906117286645119,0.20265280827879906,-10.512413806066355,2023,KC
2023_02_KC_JAX,KC,0.6906117286645119,10.024454885680642,-0.3386818766593933,10.376384737685761,2023,JAX
2023_02_LAC_TEN,LAC,1.2804060945958495,-8.770870966699965,0.2909644991159439,-7.1995003729881715,2023,TEN
2023_02_LAC_TEN,TEN,8.770870966699965,-1.2804060945958495,0.011298775672912598,7.501763647777028,2023,LAC
2023_02_LV_BUF,BUF,19.83662949401644,1.9814408707677362,-0.0732220932841301,21.744848271500047,2023,LV
2023_02_LV_BUF,LV,-1.9814408707677362,-19.83662949401644,-0.1680290987715125,-21.98609946355569,2023,BUF
2023_02_MIA_NE,MIA,5.558803137752578,2.799722707438319,-0.19609730690717697,8.16242853828372,2023,NE
2023_02_MIA_NE,NE,-2.799722707438319,-5.558803137752578,0.4742279499769211,-7.884297895213976,2023,MIA
2023_02_MIN_PHI,MIN,10.950288118301444,-9.50221376772813,-0.1930085364729166,1.2550658141003979,2023,PHI
2023_02_MIN_PHI,PHI,9.50221376772813,-10.950288118301444,-0.19077608734369278,-1.6388504379170072,2023,MIN
2023_02_NO_CAR,CAR,-3.3575300927243212,-1.3676081170577432,-0.1062273308634758,-4.831365540645541,2023,NO
2023_02_NO_CAR,NO,1.3676081170577432,3.3575300927243212,-0.2690869867801666,4.456051223001898,2023,CAR
2023_02_NYG_ARI,ARI,10.179359888171163,-14.568909356154618,-0.2638624245300889,-4.653411892513544,2023,NYG
2023_02_NYG_ARI,NYG,14.568909356154618,-10.179359888171163,0.03937521576881409,4.428924683752269,2023,ARI
2023_02_NYJ_DAL,DAL,6.167533433919282,7.500011005623638,0.01455599069595337,13.682100430238874,2023,NYJ
2023_02_NYJ_DAL,NYJ,-7.500011005623638,-6.167533433919282,0.132205531001091,-13.53533890854183,2023,DAL
2023_02_SEA_DET,DET,13.196069308025713,-11.596214476840379,-0.19661787897348404,1.4032369522118504,2023,SEA
2023_02_SEA_DET,SEA,11.596214476840379,-13.196069308025713,0.12253081053495407,-1.4773240206503804,2023,DET
2023_02_SF_LA,LA,5.380414111979368,-9.431961134614857,0.06713519990444183,-3.9844118227310474,2023,SF
2023_02_SF_LA,SF,9.431961134614857,-5.380414111979368,0.17394506931304932,4.225492091948539,2023,LA
2023_02_WAS_DEN,DEN,13.30983349176013,-14.603739744909438,0.1627892181277275,-1.13111703502158,2023,WAS
2023_02_WAS_DEN,WAS,14.603739744909438,-13.30983349176013,-0.04832720756530762,1.245579045584,2023,DEN
2023_03_ATL_DET,ATL,-12.472952673213234,-1.1426908189123692,-0.23167425021529198,-13.847317742340895,2023,DET
2023_03_ATL_DET,DET,1.1426908189123692,12.472952673213234,-0.14648302644491196,13.469160465680691,2023,ATL
2023_03_BUF_WAS,BUF,10.100342149266815,10.240769653893745,-0.10476262122392654,20.23634918193663,2023,WAS
2023_03_BUF_WAS,WAS,-10.240769653893745,-10.100342149266815,-0.35810586996376514,-20.699217673124323,2023,BUF
2023_03_CAR_SEA,CAR,5.255859874325582,-13.99842545614991,0.04825984686613083,-8.694305734958197,2023,SEA
2023_03_CAR_SEA,SEA,13.99842545614991,-5.255859874325582,0.264347106218338,9.006912688042666,2023,CAR
2023_03_CHI_KC,CHI,-0.3702119744662653,-20.751709690564027,-0.7151289954781532,-21.837050660508446,2023,KC
2023_03_CHI_KC,KC,20.751709690564027,0.3702119744662653,0.07808525115251541,21.200006916182808,2023,CHI
2023_03_DAL_ARI,ARI,16.887279867973056,-2.00788083155143,-0.5656917355954647,14.313707300826161,2023,DAL
2023_03_DAL_ARI,DAL,2.00788083155143,-16.887279867973056,0.2581150382757187,-14.621283998145907,2023,ARI
2023_03_DEN_MIA,DEN,0.44965720735505277,-35.006252211033654,-0.5934825018048286,-35.15007750548343,2023,MIA
2023_03_DEN_MIA,MIA,35.006252211033654,-0.44965720735505277,1.4387717936187983,35.9953667972974,2023,DEN
2023_03_HOU_JAX,HOU,9.826300258589507,1.4613117832895215,-0.1159425750374794,11.17166946684155,2023,JAX
2023_03_HOU_JAX,JAX,-1.4613117832895215,-9.826300258589507,0.3575126677751541,-10.930099374103875,2023,HOU
2023_03_IND_BAL,BAL,-6.541447015887467,6.90759463770058,-0.5215100678615272,-0.15536244604841443,2023,IND
2023_03_IND_BAL,IND,-6.90759463770058,6.541447015887467,-0.3236021026968956,-0.6897497245100084,2023,BAL
2023_03_LAC_MIN,LAC,11.727649998837766,-3.596979371488217,-0.28809067606925964,7.842579951280289,2023,MIN
2023_03_LAC_MIN,MIN,3.596979371488217,-11.727649998837766,0.20243317633867264,-7.928237451010876,2023,LAC
2023_03_LA_CIN,CIN,-4.62735730313609,5.107865451859238,0.06592053174972534,0.5464286804728733,2023,LA
2023_03_LA_CIN,LA,-5.107865451859238,4.62735730313609,-0.009990759193897247,-0.4904989079170452,2023,CIN
2023_03_NE_NYJ,NE,-8.531262547951798,11.730791802523076,-0.2530204802751541,2.946508774296124,2023,NYJ
2023_03_NE_NYJ,NYJ,-11.730791802523076,8.531262547951798,0.11301370710134506,-3.086515547469933,2023,NE
2023_03_NO_GB,GB,-0.4154325827791716,8.243402384469464,0.4388037919998169,8.26677359369011,2023,NO
2023_03_NO_GB,NO,-8.243402384469464,0.4154325827791716,-0.15273450314998627,-7.980704304840279,2023,GB
2023_03_NYG_SF,NYG,-2.508098129358063,-12.962058239125518,-0.06976021826267242,-15.539916586746253,2023,SF
2023_03_NYG_SF,SF,12.962058239125518,2.508098129358063,-0.12686647474765778,15.343289893735923,2023,NYG
2023_03_PHI_TB,PHI,2.366023309409427,2.6522915219682632,-0.12000685185194016,4.89830797952575,2023,TB
2023_03_PHI_TB,TB,-2.6522915219682632,-2.366023309409427,-0.38724666088819504,-5.4055614922658854,2023,PHI
2023_03_PIT_LV,LV,-0.31365122781321364,-4.190575608763324,-0.10473600728437304,-4.608962843860911,2023,PIT
2023_03_PIT_LV,PIT,4.190575608763324,0.31365122781321364,-0.5812622122466564,3.9229646243298815,2023,LV
2023_03_TEN_CLE,CLE,13.75348375130121,14.153825420306479,-0.310620054602623,27.596689117005067,2023,TEN
2023_03_TEN_CLE,TEN,-14.153825420306479,-13.75348375130121,-0.025675978511571884,-27.93298515011926,2023,CLE
2023_04_ARI_SF,ARI,6.1695755831191015,-23.643218540240888,0.09370729327201843,-17.379935663849768,2023,SF
2023_04_ARI_SF,SF,23.643218540240888,-6.1695755831191015,0.06917724013328552,17.54282019725507,2023,ARI
2023_04_ATL_JAX,ATL,-5.852703066381716,1.1341729691906564,-0.21315521746873856,-4.9316853146597985,2023,JAX
2023_04_ATL_JAX,JAX,-1.1341729691906564,5.852703066381716,-0.006581172347068787,4.711948924843991,2023,ATL
2023_04_BAL_CLE,BAL,2.489044697473418,14.328970169914838,0.37350912392139435,17.19152399130965,2023,CLE
2023_04_BAL_CLE,CLE,-14.328970169914838,-2.489044697473418,-0.12160909175872803,-16.939623959146985,2023,BAL
2023_04_CIN_TEN,CIN,-7.915564927135668,-10.321754173260329,-0.1438329964876175,-18.381152096883614,2023,TEN
2023_04_CIN_TEN,TEN,10.321754173260329,7.915564927135668,-0.09952552616596222,18.137793574230034,2023,CIN
2023_04_DEN_CHI,CHI,10.208927019888895,-11.9704666869948,-0.05542876571416855,-1.8169684328200741,2023,DEN
2023_04_DEN_CHI,DEN,11.9704666869948,-10.208927019888895,-0.056869685649871826,1.7046699814560338,2023,CHI
2023_04_DET_GB,DET,9.961258999890376,0.8066288774678116,0.11475959420204163,10.88264747156023,2023,GB
2023_04_DET_GB,GB,-0.8066288774678116,-9.961258999890376,0.5353795252740383,-10.23250835208415,2023,DET
2023_04_KC_NYJ,KC,4.975231467027743,1.2607777418736201,-0.45511214435100555,5.7808970645503575,2023,NYJ
2023_04_KC_NYJ,NYJ,-1.2607777418736201,-4.975231467027743,0.057512808591127396,-6.178496400310236,2023,KC
2023_04_LA_IND,IND,3.9303383741964697,-9.532048370401256,0.23139560222625732,-5.3703143939785285,2023,LA
2023_04_LA_IND,LA,9.532048370401256,-3.9303383741964697,-0.45697616040706635,5.1447338357977195,2023,IND
2023_04_LV_LAC,LAC,3.234119572389371,3.8240889738742245,-0.34373582154512405,6.714472724718472,2023,LV
2023_04_LV_LAC,LV,-3.8240889738742245,-3.234119572389371,0.4705755263566971,-6.587633019906899,2023,LAC
2023_04_MIA_BUF,BUF,24.693995457931063,-6.432987394765068,0.08666365593671799,18.347671719102713,2023,MIA
2023_04_MIA_BUF,MIA,6.432987394765068,-24.693995457931063,-0.08723437786102295,-18.34824244102702,2023,BUF
2023_04_MIN_CAR,CAR,-9.567597938982844,-0.1314276960046179,-0.1788218840956688,-9.877847519083131,2023,MIN
2023_04_MIN_CAR,MIN,0.1314276960046179,9.567597938982844,-0.2156452164053917,9.48338041858207,2023,CAR
2023_04_NE_DAL,DAL,6.113710611385574,10.748738496792225,-0.31228765845298767,16.55016144972481,2023,NE
2023_04_NE_DAL,NE,-10.748738496792225,-6.113710611385574,-0.15466233156621456,-17.017111439744014,2023,DAL
2023_04_PIT_HOU,HOU,11.288698455166518,9.737726595729281,-0.0559617355465889,20.97046331534921,2023,PIT
2023_04_PIT_HOU,PIT,-9.737726595729281,-11.288698455166518,0.21261022239923477,-20.813814828496565,2023,HOU
2023_04_SEA_NYG,NYG,-14.749257564896956,7.162348452388558,-0.21830140054225922,-7.805210513050657,2023,SEA
2023_04_SEA_NYG,SEA,-7.162348452388558,14.749257564896956,0.40924269892275333,7.996151811431151,2023,NYG
2023_04_TB_NO,NO,-6.212461702238779,-4.3347577795797605,-0.09167477861046791,-10.638894260429009,2023,TB
2023_04_TB_NO,TB,4.3347577795797605,6.212461702238779,-0.013785861432552338,10.533433620385988,2023,NO
2023_04_WAS_PHI,PHI,14.34710803787141,-13.693408411525,0.1303456574678421,0.7840452838142511,2023,WAS
2023_04_WAS_PHI,WAS,13.693408411525,-14.34710803787141,0.01047392189502716,-0.6432257044513818,2023,PHI
2023_05_BAL_PIT,BAL,-11.4138348488258,2.034477491939783,-0.02805645763874054,-9.407413814524759,2023,PIT
2023_05_BAL_PIT,PIT,-2.034477491939783,11.4138348488258,-0.26797960698604584,9.111377749899972,2023,BAL
2023_05_CAR_DET,CAR,10.514805035679146,-18.38928351053056,0.00048726797103881836,-7.873991206880376,2023,DET
2023_05_CAR_DET,DET,18.38928351053056,-10.514805035679146,0.3626385033130646,8.23711697816448,2023,CAR
2023_05_CHI_WAS,CHI,18.16682138995281,-3.8423944467954176,-0.11510609090328217,14.209320852254109,2023,WAS
2023_05_CHI_WAS,WAS,3.8423944467954176,-18.16682138995281,-0.0345676988363266,-14.358994641993718,2023,CHI
2023_05_CIN_ARI,ARI,1.4722427582040407,-1.7431214283336298,-0.3563546445220709,-0.62723331465166,2023,CIN
2023_05_CIN_ARI,CIN,1.7431214283336298,-1.4722427582040407,0.22844761610031128,0.4993262862299004,2023,ARI
2023_05_DAL_SF,DAL,-3.60954532665382,-14.482955859336208,-0.7098944634199142,-18.80239564940994,2023,SF
2023_05_DAL_SF,SF,14.482955859336208,3.60954532665382,0.43836843967437744,18.530869625664405,2023,DAL
2023_05_GB_LV,GB,-3.0493508249273593,3.7851388328120317,-0.2693583760410547,0.46642963184361763,2023,LV
2023_05_GB_LV,LV,-3.7851388328120317,3.0493508249273593,0.14866072684526443,-0.5871272810394079,2023,GB
2023_05_HOU_ATL,ATL,1.4499068227629415,4.2404505825289025,-0.16480125486850739,5.525556150423337,2023,HOU
2023_05_HOU_ATL,HOU,-4.2404505825289025,-1.4499068227629415,0.08636155724525452,-5.60399584804659,2023,ATL
2023_05_JAX_BUF,BUF,5.584886590865284,-7.338335086010556,-0.3998170532286167,-2.1532655483738887,2023,JAX
2023_05_JAX_BUF,JAX,7.338335086010556,-5.584886590865284,-0.48013444244861603,1.273314052696656,2023,BUF
2023_05_KC_MIN,KC,11.1902158926733,-7.3323356697905515,0.05201801657676697,3.9098982394595163,2023,MIN
2023_05_KC_MIN,MIN,7.3323356697905515,-11.1902158926733,0.013092532753944397,-3.844787690128805,2023,KC
2023_05_NO_NE,NE,-17.941303333933053,-1.4174331568392222,-0.10364353656768799,-19.462380027339965,2023,NO
2023_05_NO_NE,NO,1.4174331568392222,17.941303333933053,0.25093618780374527,19.609672678576022,2023,NE
2023_05_NYG_MIA,MIA,12.869903855648921,8.801857433091289,-0.32300370186567307,21.348757586874537,2023,NYG
2023_05_NYG_MIA,NYG,-8.801857433091289,-12.869903855648921,0.39317311346530914,-21.2785881752749,2023,MIA
2023_05_NYJ_DEN,DEN,-0.6337212180274636,0.29124551219234585,-0.1364725437015295,-0.4789482495366473,2023,NYJ
2023_05_NYJ_DEN,NYJ,-0.29124551219234585,0.6337212180274636,0.2523825466632843,0.5948582524984021,2023,DEN
2023_05_PHI_LA,LA,3.378916071399888,-9.8058455783289,-0.4171229116618633,-6.844052418590874,2023,PHI
2023_05_PHI_LA,PHI,9.8058455783289,-3.378916071399888,-0.16458965092897415,6.262339856000037,2023,LA
2023_05_TEN_IND,IND,10.902269887189696,-5.657672426388052,-0.07415337860584259,5.170444082195802,2023,TEN
2023_05_TEN_IND,TEN,5.657672426388052,-10.902269887189696,-0.13800862431526184,-5.382606085116906,2023,IND
2023_06_ARI_LA,ARI,-10.581717208234807,-8.436087889727332,0.09962113946676254,-18.918183958495376,2023,LA
2023_06_ARI_LA,LA,8.436087889727332,10.581717208234807,-0.3618587777018547,18.655946320260284,2023,ARI
2023_06_BAL_TEN,BAL,1.5696837708045381,3.9517734480667643,0.21422384679317474,5.735681065664477,2023,TEN
2023_06_BAL_TEN,TEN,-3.9517734480667643,-1.5696837708045381,0.4434228539466858,-5.0780343649246165,2023,BAL
2023_06_CAR_MIA,CAR,-4.22775270023395,-19.76228444801442,0.23778723180294037,-23.75224991644543,2023,MIA
2023_06_CAR_MIA,MIA,19.76228444801442,4.22775270023395,0.2922239601612091,24.28226110840958,2023,CAR
2023_06_DAL_LAC,DAL,6.170954087069518,5.030476362717328,-0.3264545425772667,10.87497590720958,2023,LAC
2023_06_DAL_LAC,LAC,-5.030476362717328,-6.170954087069518,0.6066115200519562,-10.59481892973489,2023,DAL
2023_06_DEN_KC,DEN,-7.610796670907646,-1.4721536502752186,-0.2452559992671013,-9.328206320449967,2023,KC
2023_06_DEN_KC,KC,1.4721536502752186,7.610796670907646,-0.3182598929852247,8.76469042819764,2023,DEN
2023_06_DET_TB,DET,-1.2170234660625021,9.72719191200347,0.04426823556423187,8.5544366815052,2023,TB
2023_06_DET_TB,TB,-9.72719191200347,1.2170234660625021,-0.08069953322410583,-8.590867979165074,2023,DET
2023_06_IND_JAX,IND,0.29078365025351616,-7.572810130414998,0.23609809577465057,-7.045928384386832,2023,JAX
2023_06_IND_JAX,JAX,7.572810130414998,-0.29078365025351616,0.40061867237091064,7.682645152532393,2023,IND
2023_06_MIN_CHI,CHI,-7.677883487116296,7.03302054231835,0.08060608804225922,-0.5642568567556872,2023,MIN
2023_06_MIN_CHI,MIN,-7.03302054231835,7.677883487116296,-0.31654442101716995,0.3283185237807764,2023,CHI
2023_06_NE_LV,LV,3.577747660780372,-4.326390606007344,0.03678277134895325,-0.7118601738780184,2023,NE
2023_06_NE_LV,NE,4.326390606007344,-3.577747660780372,-0.21176539361476898,0.5368775516122026,2023,LV
2023_06_NO_HOU,HOU,-0.9640919972377465,3.0021797547321714,-0.3784477971494198,1.6596399603450052,2023,NO
2023_06_NO_HOU,NO,-3.0021797547321714,0.9640919972377465,-0.05435989797115326,-2.092447655465578,2023,HOU
2023_06_NYG_BUF,BUF,-1.788962984643995,6.326836398465325,-0.029738575220108032,4.508134838601222,2023,NYG
2023_06_NYG_BUF,NYG,-6.326836398465325,1.788962984643995,-0.39591431617736816,-4.9337877299986985,2023,BUF
2023_06_PHI_NYJ,NYJ,-4.624514410162986,1.5779233637468855,0.3532882183790207,-2.69330282803708,2023,PHI
2023_06_PHI_NYJ,PHI,-1.5779233637468855,4.624514410162986,-0.25572333484888077,2.79086771156722,2023,NYJ
2023_06_SEA_CIN,CIN,-0.6616166055697847,5.536346636527702,-0.25134169310331345,4.623388337854603,2023,SEA
2023_06_SEA_CIN,SEA,-5.536346636527702,0.6616166055697847,0.1419137604534626,-4.732816270504454,2023,CIN
2023_06_SF_CLE,CLE,-4.610091307711773,7.882901981004949,0.21508198231458664,3.4878926556077623,2023,SF
2023_06_SF_CLE,SF,-7.882901981004949,4.610091307711773,0.23507481068372726,-3.0377358626094484,2023,CLE
2023_06_WAS_ATL,ATL,-0.715932548261317,-1.3261995935747277,0.1112196296453476,-1.9309125121906972,2023,WAS
2023_06_WAS_ATL,WAS,1.3261995935747277,0.715932548261317,0.08822216838598251,2.1303543102220273,2023,ATL
2023_07_ARI_SEA,ARI,-11.958152541981438,-0.24975779469730508,0.13492846488952637,-12.072981871789217,2023,SEA
2023_07_ARI_SEA,SEA,0.24975779469730508,11.958152541981438,0.3488536477088928,12.556763984387636,2023,ARI
2023_07_ATL_TB,ATL,-3.8409503853405953,2.046155717469939,-0.07798512279987335,-1.8727797906705295,2023,TB
2023_07_ATL_TB,TB,-2.046155717469939,3.8409503853405953,-0.33303358405828476,1.4617610838123714,2023,ATL
2023_07_BUF_NE,BUF,10.185596646384992,-12.024695354525795,-0.2775380704551935,-2.1166367785959963,2023,NE
2023_07_BUF_NE,NE,12.024695354525795,-10.185596646384992,0.01664942502975464,1.8557481331705574,2023,BUF
2023_07_CLE_IND,CLE,3.7102581701027777,-10.690065790433199,0.19533295929431915,-6.784474661036102,2023,IND
2023_07_CLE_IND,IND,10.690065790433199,-3.7102581701027777,-0.37379289511591196,6.606014725214509,2023,CLE
2023_07_DET_BAL,BAL,21.51918490926206,4.066739573511684,-0.13049955666065216,25.45542492611309,2023,DET
2023_07_DET_BAL,DET,-4.066739573511684,-21.51918490926206,-0.07592491805553436,-25.661849400829276,2023,BAL
2023_07_GB_DEN,DEN,4.45706014735673,-2.497884102502443,-0.40577781945466995,1.5533982253996168,2023,GB
2023_07_GB_DEN,GB,2.497884102502443,-4.45706014735673,-0.09240029193460941,-2.051576336788896,2023,DEN
2023_07_JAX_NO,JAX,3.3029498165051567,4.444123932334799,-0.0243440642952919,7.722729684544664,2023,NO
2023_07_JAX_NO,NO,-4.444123932334799,-3.3029498165051567,0.404857836663723,-7.342215912176233,2023,JAX
2023_07_LAC_KC,KC,11.967903480732332,-0.4382605122008092,0.010685145854949951,11.540328114386472,2023,LAC
2023_07_LAC_KC,LAC,0.4382605122008092,-11.967903480732332,-0.13439758121967316,-11.664040549751196,2023,KC
2023_07_LV_CHI,CHI,9.453619993656252,1.8479437201032445,-0.23237860202789307,11.069185111731603,2023,LV
2023_07_LV_CHI,LV,-1.8479437201032445,-9.453619993656252,0.4074018597602844,-10.894161853999211,2023,CHI
2023_07_MIA_PHI,MIA,-5.266916198810765,-11.589316123482233,0.22018848359584808,-16.636043838697148,2023,PHI
2023_07_MIA_PHI,PHI,11.589316123482233,5.266916198810765,-0.012271270155906677,16.84396105213709,2023,MIA
2023_07_PIT_LA,LA,-1.7492336832926694,-3.8572649599328965,0.13421769440174103,-5.472280948823824,2023,PIT
2023_07_PIT_LA,PIT,3.8572649599328965,1.7492336832926694,0.2690047174692154,5.875503360694781,2023,LA
2023_07_SF_MIN,MIN,9.694955218991712,-2.95691058848044,-0.45197052508592606,6.286074105425346,2023,SF
2023_07_SF_MIN,SF,2.95691058848044,-9.694955218991712,0.06336665153503418,-6.674677978976238,2023,MIN
2023_07_WAS_NYG,NYG,-8.843319883734052,16.91196829956913,-0.18786191940307617,7.880786496432,2023,WAS
2023_07_WAS_NYG,WAS,-16.91196829956913,8.843319883734052,-0.02697329968214035,-8.095621715517217,2023,NYG
2023_08_ATL_TEN,ATL,1.831640367968991,-2.976982781284071,-0.0872144103050232,-1.232556823620103,2023,TEN
2023_08_ATL_TEN,TEN,2.976982781284071,-1.831640367968991,0.05527941882610321,1.200621832141183,2023,ATL
2023_08_BAL_ARI,ARI,4.799567616579481,-5.293223916959056,-0.03542299568653107,-0.5290792960661053,2023,BAL
2023_08_BAL_ARI,BAL,5.293223916959056,-4.799567616579481,0.41366226971149445,0.9073185700910686,2023,ARI
2023_08_CHI_LAC,CHI,-0.13322166585371864,-10.43836056996901,0.2565971165895462,-10.314985119233182,2023,LAC
2023_08_CHI_LAC,LAC,10.43836056996901,0.13322166585371864,-0.11244382709264755,10.45913840873008,2023,CHI
2023_08_CIN_SF,CIN,10.253111419254996,-2.8409516576846174,0.011689513921737671,7.423849275492116,2023,SF
2023_08_CIN_SF,SF,2.8409516576846174,-10.253111419254996,-0.5554675916209817,-7.96762735319136,2023,CIN
2023_08_CLE_SEA,CLE,2.058160383778182,-4.447619071763215,-0.13681436330080032,-2.5262730512858336,2023,SEA
2023_08_CLE_SEA,SEA,4.447619071763215,-2.058160383778182,-0.3243454322218895,2.0651132557631438,2023,CLE
2023_08_HOU_CAR,CAR,-3.7404987888991386,2.243580193668352,0.07557133585214615,-1.4213472593786403,2023,HOU
2023_08_HOU_CAR,HOU,-2.243580193668352,3.7404987888991386,-0.014437451958656311,1.48248114327213,2023,CAR
2023_08_JAX_PIT,JAX,-4.2198997876057645,8.34360805164841,0.31166696548461914,4.435375229527264,2023,PIT
2023_08_JAX_PIT,PIT,-8.34360805164841,4.2198997876057645,-0.5171546638011932,-4.6408629278438385,2023,JAX
2023_08_KC_DEN,DEN,-3.140512276769723,7.859659201249921,0.30416475236415863,5.023311676844357,2023,KC
2023_08_KC_DEN,KC,-7.859659201249921,3.140512276769723,-0.11393857514485717,-4.833085499625056,2023,DEN
2023_08_LA_DAL,DAL,17.22253653085481,-5.185549454509957,0.07602567225694656,12.1130127486018,2023,LA
2023_08_LA_DAL,LA,5.185549454509957,-17.22253653085481,0.20162850618362427,-11.83535857016123,2023,DAL
2023_08_LV_DET,DET,1.2000236359868752,12.025425133102594,0.16864469647407532,13.394093465563545,2023,LV
2023_08_LV_DET,LV,-12.025425133102594,-1.2000236359868752,-0.1778765693306923,-13.403325338420162,2023,DET
2023_08_MIN_GB,GB,-8.687244215263917,-5.893668312049989,0.46021178364753723,-14.120700743666369,2023,MIN
2023_08_MIN_GB,MIN,5.893668312049989,8.687244215263917,0.08424566686153412,14.66515819417544,2023,GB
2023_08_NE_MIA,MIA,13.504758874072651,4.3554308094809935,0.04300977289676666,17.903199456450412,2023,NE
2023_08_NE_MIA,NE,-4.3554308094809935,-13.504758874072651,0.45423366129398346,-17.405956022259662,2023,MIA
2023_08_NO_IND,IND,7.098137843086566,-17.752621973163265,-0.13408319279551506,-10.788567322872215,2023,NO
2023_08_NO_IND,NO,17.752621973163265,-7.098137843086566,0.006168663501739502,10.66065279357844,2023,IND
2023_08_NYJ_NYG,NYG,-21.970311368997063,12.198089846670037,0.32666173577308655,-9.44555978655394,2023,NYJ
2023_08_NYJ_NYG,NYJ,-12.198089846670037,21.970311368997063,-0.3972954507917166,9.37492607153531,2023,NYG
2023_08_PHI_WAS,PHI,14.301592688138012,-14.556816968112187,0.6051078140735626,0.3498835340993871,2023,WAS
2023_08_PHI_WAS,WAS,14.556816968112187,-14.301592688138012,-0.5119890756905079,-0.2567647957163324,2023,PHI
2023_08_TB_BUF,BUF,4.115767933886885,0.5692889365833969,0.18968331813812256,4.8747401886084045,2023,TB
2023_08_TB_BUF,TB,-0.5692889365833969,-4.115767933886885,-0.07950706966221333,-4.764563940132495,2023,BUF
2023_09_ARI_CLE,ARI,-20.791586748661793,1.651300887841609,0.08685886859893799,-19.053426992221247,2023,CLE
2023_09_ARI_CLE,CLE,-1.651300887841609,20.791586748661793,0.06253397464752197,19.202819835467707,2023,ARI
2023_09_BUF_CIN,BUF,4.550624616987987,-4.145673304536503,-0.22726961970329285,0.177681692748191,2023,CIN
2023_09_BUF_CIN,CIN,4.145673304536503,-4.550624616987987,0.15637293457984924,-0.24857837787163461,2023,BUF
2023_09_CHI_NO,CHI,0.3208209776984172,6.0765581150494175,-0.225438192486763,6.171940900261072,2023,NO
2023_09_CHI_NO,NO,-6.0765581150494175,-0.3208209776984172,0.27581601589918137,-6.121563076848654,2023,CHI
2023_09_DAL_PHI,DAL,8.416774052421612,-13.695373386339611,0.18081404268741608,-5.097785291230583,2023,PHI
2023_09_DAL_PHI,PHI,13.695373386339611,-8.416774052421612,-0.2412109449505806,5.037388388967418,2023,DAL
2023_09_IND_CAR,CAR,-4.758340317636119,0.5670742707421079,-0.13444856274873018,-4.325714609642741,2023,IND
2023_09_IND_CAR,IND,-0.5670742707421079,4.758340317636119,-0.20452944934368134,3.9867365975503297,2023,CAR
2023_09_LAC_NYJ,LAC,-3.948976879050757,13.829923378811573,-0.07426447980105877,9.806682019959757,2023,NYJ
2023_09_LAC_NYJ,NYJ,-13.829923378811573,3.948976879050757,0.14060313254594803,-9.740343367214868,2023,LAC
2023_09_LA_GB,GB,-6.189556319728995,17.036662138972954,0.26727284491062164,11.11437866415458,2023,LA
2023_09_LA_GB,LA,-17.036662138972954,6.189556319728995,0.033281683921813965,-10.813824135322145,2023,GB
2023_09_MIA_KC,KC,-1.2223329345397564,3.552752067743282,-0.12274055182933807,2.2076785813741875,2023,MIA
2023_09_MIA_KC,MIA,-3.552752067743282,1.2223329345397564,-0.08540152385830879,-2.4158206570618344,2023,KC
2023_09_MIN_ATL,ATL,-1.5187532203504643,-6.5701316073834555,0.29882899671792984,-7.790055831015991,2023,MIN
2023_09_MIN_ATL,MIN,6.5701316073834555,1.5187532203504643,0.2777097225189209,8.366594550252842,2023,ATL
2023_09_NYG_LV,LV,4.76052778190356,7.162226398496327,0.2579035088419914,12.18065768924188,2023,NYG
2023_09_NYG_LV,NYG,-7.162226398496327,-4.76052778190356,-0.20020613260567188,-12.12296031300556,2023,LV
2023_09_SEA_BAL,BAL,14.76177288393433,14.22294698876704,-0.2777933031320572,28.706926569569312,2023,SEA
2023_09_SEA_BAL,SEA,-14.22294698876704,-14.76177288393433,-0.2405877709388733,-29.225307643640242,2023,BAL
2023_09_TB_HOU,HOU,22.206636853935464,-13.58121381557088,-0.19589655846357346,8.42952647990101,2023,TB
2023_09_TB_HOU,TB,13.58121381557088,-22.206636853935464,0.19573617167770863,-8.429686866686875,2023,HOU
2023_09_TEN_PIT,PIT,6.822991316890218,-3.291668226354566,-0.1539941132068634,3.377328977328789,2023,TEN
2023_09_TEN_PIT,TEN,3.291668226354566,-6.822991316890218,-0.27693768590688705,-3.8082607764425394,2023,PIT
2023_09_WAS_NE,NE,-3.1665556051650405,-1.9649126205812297,0.014403805136680603,-5.11706442060959,2023,WAS
2023_09_WAS_NE,WAS,1.9649126205812297,3.1665556051650405,-0.1248830258846283,5.006585199861642,2023,NE
2023_10_ATL_ARI,ARI,6.893391997193723,-5.261400842212913,0.14055070281028748,1.772541857791098,2023,ATL
2023_10_ATL_ARI,ATL,5.261400842212913,-6.893391997193723,0.3624189496040344,-1.2695722053767762,2023,ARI
2023_10_CAR_CHI,CAR,-8.148781098709518,2.6028050049041696,-0.245979905128479,-5.791955998933828,2023,CHI
2023_10_CAR_CHI,CHI,-2.6028050049041696,8.148781098709518,-0.12165044993162155,5.424325643873727,2023,CAR
2023_10_CLE_BAL,BAL,2.827720772357784,-8.018687352362017,0.40665648877620697,-4.784310091228026,2023,CLE
2023_10_CLE_BAL,CLE,8.018687352362017,-2.827720772357784,0.14518995583057404,5.336156535834807,2023,BAL
2023_10_DEN_BUF,BUF,4.011042206405463,2.7438709911126336,-0.26564498990774155,6.489268207610355,2023,DEN
2023_10_DEN_BUF,DEN,-2.7438709911126336,-4.011042206405463,0.2574201449751854,-6.497493052542911,2023,BUF
2023_10_DET_LAC,DET,21.32839999292041,-24.324577092395643,0.051647309213876724,-2.944529790261356,2023,LAC
2023_10_DET_LAC,LAC,24.324577092395643,-21.32839999292041,-0.06736063957214355,2.9288164599030893,2023,DET
2023_10_GB_PIT,GB,2.7947543560627026,-4.590938206528829,0.017203591763973236,-1.7789802587021533,2023,PIT
2023_10_GB_PIT,PIT,4.590938206528829,-2.7947543560627026,-0.056143417954444885,1.7400404325116816,2023,GB
2023_10_HOU_CIN,CIN,3.120596436961131,-6.354080179118191,0.1533568948507309,-3.080126847306329,2023,HOU
2023_10_HOU_CIN,HOU,6.354080179118191,-3.120596436961131,-0.2044549360871315,3.0290288060699284,2023,CIN
2023_10_IND_NE,IND,-4.91011182964573,7.8978674691019775,-0.26258378475904465,2.7251718546972032,2023,NE
2023_10_IND_NE,NE,-7.8978674691019775,4.91011182964573,-0.3464096076786518,-3.3341652471348997,2023,IND
2023_10_NO_MIN,MIN,5.947536008639573,0.9894275737195003,-0.3894071877002716,6.547556394658802,2023,NO
2023_10_NO_MIN,NO,-0.9894275737195003,-5.947536008639573,0.06541859358549118,-6.871544988773582,2023,MIN
2023_10_NYG_DAL,DAL,26.109365122796735,3.918528825819112,0.120396189391613,30.14829013800746,2023,NYG
2023_10_NYG_DAL,NYG,-3.918528825819112,-26.109365122796735,0.5478321835398674,-29.48006176507598,2023,DAL
2023_10_NYJ_LV,LV,-2.7623038947599063,6.288081322631953,-0.17205095291137695,3.35372647496067,2023,NYJ
2023_10_NYJ_LV,NYJ,-6.288081322631953,2.7623038947599063,-0.30537572503089905,-3.831153152902946,2023,LV
2023_10_SF_JAX,JAX,-10.917861684098703,-12.969287931687909,-0.14684662222862244,-24.033996238015234,2023,SF
2023_10_SF_JAX,SF,12.969287931687909,10.917861684098703,-0.05314917862415314,23.83400043716246,2023,JAX
2023_10_TEN_TB,TB,1.682288159804919,10.31547516661461,-0.14575712382793427,11.852006202591594,2023,TEN
2023_10_TEN_TB,TEN,-10.31547516661461,-1.682288159804919,-0.08167224191129208,-12.07943556833082,2023,TB
2023_10_WAS_SEA,SEA,9.556494213024738,-8.62733197656345,-0.47016383707523346,0.45899839938605425,2023,WAS
2023_10_WAS_SEA,WAS,8.62733197656345,-9.556494213024738,-0.07090043276548386,-1.0000626692267716,2023,SEA
2023_11_ARI_HOU,ARI,1.6253208348964188,0.15389732150958801,-0.3900778410024941,1.3891403154035127,2023,HOU
2023_11_ARI_HOU,HOU,-0.15389732150958801,-1.6253208348964188,0.2947089821100235,-1.4845091742959833,2023,ARI
2023_11_CHI_DET,CHI,6.8758070756896785,-12.062314047873556,-0.33258480578660965,-5.5190917779704876,2023,DET
2023_11_CHI_DET,DET,12.062314047873556,-6.8758070756896785,0.16533952951431274,5.351846501698191,2023,CHI
2023_11_CIN_BAL,BAL,12.564268207229492,-3.387074674269054,0.13824935257434845,9.315442885534786,2023,CIN
2023_11_CIN_BAL,CIN,3.387074674269054,-12.564268207229492,-0.03596558794379234,-9.21315912090423,2023,BAL
2023_11_DAL_CAR,CAR,-4.660592342778595,-10.68909876410021,0.17044967412948608,-15.179241432749318,2023,DAL
2023_11_DAL_CAR,DAL,10.68909876410021,4.660592342778595,-0.22980479896068573,15.119886307918119,2023,CAR
2023_11_LAC_GB,GB,7.438771604580978,-2.7744292733741065,-0.2625850439071655,4.401757287299706,2023,LAC
2023_11_LAC_GB,LAC,2.7744292733741065,-7.438771604580978,-0.06479427218437195,-4.729136603391243,2023,GB
2023_11_LV_MIA,LV,-11.91590643955224,0.970734174638666,0.10133789479732513,-10.843834370116248,2023,MIA
2023_11_LV_MIA,MIA,-0.970734174638666,11.91590643955224,-0.5002081170678139,10.44496414784576,2023,LV
2023_11_MIN_DEN,DEN,1.2755818989885412,-3.5786631301084038,0.2597331404685974,-2.043348090651265,2023,MIN
2023_11_MIN_DEN,MIN,3.5786631301084038,-1.2755818989885412,-0.20384376496076584,2.0992374661590967,2023,DEN
2023_11_NYG_WAS,NYG,-0.2659071393493839,-1.4999090968494326,-0.32166077196598053,-2.087477008164797,2023,WAS
2023_11_NYG_WAS,WAS,1.4999090968494326,0.2659071393493839,-0.17626949399709702,1.5895467422017195,2023,NYG
2023_11_NYJ_BUF,BUF,8.224309898255102,6.90455206057641,-0.08415009081363678,15.044711868017876,2023,NYJ
2023_11_NYJ_BUF,NYJ,-6.90455206057641,-8.224309898255102,0.11969958245754242,-15.00916237637397,2023,BUF
2023_11_PHI_KC,KC,-5.353952865823792,-0.49723772648745035,0.03255246579647064,-5.818638126514772,2023,PHI
2023_11_PHI_KC,PHI,0.49723772648745035,5.353952865823792,-0.03008212149143219,5.82110847081981,2023,KC
2023_11_PIT_CLE,CLE,-10.218736834632653,8.444921878325117,0.1629330739378929,-1.6108818823696431,2023,PIT
2023_11_PIT_CLE,PIT,-8.444921878325117,10.218736834632653,-0.43482447043061256,1.3389904858769235,2023,CLE
2023_11_SEA_LA,LA,-3.019031180774009,2.4268102583237323,0.36559179425239563,-0.22662912819788117,2023,SEA
2023_11_SEA_LA,SEA,-2.4268102583237323,3.019031180774009,-0.1511785164475441,0.4410424060027327,2023,LA
2023_11_TB_SF,SF,13.940664117644605,2.4333068038474206,-0.6547311544418335,15.71923976705019,2023,TB
2023_11_TB_SF,TB,-2.4333068038474206,-13.940664117644605,0.48598603904247284,-15.887984882449551,2023,SF
2023_11_TEN_JAX,JAX,16.35760578249465,-4.3704333975204195,-0.1727926880121231,11.81437969696211,2023,TEN
2023_11_TEN_JAX,TEN,4.3704333975204195,-16.35760578249465,-0.12937234342098236,-12.116544728395215,2023,JAX
2023_12_BAL_LAC,BAL,2.5547442210077405,6.031270837042461,-0.6732056885957718,7.912809369454429,2023,LAC
2023_12_BAL_LAC,LAC,-6.031270837042461,-2.5547442210077405,-0.2888551168143749,-8.874870174864576,2023,BAL
2023_12_BUF_PHI,BUF,9.52390762246668,-13.5021771301306,-0.05542522668838501,-4.033694734352304,2023,PHI
2023_12_BUF_PHI,PHI,13.5021771301306,-9.52390762246668,0.04796421527862549,4.0262337229425444,2023,BUF
2023_12_CAR_TEN,CAR,-3.0307468966167592,2.4428504197094467,-0.44072419591248035,-1.0286206728197929,2023,TEN
2023_12_CAR_TEN,TEN,-2.4428504197094467,3.0307468966167592,-0.020524337887763977,0.5673721390195485,2023,CAR
2023_12_CHI_MIN,CHI,-8.197705141788433,7.847122868375673,-0.15036502480506897,-0.5009472982178282,2023,MIN
2023_12_CHI_MIN,MIN,-7.847122868375673,8.197705141788433,-0.45249956101179123,-0.10191728759903196,2023,CHI
2023_12_CLE_DEN,CLE,-4.709581368378415,-4.935247204676016,0.1679067462682724,-9.476921826786159,2023,DEN
2023_12_CLE_DEN,DEN,4.935247204676016,4.709581368378415,0.04915696382522583,9.693985536879657,2023,CLE
2023_12_GB_DET,DET,6.392997079253434,-3.6840546081145287,-0.12876033782958984,2.580182133309316,2023,GB
2023_12_GB_DET,GB,3.6840546081145287,-6.392997079253434,-0.08020192757248878,-2.7891443987113944,2023,DET
2023_12_JAX_HOU,HOU,3.486891156775747,-5.922940538822478,0.03584067523479462,-2.400208706811936,2023,JAX
2023_12_JAX_HOU,JAX,5.922940538822478,-3.486891156775747,-0.20603298395872116,2.2300163980880097,2023,HOU
2023_12_KC_LV,KC,8.781778071910322,-1.9147494806549261,0.6212019622325897,7.488230553487986,2023,LV
2023_12_KC_LV,LV,1.9147494806549261,-8.781778071910322,-0.18162251636385918,-7.048651107619255,2023,KC
2023_12_LA_ARI,ARI,-0.5411922403296359,-18.488659652820473,-0.3009677119553089,-19.330819605105418,2023,LA
2023_12_LA_ARI,LA,18.488659652820473,0.5411922403296359,0.08814354985952377,19.117995443009633,2023,ARI
2023_12_MIA_NYJ,MIA,9.899116812699454,6.23438014862257,-0.19909465685486794,15.934402304467156,2023,NYJ
2023_12_MIA_NYJ,NYJ,-6.23438014862257,-9.899116812699454,-0.2299095168709755,-16.363406478193,2023,MIA
2023_12_NE_NYG,NE,-11.428971635396987,13.324742707892199,-0.3414309583604336,1.554340114134778,2023,NYG
2023_12_NE_NYG,NYG,-13.324742707892199,11.428971635396987,0.10628461837768555,-1.789486454117526,2023,NE
2023_12_NO_ATL,ATL,2.6269562130619564,1.0894094943109764,-0.1427745670080185,3.5735911403649143,2023,NO
2023_12_NO_ATL,NO,-1.0894094943109764,-2.6269562130619564,0.022738933563232422,-3.6936267738097004,2023,ATL
2023_12_PIT_CIN,CIN,-6.210989460588179,-1.2411107829524666,-0.01990458369255066,-7.472004827233196,2023,PIT
2023_12_PIT_CIN,PIT,1.2411107829524666,6.210989460588179,-0.0941062867641449,7.3579939567765,2023,CIN
2023_12_SF_SEA,SEA,-8.974674009081879,-6.066879415087598,-0.04118872992694378,-15.08274215409642,2023,SF
2023_12_SF_SEA,SF,6.066879415087598,8.974674009081879,0.4096187949180603,15.451172219087537,2023,SEA
2023_12_TB_IND,IND,5.691704120434231,-0.4682647896413008,-0.12948492169380188,5.093954409099128,2023,TB
2023_12_TB_IND,TB,0.4682647896413008,-5.691704120434231,0.5390494614839554,-4.6843898693089745,2023,IND
2023_12_WAS_DAL,DAL,19.969937696489804,5.774486662688263,0.13269099593162537,25.877115355109694,2023,WAS
2023_12_WAS_DAL,WAS,-5.774486662688263,-19.969937696489804,-0.04926847666501999,-25.79369283584309,2023,DAL
2023_13_ARI_PIT,ARI,2.478317156506495,4.702005877770893,0.1947353556752205,7.375058389952608,2023,PIT
2023_13_ARI_PIT,PIT,-4.702005877770893,-2.478317156506495,0.055017828941345215,-7.125305205336042,2023,ARI
2023_13_ATL_NYJ,ATL,-8.917252780262032,13.966954755969484,-0.5988313481211662,4.450870627586285,2023,NYJ
2023_13_ATL_NYJ,NYJ,-13.966954755969484,8.917252780262032,-0.1332196444272995,-5.182921620134751,2023,ATL
2023_13_CAR_TB,CAR,-3.5507866357904225,1.7235744584636647,-0.04473474621772766,-1.8719469235444854,2023,TB
2023_13_CAR_TB,TB,-1.7235744584636647,3.5507866357904225,-0.13377495855093002,1.6934372187758278,2023,CAR
2023_13_CIN_JAX,CIN,15.200893512673291,-7.632081028036596,-0.3477866780012846,7.221025806635411,2023,JAX
2023_13_CIN_JAX,JAX,7.632081028036596,-15.200893512673291,0.30931341648101807,-7.2594990681556775,2023,CIN
2023_13_CLE_LA,CLE,-0.206234596739299,-11.846643331814215,0.016747012734413147,-12.0361309158191,2023,LA
2023_13_CLE_LA,LA,11.846643331814215,0.206234596739299,-0.14434072375297546,11.908537204800538,2023,CLE
2023_13_DEN_HOU,DEN,-2.9634024589623613,1.6978368780334896,0.24903905391693115,-1.0165265270119406,2023,HOU
2023_13_DEN_HOU,HOU,-1.6978368780334896,2.9634024589623613,0.15841883420944214,1.4239844151383139,2023,DEN
2023_13_DET_NO,DET,5.8087363827938,-11.358959794682933,0.5382014065980911,-5.012022005291042,2023,NO
2023_13_DET_NO,NO,11.358959794682933,-5.8087363827938,0.15483398735523224,5.705057399244366,2023,DET
2023_13_IND_TEN,IND,2.39549123114057,-1.877773530404264,0.05836214032024145,0.5760798410565475,2023,TEN
2023_13_IND_TEN,TEN,1.877773530404264,-2.39549123114057,-0.28648781031370163,-0.8042055110500077,2023,IND
2023_13_KC_GB,GB,14.469280064208224,-9.014414165890857,-0.11854289472103119,5.336323003596336,2023,KC
2023_13_KC_GB,KC,9.014414165890857,-14.469280064208224,-0.0165872722864151,-5.471453170603782,2023,GB
2023_13_LAC_NE,LAC,-15.679030146634359,13.626421536250469,0.00804668664932251,-2.044561923734568,2023,NE
2023_13_LAC_NE,NE,-13.626421536250469,15.679030146634359,-0.5716704186052084,1.480938191778682,2023,LAC
2023_13_MIA_WAS,MIA,22.831844161629057,1.447786487819147,-0.09861952066421509,24.18101112878399,2023,WAS
2023_13_MIA_WAS,WAS,-1.447786487819147,-22.831844161629057,-0.05945664644241333,-24.339087295890618,2023,MIA
2023_13_SEA_DAL,DAL,22.27654146956545,-17.749505767755803,0.14912639558315277,4.676162097392801,2023,SEA
2023_13_SEA_DAL,SEA,17.749505767755803,-22.27654146956545,0.08194848895072937,-4.445087212858919,2023,DAL
2023_13_SF_PHI,PHI,6.033982805167334,-28.248147599417898,0.12579389661550522,-22.08837089763506,2023,SF
2023_13_SF_PHI,SF,28.248147599417898,-6.033982805167334,-0.2533996254205704,21.960765168829994,2023,PHI
2023_14_BUF_KC,BUF,-0.8496830568715568,0.2835786311495532,0.09219438582658768,-0.4739100398954159,2023,KC
2023_14_BUF_KC,KC,-0.2835786311495532,0.8496830568715568,0.05351167917251587,0.6196161048945195,2023,BUF
2023_14_CAR_NO,CAR,-12.242473540326877,6.6064063285790064,-0.22231187671422958,-5.8583790884621,2023,NO
2023_14_CAR_NO,NO,-6.6064063285790064,12.242473540326877,0.5853570252656937,6.221424237013564,2023,CAR
2023_14_DEN_LAC,DEN,-1.630355479955277,13.743624897581974,0.4094916731119156,12.522761090738612,2023,LAC
2023_14_DEN_LAC,LAC,-13.743624897581974,1.630355479955277,0.1800457090139389,-11.933223708612758,2023,DEN
2023_14_DET_CHI,CHI,6.668153687603377,4.929900110601249,-0.2637652549892664,11.33428854321536,2023,DET
2023_14_DET_CHI,DET,-4.929900110601249,-6.668153687603377,0.3845055252313614,-11.213548272973265,2023,CHI
2023_14_GB_NYG,GB,0.41317202737757963,-0.6395915406824368,0.38428831100463867,0.15786879769978146,2023,NYG
2023_14_GB_NYG,NYG,0.6395915406824368,-0.41317202737757963,-0.12125589698553085,0.10516361631932636,2023,GB
2023_14_HOU_NYJ,HOU,-11.075781444667463,-4.173060376146799,-0.32290542125701904,-15.57174724207128,2023,NYJ
2023_14_HOU_NYJ,NYJ,4.173060376146799,11.075781444667463,0.3390203267335892,15.58786214754785,2023,HOU
2023_14_IND_CIN,CIN,11.910539777992003,6.869165417929823,0.00799696147441864,18.787702157396247,2023,IND
2023_14_IND_CIN,IND,-6.869165417929823,-11.910539777992003,-0.1681931335479021,-18.94789832946973,2023,CIN
2023_14_JAX_CLE,CLE,-1.8201276196068497,1.601060221261343,-0.06309222429990768,-0.2821596226454144,2023,JAX
2023_14_JAX_CLE,JAX,-1.601060221261343,1.8201276196068497,0.5115760192275047,0.7306434175730114,2023,CLE
2023_14_LA_BAL,BAL,10.744135502351877,-9.713577158279742,-0.12741713225841522,0.9031412118137201,2023,LA
2023_14_LA_BAL,LA,9.713577158279742,-10.744135502351877,-0.19723574072122574,-1.227794084793361,2023,BAL
2023_14_MIN_LV,LV,-17.830902462477578,15.834297391087734,-0.44686923921108246,-2.4434743106009265,2023,MIN
2023_14_MIN_LV,MIN,-15.834297391087734,17.830902462477578,-0.34528928995132446,1.6513157814385195,2023,LV
2023_14_NE_PIT,NE,-4.661727219943639,7.331588426246528,0.23273088037967682,2.9025920866825654,2023,PIT
2023_14_NE_PIT,PIT,-7.331588426246528,4.661727219943639,0.32066813111305237,-2.349193075189836,2023,NE
2023_14_PHI_DAL,DAL,16.671255287281188,5.069838050308649,-0.41036786139011383,21.330725476199724,2023,PHI
2023_14_PHI_DAL,PHI,-5.069838050308649,-16.671255287281188,-0.23694781679660082,-21.97804115438644,2023,DAL
2023_14_SEA_SF,SEA,-1.9752482635209816,-7.713487789345946,-0.1483759582042694,-9.837112011071197,2023,SF
2023_14_SEA_SF,SF,7.713487789345946,1.9752482635209816,-0.3307892233133316,9.357946829553596,2023,SEA
2023_14_TB_ATL,ATL,3.089846817660096,-3.1650242766858714,-0.294911652803421,-0.37008911182919624,2023,TB
2023_14_TB_ATL,TB,3.1650242766858714,-3.089846817660096,0.2163926661014557,0.2915701251272309,2023,ATL
2023_14_TEN_MIA,MIA,-4.839764897248019,-9.925884458303639,0.17010105401277542,-14.595548301538882,2023,TEN
2023_14_TEN_MIA,TEN,9.925884458303639,4.839764897248019,-0.3157734517008066,14.44987590385085,2023,MIA
2023_15_ATL_CAR,ATL,-9.846463259645628,11.342607125092224,0.08994527161121368,1.5860891370578099,2023,CAR
2023_15_ATL_CAR,CAR,-11.342607125092224,9.846463259645628,0.184504896402359,-1.3116389690442372,2023,ATL
2023_15_BAL_JAX,BAL,1.8816717142316914,9.981289781512517,0.02853819727897644,11.891499693023185,2023,JAX
2023_15_BAL_JAX,JAX,-9.981289781512517,-1.8816717142316914,-0.011060714721679688,-11.874022210465888,2023,BAL
2023_15_CHI_CLE,CHI,-19.385262243892768,10.688689702094752,0.29729998484253883,-8.399272556955477,2023,CLE
2023_15_CHI_CLE,CLE,-10.688689702094752,19.385262243892768,0.37126191705465317,9.06783445885267,2023,CHI
2023_15_DAL_BUF,BUF,17.133297755357123,0.6782088821781329,-0.1436176598072052,17.66788897772805,2023,DAL
2023_15_DAL_BUF,DAL,-0.6782088821781329,-17.133297755357123,-0.04648059606552124,-17.857987233600777,2023,BUF
2023_15_DEN_DET,DEN,3.183085129916079,-22.3402027877693,0.03409761190414429,-19.123020045949076,2023,DET
2023_15_DEN_DET,DET,22.3402027877693,-3.183085129916079,0.09884460270404816,19.25596226055727,2023,DEN
2023_15_HOU_TEN,HOU,-2.239725919325661,10.277981106609001,-0.19949116744101048,7.83876401984233,2023,TEN
2023_15_HOU_TEN,TEN,-10.277981106609001,2.239725919325661,-0.03549106419086456,-8.073746251474205,2023,HOU
2023_15_KC_NE,KC,-2.999802513277932,8.007785599854564,0.7820621132850647,5.790045199861697,2023,NE
2023_15_KC_NE,NE,-8.007785599854564,2.999802513277932,0.2971653342247009,-4.7108177523519315,2023,KC
2023_15_LAC_LV,LAC,-2.6861997399906525,-20.173199739695242,0.7235278505831957,-22.1358716291027,2023,LV
2023_15_LAC_LV,LV,20.173199739695242,2.6861997399906525,0.4466754347085953,23.30607491439449,2023,LAC
2023_15_MIN_CIN,CIN,8.491518869366418,-6.7409218647566185,-0.10720056295394897,1.6433964416558506,2023,MIN
2023_15_MIN_CIN,MIN,6.7409218647566185,-8.491518869366418,-0.22602707147598267,-1.9766240760857823,2023,CIN
2023_15_NYG_NO,NO,8.854677474389343,7.503616102667909,0.12170001864433289,16.479993595701586,2023,NYG
2023_15_NYG_NO,NYG,-7.503616102667909,-8.854677474389343,0.023762822151184082,-16.33453075490607,2023,NO
2023_15_NYJ_MIA,MIA,2.9375132250015445,14.249772241973638,0.6166879534721375,17.80397342044732,2023,NYJ
2023_15_NYJ_MIA,NYJ,-14.249772241973638,-2.9375132250015445,-0.3196296952664852,-17.50691516224167,2023,MIA
2023_15_PHI_SEA,PHI,2.1436950664638164,-6.041146036905978,-0.4413880445063114,-4.338839014948473,2023,SEA
2023_15_PHI_SEA,SEA,6.041146036905978,-2.1436950664638164,-0.162009134888649,3.735441835553513,2023,PHI
2023_15_PIT_IND,IND,6.025707757866373,7.217465623312551,0.24773772805929184,13.490911109238215,2023,PIT
2023_15_PIT_IND,PIT,-7.217465623312551,-6.025707757866373,0.19196677207946777,-13.051206609099456,2023,IND
2023_15_SF_ARI,ARI,15.024433635946899,-22.389713640612342,0.13669759035110474,-7.228582414314339,2023,SF
2023_15_SF_ARI,SF,22.389713640612342,-15.024433635946899,-0.17776486836373806,7.187515136301705,2023,ARI
2023_15_TB_GB,GB,2.840789892999711,-18.672713619857184,0.36351317167282104,-15.468410555184652,2023,TB
2023_15_TB_GB,TB,18.672713619857184,-2.840789892999711,-0.28746234625577927,15.544461380601694,2023,GB
2023_15_WAS_LA,LA,0.7174057002955074,-3.7622968939349235,0.36140720546245575,-2.6834839881769605,2023,WAS
2023_15_WAS_LA,WAS,3.7622968939349235,-0.7174057002955074,-0.18860934674739838,2.856281846892018,2023,LA
2023_16_ARI_CHI,ARI,0.8455811436605485,-6.796118955226628,-0.3780166716314852,-6.328554483197565,2023,CHI
2023_16_ARI_CHI,CHI,6.796118955226628,-0.8455811436605485,-0.09202378243207932,5.8585140291340005,2023,ARI
2023_16_BAL_SF,BAL,3.445594116103445,-0.31546879546960094,0.4400031492114067,3.5701284698452507,2023,SF
2023_16_BAL_SF,SF,0.31546879546960094,-3.445594116103445,0.10808874666690826,-3.0220365739669357,2023,BAL
2023_16_BUF_LAC,BUF,5.080762668856849,-0.09578820964266366,0.17158056795597076,5.156555027170156,2023,LAC
2023_16_BUF_LAC,LAC,0.09578820964266366,-5.080762668856849,-0.2874472439289093,-5.272421703143094,2023,BUF
2023_16_CIN_PIT,CIN,-5.987798199306078,-12.448794241013122,0.25918908417224884,-18.17740335614695,2023,PIT
2023_16_CIN_PIT,PIT,12.448794241013122,5.987798199306078,-0.25830280035734177,18.178289639961857,2023,CIN
2023_16_CLE_HOU,CLE,7.182324980345086,3.8488745810274625,0.3395746126770973,11.370774174049647,2023,HOU
2023_16_CLE_HOU,HOU,-3.8488745810274625,-7.182324980345086,0.323997899889946,-10.707201661482603,2023,CLE
2023_16_DAL_MIA,DAL,7.491947688004567,-5.998448114135581,-0.18780965358018875,1.3056899202887973,2023,MIA
2023_16_DAL_MIA,MIA,5.998448114135581,-7.491947688004567,-0.1482699066400528,-1.6417694805090388,2023,DAL
2023_16_DET_MIN,DET,14.037982618476557,-6.940903100201544,-0.4446164257824421,6.65246309249257,2023,MIN
2023_16_DET_MIN,MIN,6.940903100201544,-14.037982618476557,-0.10478141903877258,-7.201860937313785,2023,DET
2023_16_GB_CAR,CAR,15.56955365301741,-17.62588251543693,-0.07768044620752335,-2.1340093086270446,2023,GB
2023_16_GB_CAR,GB,17.62588251543693,-15.56955365301741,-0.30191793106496334,1.754410931354558,2023,CAR
2023_16_IND_ATL,ATL,8.49024249157436,4.986915480264566,0.17921744287014008,13.656375414709066,2023,IND
2023_16_IND_ATL,IND,-4.986915480264566,-8.49024249157436,0.055608153343200684,-13.421549818495725,2023,ATL
2023_16_JAX_TB,JAX,-0.8507556939736229,-7.237623144490767,0.20085738226771355,-7.887521456196676,2023,TB
2023_16_JAX_TB,TB,7.237623144490767,0.8507556939736229,0.01963997632265091,8.108018814787041,2023,JAX
2023_16_LV_KC,KC,-4.4952696874867035,10.922863230074594,0.2421478033065796,6.66974134589447,2023,LV
2023_16_LV_KC,LV,-10.922863230074594,4.4952696874867035,0.08941486477851868,-6.338178677809371,2023,KC
2023_16_NE_DEN,DEN,-4.390088317202542,3.136774183301038,0.2057818528264761,-1.047532281075028,2023,NE
2023_16_NE_DEN,NE,-3.136774183301038,4.390088317202542,-0.09870009869337082,1.1546140352081333,2023,DEN
2023_16_NO_LA,LA,11.012655133807032,-4.9436936137498835,-0.18886250257492065,5.880099017482228,2023,NO
2023_16_NO_LA,NO,4.9436936137498835,-11.012655133807032,0.23502510972321033,-5.833936410333938,2023,LA
2023_16_NYG_PHI,NYG,-2.6661545034154033,-11.451885548169503,0.594621405005455,-13.52341864657945,2023,PHI
2023_16_NYG_PHI,PHI,11.451885548169503,2.6661545034154033,0.41924718022346497,14.53728723180837,2023,NYG
2023_16_SEA_TEN,SEA,7.742829573104949,-4.2633073059259665,0.1659732609987259,3.645495528177708,2023,TEN
2023_16_SEA_TEN,TEN,4.2633073059259665,-7.742829573104949,-0.1618061363697052,-3.6413284035486875,2023,SEA
2023_16_WAS_NYJ,NYJ,-6.11594121876497,-3.755379543901924,0.6305984333157539,-9.24072232935114,2023,WAS
2023_16_WAS_NYJ,WAS,3.755379543901924,6.11594121876497,0.1707290429621935,10.042049805629087,2023,NYJ
2023_17_ARI_PHI,ARI,20.947223284732974,-12.249766319757873,-0.027283045928925276,8.670173919046176,2023,PHI
2023_17_ARI_PHI,PHI,12.249766319757873,-20.947223284732974,-0.16905327886343002,-8.866510243838531,2023,ARI
2023_17_ATL_CHI,ATL,-1.9947230062400299,-9.70471738677946,0.11113075911998749,-11.588309633899502,2023,CHI
2023_17_ATL_CHI,CHI,9.70471738677946,1.9947230062400299,-0.003172546625137329,11.696267846394353,2023,ATL
2023_17_CAR_JAX,CAR,-14.005353149306119,-5.603614028320363,-0.04129818081855774,-19.65026535844504,2023,JAX
2023_17_CAR_JAX,JAX,5.603614028320363,14.005353149306119,0.23258720338344574,19.841554381009928,2023,CAR
2023_17_CIN_KC,CIN,-1.506615536899913,-8.572864016502203,0.06131541356444359,-10.018164139837673,2023,KC
2023_17_CIN_KC,KC,8.572864016502203,1.506615536899913,0.014779791235923767,10.09425934463804,2023,CIN
2023_17_DET_DAL,DAL,2.5531130700618423,-1.7926407129350634,-0.5844350280240178,0.17603732910276104,2023,DET
2023_17_DET_DAL,DET,1.7926407129350634,-2.5531130700618423,-0.0860862284898758,-0.8465585856166546,2023,DAL
2023_17_GB_MIN,GB,15.459282276393738,5.421206891014675,-0.43221471831202507,20.448274449096388,2023,MIN
2023_17_GB_MIN,MIN,-5.421206891014675,-15.459282276393738,0.23232033848762512,-20.648168828920788,2023,GB
2023_17_LAC_DEN,DEN,-2.814698697688591,7.607140417771095,-0.1007459107786417,4.691695809303862,2023,LAC
2023_17_LAC_DEN,LAC,-7.607140417771095,2.814698697688591,-0.06303499639034271,-4.855476716472847,2023,DEN
2023_17_LA_NYG,LA,3.9071582956103112,1.9890016295429804,-0.07051844149827957,5.825641483655012,2023,NYG
2023_17_LA_NYG,NYG,-1.9890016295429804,-3.9071582956103112,-0.3551255166530609,-6.251285441806353,2023,LA
2023_17_LV_IND,IND,9.056967790270146,-4.165695302071445,-0.23007345013320446,4.661199038065497,2023,LV
2023_17_LV_IND,LV,4.165695302071445,-9.056967790270146,0.15740375220775604,-4.733868735990946,2023,IND
2023_17_MIA_BAL,BAL,27.98744085260411,-4.131870784691362,0.7577063888311386,24.613276456743886,2023,MIA
2023_17_MIA_BAL,MIA,4.131870784691362,-27.98744085260411,0.06833433359861374,-23.787235734314134,2023,BAL
2023_17_NE_BUF,BUF,-9.520251248192201,2.6707890363690843,0.5601778253912926,-6.289284386431824,2023,NE
2023_17_NE_BUF,NE,-2.6707890363690843,9.520251248192201,-0.34528423100709915,6.504177980816017,2023,BUF
2023_17_NO_TB,NO,1.7024899569454517,-0.280512255778274,-0.31639788299798965,1.105579818169188,2023,TB
2023_17_NO_TB,TB,0.280512255778274,-1.7024899569454517,-0.010284505784511566,-1.4322622069516893,2023,NO
2023_17_NYJ_CLE,CLE,7.316349777794836,7.668367487751386,-0.03764578700065613,14.947071478545567,2023,NYJ
2023_17_NYJ_CLE,NYJ,-7.668367487751386,-7.316349777794836,0.342634379863739,-14.642082885682484,2023,CLE
2023_17_PIT_SEA,PIT,10.287756002238158,-6.936054421856731,0.11586057394742966,3.4675621543288564,2023,SEA
2023_17_PIT_SEA,SEA,6.936054421856731,-10.287756002238158,0.10194577276706696,-3.24975580761436,2023,PIT
2023_17_SF_WAS,SF,11.719756421022522,2.126525109364722,-0.10243058204650879,13.743850948340736,2023,WAS
2023_17_SF_WAS,WAS,-2.126525109364722,-11.719756421022522,-0.24420861154794693,-14.090490141935192,2023,SF
2023_17_TEN_HOU,HOU,6.214267787642724,10.400173553208196,-0.30934133008122444,16.305100010769696,2023,TEN
2023_17_TEN_HOU,TEN,-10.400173553208196,-6.214267787642724,0.06689704954624176,-16.54754429130468,2023,HOU
2023_18_ATL_NO,ATL,-1.8246158827992747,-19.027423116201906,0.01400524377822876,-20.838033755222952,2023,NO
2023_18_ATL_NO,NO,19.027423116201906,1.8246158827992747,0.7475905492901802,21.59962954829136,2023,ATL
2023_18_BUF_MIA,BUF,1.1248594218020003,1.4988052944810382,-0.16082851588726044,2.462836200395778,2023,MIA
2023_18_BUF_MIA,MIA,-1.4988052944810382,-1.1248594218020003,-0.32039596140384674,-2.944060677686885,2023,BUF
2023_18_CHI_GB,CHI,-3.105383922543264,-6.241654187084672,0.1386604756116867,-9.208377634016248,2023,GB
2023_18_CHI_GB,GB,6.241654187084672,3.105383922543264,-0.2602905333042145,9.08674757632372,2023,CHI
2023_18_CLE_CIN,CIN,10.02479705989125,5.389374849998326,-0.17735877633094788,15.236813133558629,2023,CLE
2023_18_CLE_CIN,CLE,-5.389374849998326,-10.02479705989125,0.6316480785608292,-14.782523831328747,2023,CIN
2023_18_DAL_WAS,DAL,17.86277951851117,6.045387402898785,0.11414626985788345,24.02231319126784,2023,WAS
2023_18_DAL_WAS,WAS,-6.045387402898785,-17.86277951851117,0.13411247357726097,-23.774054447832697,2023,DAL
2023_18_DEN_LV,DEN,0.19200157696258857,-12.361630453498236,-0.057296544313430786,-12.226925420849078,2023,LV
2023_18_DEN_LV,LV,12.361630453498236,-0.19200157696258857,-0.16027574986219406,12.009353126673453,2023,DEN
2023_18_HOU_IND,HOU,4.958518472483935,-0.6928919237841005,-0.14052104949951172,4.125105499200323,2023,IND
2023_18_HOU_IND,IND,0.6928919237841005,-4.958518472483935,-0.36041359603405,-4.626040144733885,2023,HOU
2023_18_JAX_TEN,JAX,1.1507033146463725,-10.561176959393,0.1778286248445511,-9.232645019902076,2023,TEN
2023_18_JAX_TEN,TEN,10.561176959393,-1.1507033146463725,-0.13480950891971588,9.275664135826911,2023,JAX
2023_18_KC_LAC,KC,-10.774597405458705,4.434776227049908,0.08904960751533508,-6.250771570893462,2023,LAC
2023_18_KC_LAC,LAC,-4.434776227049908,10.774597405458705,-0.38958829268813133,5.950232885720665,2023,KC
2023_18_LA_SF,LA,6.750171723953631,-5.96689764245354,0.10069858655333519,0.8839726680534268,2023,SF
2023_18_LA_SF,SF,5.96689764245354,-6.750171723953631,-0.10838226228952408,-0.8916563437896157,2023,LA
2023_18_MIN_DET,DET,8.818472109326468,-3.354069841773081,0.09608550369739532,5.5604877712507825,2023,MIN
2023_18_MIN_DET,MIN,3.354069841773081,-8.818472109326468,-0.16092218458652496,-5.625324452139912,2023,DET
2023_18_NYJ_NE,NE,-20.981432577473168,13.260332692576378,-0.23923854902386665,-7.960338433920656,2023,NYJ
2023_18_NYJ_NE,NYJ,-13.260332692576378,20.981432577473168,0.23327889293432236,7.954378777831112,2023,NE
2023_18_PHI_NYG,NYG,0.5004503281536752,4.7305481382161005,0.24356919527053833,5.4745676616403145,2023,PHI
2023_18_PHI_NYG,PHI,-4.7305481382161005,-0.5004503281536752,-0.4652435891330242,-5.6962420555028,2023,NYG
2023_18_PIT_BAL,BAL,-8.3367172319534,7.942041062430782,-0.044807687401771545,-0.4394838569243902,2023,PIT
2023_18_PIT_BAL,PIT,-7.942041062430782,8.3367172319534,0.2924749255180359,0.6871510950406545,2023,BAL
2023_18_SEA_ARI,ARI,4.794774582529887,-5.405629398644946,-0.07710016518831253,-0.6879549813033714,2023,SEA
2023_18_SEA_ARI,SEA,5.405629398644946,-4.794774582529887,-0.11341039091348648,0.4974444252015724,2023,ARI
2023_18_TB_CAR,CAR,-15.594684631564617,8.289691832692473,0.05857644975185394,-7.24641634912029,2023,TB
2023_18_TB_CAR,TB,-8.289691832692473,15.594684631564617,-0.4080878049135208,6.896904993958623,2023,CAR
2024_01_ARI_BUF,ARI,5.171967841523482,-12.795726002678295,0.08178059756755829,-7.541977563587254,2024,BUF
2024_01_ARI_BUF,BUF,12.795726002678295,-5.171967841523482,0.6536492109298706,8.277407372084683,2024,ARI
2024_01_BAL_KC,BAL,2.6119921845031557,-9.520431551855426,0.10389228165149689,-6.804547085700773,2024,KC
2024_01_BAL_KC,KC,9.520431551855426,-2.6119921845031557,-0.12064389884471893,6.787795468507551,2024,BAL
2024_01_CAR_NO,CAR,-5.248197167702065,-20.26721652851609,-0.26233740523457527,-25.77775110145273,2024,NO
2024_01_CAR_NO,NO,20.26721652851609,5.248197167702065,0.4203724265098572,25.93578612272801,2024,CAR
2024_01_DAL_CLE,CLE,-3.690924215293567,-1.0830215007189001,0.15745694190263748,-4.616488774109829,2024,DAL
2024_01_DAL_CLE,DAL,1.0830215007189001,3.690924215293567,-0.09763528779149055,4.676310428220976,2024,CLE
2024_01_DEN_SEA,DEN,-16.29135938434995,-5.936095347330786,0.6862508356571198,-21.541203896023617,2024,SEA
2024_01_DEN_SEA,SEA,5.936095347330786,16.29135938434995,-0.5017497763037682,21.72570495537697,2024,DEN
2024_01_GB_PHI,GB,7.8382339699558425,-13.08998808631598,-0.09174148179590702,-5.343495598156045,2024,PHI
2024_01_GB_PHI,PHI,13.08998808631598,-7.8382339699558425,0.07756757736206055,5.329321693722198,2024,GB
2024_01_HOU_IND,HOU,12.516058103198974,-7.495408743665614,-0.19752825796604156,4.8231211015673185,2024,IND
2024_01_HOU_IND,IND,7.495408743665614,-12.516058103198974,0.8766540586948395,-4.143995300838521,2024,HOU
2024_01_JAX_MIA,JAX,-3.7450999093241113,-0.5662757345266651,0.06126090884208679,-4.250114735008689,2024,MIA
2024_01_JAX_MIA,MIA,0.5662757345266651,3.7450999093241113,-0.07261770963668823,4.238757934214088,2024,JAX
2024_01_LA_DET,DET,7.145743653967079,-5.921121986359632,-0.05887845158576965,1.1657432160216779,2024,LA
2024_01_LA_DET,LA,5.921121986359632,-7.145743653967079,-0.438877509906888,-1.6634991775143355,2024,DET
2024_01_LV_LAC,LAC,-2.293856437668559,11.93135319144271,0.3857116550207138,10.023208408794865,2024,LV
2024_01_LV_LAC,LV,-11.93135319144271,2.293856437668559,0.005637049674987793,-9.631859704099163,2024,LAC
2024_01_MIN_NYG,MIN,8.181087999460368,12.437442520965389,-0.4470055624842644,20.171524957941493,2024,NYG
2024_01_MIN_NYG,NYG,-12.437442520965389,-8.181087999460368,0.16467900574207306,-20.453851514683684,2024,MIN
2024_01_NE_CIN,CIN,-4.432841127818121,4.021252671676484,0.1858336180448532,-0.2257548380967842,2024,NE
2024_01_NE_CIN,NE,-4.021252671676484,4.432841127818121,-0.0810198187828064,0.330568637358831,2024,CIN
2024_01_NYJ_SF,NYJ,5.342144494560484,-12.633507255594928,0.3793289214372635,-6.91203383959718,2024,SF
2024_01_NYJ_SF,SF,12.633507255594928,-5.342144494560484,0.0771198570728302,7.368482618107274,2024,NYJ
2024_01_PIT_ATL,ATL,-6.055280528314884,1.6118795448219188,0.01624935120344162,-4.427151632289524,2024,PIT
2024_01_PIT_ATL,PIT,-1.6118795448219188,6.055280528314884,-0.17789457738399506,4.265506406108971,2024,ATL
2024_01_TEN_CHI,CHI,-10.778600624745586,6.610636470803505,0.4550962895154953,-3.7128678644265856,2024,TEN
2024_01_TEN_CHI,TEN,-6.610636470803505,10.778600624745586,0.14778276346623898,4.31574691740832,2024,CHI
2024_01_WAS_TB,TB,20.393244359978688,-9.939235609404651,0.15859495103359222,10.612603701607629,2024,WAS
2024_01_WAS_TB,WAS,9.939235609404651,-20.393244359978688,0.06961038708686829,-10.384398363487168,2024,TB
2024_02_ATL_PHI,ATL,10.286323693055218,-4.693111005203629,-0.10092750191688538,5.492285185934704,2024,PHI
2024_02_ATL_PHI,PHI,4.693111005203629,-10.286323693055218,0.03638514131307602,-5.556827546538513,2024,ATL
2024_02_BUF_MIA,BUF,3.81926354407764,5.809564438785484,0.1951180025935173,9.823945985456643,2024,MIA
2024_02_BUF_MIA,MIA,-5.809564438785484,-3.81926354407764,0.1268632560968399,-9.501964726766285,2024,BUF
2024_02_CHI_HOU,CHI,-6.930486037968899,3.1947408115541807,-0.05410805344581604,-3.7898532798605347,2024,HOU
2024_02_CHI_HOU,HOU,-3.1947408115541807,6.930486037968899,-0.27826183289289474,3.457483393521824,2024,CHI
2024_02_CIN_KC,CIN,7.41361900513105,-4.867998675427351,-0.2747764587402344,2.270843870963464,2024,KC
2024_02_CIN_KC,KC,4.867998675427351,-7.41361900513105,-0.06115846335887909,-2.6067787930625776,2024,CIN
2024_02_CLE_JAX,CLE,-1.621369866571158,1.4236656398313836,0.11854730546474457,-0.07915692127502982,2024,JAX
2024_02_CLE_JAX,JAX,-1.4236656398313836,1.621369866571158,-0.28135281428694725,-0.08364858754717286,2024,CLE
2024_02_IND_GB,GB,-3.314072366668353,4.744821880416566,-0.11836627125740051,1.3123832424908128,2024,IND
2024_02_IND_GB,IND,-4.744821880416566,3.314072366668353,-0.2177252173423767,-1.64847473109059,2024,GB
2024_02_LAC_CAR,CAR,-14.078450357982621,-7.415398182560053,0.015439525246620178,-21.478409015296055,2024,LAC
2024_02_LAC_CAR,LAC,7.415398182560053,14.078450357982621,-0.17291337996721268,21.320935160575463,2024,CAR
2024_02_LA_ARI,ARI,23.67532080291208,5.062378807385739,0.08180074393749237,28.81950035423531,2024,LA
2024_02_LA_ARI,LA,-5.062378807385739,-23.67532080291208,0.32431772351264954,-28.413381886785167,2024,ARI
2024_02_LV_BAL,BAL,3.1263681483319843,-1.8975822879227393,-0.39172443374991417,0.8370614266593308,2024,LV
2024_02_LV_BAL,LV,1.8975822879227393,-3.1263681483319843,0.5298038274049759,-0.6989820330042691,2024,BAL
2024_02_NO_DAL,DAL,4.9395592751445,-23.59977204808021,0.13281887769699097,-18.52739389523872,2024,NO
2024_02_NO_DAL,NO,23.59977204808021,-4.9395592751445,0.18106500431895256,18.841277777254664,2024,DAL
2024_02_NYG_WAS,NYG,7.529656218774105,-8.429112870336883,0.09208416938781738,-0.8073724821749613,2024,WAS
2024_02_NYG_WAS,WAS,8.429112870336883,-7.529656218774105,-0.22782104462385178,0.6716356069389269,2024,NYG
2024_02_NYJ_TEN,NYJ,4.421428249162214,2.9438949389920612,0.08401027321815491,7.44933346137243,2024,TEN
2024_02_NYJ_TEN,TEN,-2.9438949389920612,-4.421428249162214,0.0855179950594902,-7.279805193094785,2024,NYJ
2024_02_PIT_DEN,DEN,-10.809497006957798,6.270031073461231,-0.10870028659701347,-4.6481662200935805,2024,PIT
2024_02_PIT_DEN,PIT,-6.270031073461231,10.809497006957798,-0.19675977528095245,4.342706158215615,2024,DEN
2024_02_SEA_NE,NE,0.6850796673983903,-3.844520738587685,-0.04770049452781677,-3.2071415657171114,2024,SEA
2024_02_SEA_NE,SEA,3.844520738587685,-0.6850796673983903,-0.146751269698143,3.0126898014911516,2024,NE
2024_02_SF_MIN,MIN,-0.14801471982750103,-0.5174222490440168,0.34302177280187607,-0.32241519606964175,2024,SF
2024_02_SF_MIN,SF,0.5174222490440168,0.14801471982750103,-0.17810466885566711,0.4873323000158507,2024,MIN
2024_02_TB_DET,DET,-2.9318633542772456,-3.029044177933798,0.07885660231113434,-5.8820509298999095,2024,TB
2024_02_TB_DET,TB,3.029044177933798,2.9318633542772456,-0.3391515985131264,5.6217559336979175,2024,DET
2024_03_BAL_DAL,BAL,8.811674405814335,-11.165094061652013,0.0593799352645874,-2.2940397205730907,2024,DAL
2024_03_BAL_DAL,DAL,11.165094061652013,-8.811674405814335,0.0614972747862339,2.414916930623912,2024,BAL
2024_03_CAR_LV,CAR,14.166410413399987,-4.604624347704682,0.10850968211889267,9.670295747814198,2024,LV
2024_03_CAR_LV,LV,4.604624347704682,-14.166410413399987,-0.057111941277980804,-9.618898006973286,2024,CAR
2024_03_CHI_IND,CHI,-3.0042580446445006,2.704078834323868,-0.07392483949661255,-0.374104049817245,2024,IND
2024_03_CHI_IND,IND,-2.704078834323868,3.0042580446445006,-0.15136554092168808,0.14881366939894436,2024,CHI
2024_03_DEN_TB,DEN,5.042375621743897,8.465590795467962,0.21154597401618958,13.719512391228049,2024,TB
2024_03_DEN_TB,TB,-8.465590795467962,-5.042375621743897,0.020975351333618164,-13.486991065878241,2024,DEN
2024_03_DET_ARI,ARI,-4.860371931255881,0.4706668178899167,-0.19052483141422272,-4.5802299447801875,2024,DET
2024_03_DET_ARI,DET,-0.4706668178899167,4.860371931255881,0.03010234236717224,4.419807455733137,2024,ARI
2024_03_GB_TEN,GB,3.397291986897839,2.5857096730055495,-0.12721701711416245,5.855784642789226,2024,TEN
2024_03_GB_TEN,TEN,-2.5857096730055495,-3.397291986897839,0.10162336379289627,-5.881378296110492,2024,GB
2024_03_HOU_MIN,HOU,-8.822911982277526,-11.95819896593975,0.1534370481967926,-20.627673900020483,2024,MIN
2024_03_HOU_MIN,MIN,11.95819896593975,8.822911982277526,0.27882351726293564,21.05993446548021,2024,HOU
2024_03_JAX_BUF,BUF,26.21420470971155,2.7890560413877425,0.12368810176849365,29.126948852867784,2024,JAX
2024_03_JAX_BUF,JAX,-2.7890560413877425,-26.21420470971155,0.14906088821589947,-28.85419986288339,2024,BUF
2024_03_KC_ATL,ATL,4.134326675219023,-8.356599062057077,-0.3243362829089165,-4.546608669746971,2024,KC
2024_03_KC_ATL,KC,8.356599062057077,-4.134326675219023,-0.1544494852423668,4.0678229015956875,2024,ATL
2024_03_LAC_PIT,LAC,-5.7992180438812415,-3.4107944378908335,-0.3751919399946928,-9.585204421766768,2024,PIT
2024_03_LAC_PIT,PIT,3.4107944378908335,5.7992180438812415,-0.09308898076415062,9.116923501007925,2024,LAC
2024_03_MIA_SEA,MIA,-18.752351977736446,-2.757528075377154,0.34508243203163147,-21.164797621081966,2024,SEA
2024_03_MIA_SEA,SEA,2.757528075377154,18.752351977736446,-0.1485164612531662,21.36136359186043,2024,MIA
2024_03_NE_NYJ,NE,-9.036457673387682,-8.459890674465278,-0.005950929597020149,-17.50229927744998,2024,NYJ
2024_03_NE_NYJ,NYJ,8.459890674465278,9.036457673387682,-0.004104703664779663,17.49224364418818,2024,NE
2024_03_NYG_CLE,CLE,-11.982524036763953,6.599765767757215,0.38012416660785675,-5.002634102398882,2024,NYG
2024_03_NYG_CLE,NYG,-6.599765767757215,11.982524036763953,-0.08861120045185089,5.294147068554888,2024,CLE
2024_03_PHI_NO,NO,-6.725541244367755,0.005062941517348207,0.19074972718954086,-6.529728575660866,2024,PHI
2024_03_PHI_NO,PHI,-0.005062941517348207,6.725541244367755,-0.15148159861564636,6.568996704234761,2024,NO
2024_03_SF_LA,LA,8.217592289280976,-10.34135725948836,0.27408571541309357,-1.8496792547942906,2024,SF
2024_03_SF_LA,SF,10.34135725948836,-8.217592289280976,-0.4220132939517498,1.7017516762556344,2024,LA
2024_03_WAS_CIN,CIN,22.059030149838264,-25.180600317696232,0.12155209481716156,-3.000018073040806,2024,WAS
2024_03_WAS_CIN,WAS,25.180600317696232,-22.059030149838264,0.22828812897205353,3.3498582968300212,2024,CIN
2024_04_BUF_BAL,BAL,16.485087650142283,5.734142942326102,-0.3126184567809105,21.906612135687475,2024,BUF
2024_04_BUF_BAL,BUF,-5.734142942326102,-16.485087650142283,0.09478124976158142,-22.124449342706804,2024,BAL
2024_04_CIN_CAR,CAR,6.768880623892354,-12.803930017847472,0.03718402236700058,-5.997865371588118,2024,CIN
2024_04_CIN_CAR,CIN,12.803930017847472,-6.768880623892354,0.17350274324417114,6.208552137199289,2024,CAR
2024_04_CLE_LV,CLE,-5.683855246867477,-2.9518878887692566,0.09606872498989105,-8.539674410646843,2024,LV
2024_04_CLE_LV,LV,2.9518878887692566,5.683855246867477,-0.16565760225057602,8.470085533386158,2024,CLE
2024_04_DAL_NYG,DAL,5.573425465431631,-2.479647183142073,-0.07199174910783768,3.0217865331817206,2024,NYG
2024_04_DAL_NYG,NYG,2.479647183142073,-5.573425465431631,-0.047243282198905945,-3.1410215644884643,2024,DAL
2024_04_DEN_NYJ,DEN,-14.198145622495158,13.05383093685454,0.15538419783115387,-0.9889304878094638,2024,NYJ
2024_04_DEN_NYJ,NYJ,-13.05383093685454,14.198145622495158,-0.41751062124967575,0.7268040643909419,2024,DEN
2024_04_JAX_HOU,HOU,6.777059356012068,-0.7060216280981062,-0.08178737759590149,5.989250350318061,2024,JAX
2024_04_JAX_HOU,JAX,0.7060216280981062,-6.777059356012068,0.2600235939025879,-5.811014134011375,2024,HOU
2024_04_KC_LAC,KC,-3.7898073767448373,7.782030507813608,0.21894770115613937,4.21117083222491,2024,LAC
2024_04_KC_LAC,LAC,-7.782030507813608,3.7898073767448373,-0.3426474630832672,-4.334870594152038,2024,KC
2024_04_LA_CHI,CHI,6.462315345808419,-5.5802159467076535,0.02669636160135269,0.9087957607021178,2024,LA
2024_04_LA_CHI,LA,5.5802159467076535,-6.462315345808419,-0.2353535071015358,-1.1174529062023009,2024,CHI
2024_04_MIN_GB,GB,0.1549370499277254,-1.7755341207785094,0.8946404624730349,-0.7259566083777491,2024,MIN
2024_04_MIN_GB,MIN,1.7755341207785094,-0.1549370499277254,0.12814059853553772,1.7487376693863217,2024,GB
2024_04_NE_SF,NE,-9.828983054186663,-3.4962511526090996,0.49732646346092224,-12.82790774333484,2024,SF
2024_04_NE_SF,SF,3.4962511526090996,9.828983054186663,-0.24788806587457657,13.077346140921186,2024,NE
2024_04_NO_ATL,ATL,8.277198710093867,-7.572959703572044,-0.6993484646081924,0.004890541913630031,2024,NO
2024_04_NO_ATL,NO,7.572959703572044,-8.277198710093867,0.08188673853874207,-0.6223522679830804,2024,ATL
2024_04_PHI_TB,PHI,0.9921327836446738,-12.724833668190207,0.11498420685529709,-11.617716677690236,2024,TB
2024_04_PHI_TB,TB,12.724833668190207,-0.9921327836446738,-0.029100611805915833,11.703600272739617,2024,PHI
2024_04_PIT_IND,IND,7.527991107872673,-4.731268521601228,-0.1357254534959793,2.6609971327754653,2024,PIT
2024_04_PIT_IND,PIT,4.731268521601228,-7.527991107872673,0.3348914682865143,-2.4618311179849304,2024,IND
2024_04_SEA_DET,DET,23.53025327414861,-12.498325446465737,-0.10820965096354485,10.923718176719328,2024,SEA
2024_04_SEA_DET,SEA,12.498325446465737,-23.53025327414861,-0.03124965913593769,-11.06317748681881,2024,DET
2024_04_TEN_MIA,MIA,-7.113494701620511,-0.8191568860973051,-0.23267671652138233,-8.1653283042392,2024,TEN
2024_04_TEN_MIA,TEN,0.8191568860973051,7.113494701620511,0.3421910647302866,8.274842652448104,2024,MIA
2024_04_WAS_ARI,ARI,-0.5801204892223069,-24.88145358730928,0.16673412919044495,-25.294839947341142,2024,WAS
2024_04_WAS_ARI,WAS,24.88145358730928,0.5801204892223069,-0.2527225986123085,25.20885147791928,2024,ARI
2024_05_ARI_SF,ARI,2.946059638592066,0.49344344662844164,0.20011509954929352,3.639618184769801,2024,SF
2024_05_ARI_SF,SF,-0.49344344662844164,-2.946059638592066,-0.08501952141523361,-3.524522606635741,2024,ARI
2024_05_BAL_CIN,BAL,19.03525909616736,-14.936009582968218,0.0045918673276901245,4.103841380526831,2024,CIN
2024_05_BAL_CIN,CIN,14.936009582968218,-19.03525909616736,-0.2131795585155487,-4.312429071714689,2024,BAL
2024_05_BUF_HOU,BUF,-2.082104649102259,-2.6099890089192925,-0.05167551524937153,-4.743769173270923,2024,HOU
2024_05_BUF_HOU,HOU,2.6099890089192925,2.082104649102259,-0.4465129990130663,4.2455806590084855,2024,BUF
2024_05_CAR_CHI,CAR,-7.531646092837118,-15.502874218226015,0.1358254011720419,-22.89869490989109,2024,CHI
2024_05_CAR_CHI,CHI,15.502874218226015,7.531646092837118,-0.21398521959781647,22.820535091465317,2024,CAR
2024_05_CLE_WAS,CLE,-7.417856421147908,-9.06907498702325,0.06396113522350788,-16.42297027294765,2024,WAS
2024_05_CLE_WAS,WAS,9.06907498702325,7.417856421147908,0.18615351617336273,16.673084924344522,2024,CLE
2024_05_DAL_PIT,DAL,5.831724058104614,-1.5751342391626801,-0.10875201225280762,4.147837806689126,2024,PIT
2024_05_DAL_PIT,PIT,1.5751342391626801,-5.831724058104614,-0.6360461581498384,-4.892635977091772,2024,DAL
2024_05_GB_LA,GB,7.182134025715528,2.1732663079770074,-0.3562425822019577,8.999157751490579,2024,LA
2024_05_GB_LA,LA,-2.1732663079770074,-7.182134025715528,0.20354902744293213,-9.151851306249604,2024,GB
2024_05_IND_JAX,IND,16.933386846062277,-12.760018077741272,-0.656497610732913,3.516871157588092,2024,JAX
2024_05_IND_JAX,JAX,12.760018077741272,-16.933386846062277,0.13943564891815186,-4.033933119402853,2024,IND
2024_05_LV_DEN,DEN,5.192858200246311,2.218777875934836,0.05651960149407387,7.468155677675221,2024,LV
2024_05_LV_DEN,LV,-2.218777875934836,-5.192858200246311,-0.03760140389204025,-7.4492374800731875,2024,DEN
2024_05_MIA_NE,MIA,1.33290350477588,9.124517670197145,-0.41605825163424015,10.041362923338784,2024,NE
2024_05_MIA_NE,NE,-9.124517670197145,-1.33290350477588,-0.2873668447136879,-10.744788019686712,2024,MIA
2024_05_NO_KC,KC,9.14143724995075,1.498389784660782,-0.02012556791305542,10.619701466698476,2024,NO
2024_05_NO_KC,NO,-1.498389784660782,-9.14143724995075,0.04161696135997772,-10.598210073251554,2024,KC
2024_05_NYG_SEA,NYG,4.514768785002116,4.424988837084248,-0.08525504171848297,8.854502580367882,2024,SEA
2024_05_NYG_SEA,SEA,-4.424988837084248,-4.514768785002116,-0.2043657824397087,-9.144123404526074,2024,NYG
2024_05_NYJ_MIN,MIN,-5.543608106864831,9.95810741926644,-0.19100748747587204,4.223491824925738,2024,NYJ
2024_05_NYJ_MIN,NYJ,-9.95810741926644,5.543608106864831,0.6146159768104553,-3.7998833355911543,2024,MIN
2024_05_TB_ATL,ATL,17.92287558675337,-10.4446390810761,-0.10858308523893356,7.369653420438338,2024,TB
2024_05_TB_ATL,TB,10.4446390810761,-17.92287558675337,0.30635491013526917,-7.171881595542002,2024,ATL
2024_06_ARI_GB,ARI,-2.02459070328131,-13.149991261527179,0.07585985958576202,-15.098722105222727,2024,GB
2024_06_ARI_GB,GB,13.149991261527179,2.02459070328131,-0.10172893106937408,15.072853033739115,2024,ARI
2024_06_ATL_CAR,ATL,18.935130756560596,-2.1877390419047016,0.017973080277442932,16.765364794933337,2024,CAR
2024_06_ATL_CAR,CAR,2.1877390419047016,-18.935130756560596,0.26598887145519257,-16.4814028432007,2024,ATL
2024_06_BUF_NYJ,BUF,10.739389524326919,-4.317954296707368,-0.5041494593024254,5.917285768317125,2024,NYJ
2024_06_BUF_NYJ,NYJ,4.317954296707368,-10.739389524326919,-0.07796976715326309,-6.499404994772814,2024,BUF
2024_06_CIN_NYG,CIN,-3.0401949040046823,8.935578011264537,0.1002955287694931,5.995678636029348,2024,NYG
2024_06_CIN_NYG,NYG,-8.935578011264537,3.0401949040046823,-0.2821923792362213,-6.177575486496076,2024,CIN
2024_06_CLE_PHI,CLE,-5.470312089051836,-3.868420663111923,0.09404478967189789,-9.244687962491861,2024,PHI
2024_06_CLE_PHI,PHI,3.868420663111923,5.470312089051836,-0.04180067777633667,9.296932074387422,2024,CLE
2024_06_DET_DAL,DAL,-7.832560291385808,-23.648792466195488,0.3247857689857483,-31.156566988595547,2024,DET
2024_06_DET_DAL,DET,23.648792466195488,7.832560291385808,0.017122289165854454,31.49847504674715,2024,DAL
2024_06_HOU_NE,HOU,8.38777034531452,-1.9299978663875623,0.5430941730737686,7.000866652000726,2024,NE
2024_06_HOU_NE,NE,1.9299978663875623,-8.38777034531452,0.07467323541641235,-6.383099243510545,2024,HOU
2024_06_IND_TEN,IND,2.684802080814906,1.283724647250331,-0.089483842253685,3.8790428858115518,2024,TEN
2024_06_IND_TEN,TEN,-1.283724647250331,-2.684802080814906,-0.21853314898908138,-4.187059877054319,2024,IND
2024_06_JAX_CHI,CHI,14.897846401954226,-1.8721863716658982,0.31122200191020966,13.336882032198538,2024,JAX
2024_06_JAX_CHI,JAX,1.8721863716658982,-14.897846401954226,0.21415136754512787,-12.8115086627432,2024,CHI
2024_06_LAC_DEN,DEN,1.9665517402358335,-3.5806427109996886,0.062243491411209106,-1.551847479352646,2024,LAC
2024_06_LAC_DEN,LAC,3.5806427109996886,-1.9665517402358335,0.16290640830993652,1.7769973790737916,2024,DEN
2024_06_PIT_LV,LV,-2.780342195875845,-6.324394098936734,0.09186738729476929,-9.01286890751781,2024,PIT
2024_06_PIT_LV,PIT,6.324394098936734,2.780342195875845,0.3841454088687897,9.488881703681368,2024,LV
2024_06_SF_SEA,SEA,1.9236491086197474,-14.022679370825028,0.19678565859794617,-11.902244603607334,2024,SF
2024_06_SF_SEA,SF,14.022679370825028,-1.9236491086197474,0.02953784167766571,12.128568103882946,2024,SEA
2024_06_TB_NO,NO,-8.028253516986714,-22.440934703926985,0.5323309153318405,-29.93685730558186,2024,TB
2024_06_TB_NO,TB,22.440934703926985,8.028253516986714,-0.44412713311612606,30.025061087797575,2024,NO
2024_06_WAS_BAL,BAL,14.442521379559734,-4.979755780744956,-0.08214791119098663,9.380617687623792,2024,WAS
2024_06_WAS_BAL,WAS,4.979755780744956,-14.442521379559734,0.2875877171754837,-9.175177881639295,2024,BAL
2024_07_BAL_TB,BAL,21.617018311845392,-12.336898650714073,0.0032131224870681763,9.283332783618388,2024,TB
2024_07_BAL_TB,TB,12.336898650714073,-21.617018311845392,0.42178644984960556,-8.858333211281714,2024,BAL
2024_07_CAR_WAS,CAR,-5.735395830044388,-13.97154022610862,0.08953201770782471,-19.617404038445184,2024,WAS
2024_07_CAR_WAS,WAS,13.97154022610862,5.735395830044388,0.1741870641708374,19.881123120323846,2024,CAR
2024_07_CIN_CLE,CIN,-11.371420471369937,7.394623804947988,0.15100962668657303,-3.825787039735376,2024,CLE
2024_07_CIN_CLE,CLE,-7.394623804947988,11.371420471369937,0.3747461885213852,4.351542854943334,2024,CIN
2024_07_DEN_NO,DEN,10.07648092185826,8.025250143278893,-0.39998722076416016,17.70174384437299,2024,NO
2024_07_DEN_NO,NO,-8.025250143278893,-10.07648092185826,0.23521820455789566,-17.866512860579256,2024,DEN
2024_07_DET_MIN,DET,11.121446758226368,-7.072058928931932,-0.13438721001148224,3.915000619282953,2024,MIN
2024_07_DET_MIN,MIN,7.072058928931932,-11.121446758226368,-0.45049944519996643,-4.499887274494402,2024,DET
2024_07_HOU_GB,GB,7.739483723346764,3.8924888020088355,-0.41239282488822937,11.21957970046737,2024,HOU
2024_07_HOU_GB,HOU,-3.8924888020088355,-7.739483723346764,0.7029812037944794,-10.92899132156112,2024,GB
2024_07_KC_SF,KC,8.360746218545621,4.53564291708361,-0.04878398776054382,12.847605147868688,2024,SF
2024_07_KC_SF,SF,-4.53564291708361,-8.360746218545621,0.6011850610375404,-12.295204074591691,2024,KC
2024_07_LAC_ARI,ARI,1.5349839447880824,-2.603322880049596,-0.395046629011631,-1.4633855642731448,2024,LAC
2024_07_LAC_ARI,LAC,2.603322880049596,-1.5349839447880824,-0.18391407281160355,0.8844248624499103,2024,ARI
2024_07_LV_LA,LA,-9.060001718130552,7.75512536911132,0.1793437898159027,-1.1255325592033296,2024,LV
2024_07_LV_LA,LV,-7.75512536911132,9.060001718130552,-0.03437694162130356,1.2704994073979288,2024,LA
2024_07_MIA_IND,IND,-4.973972664071803,13.848207967332089,-0.2619667574763298,8.612268545783955,2024,MIA
2024_07_MIA_IND,MIA,-13.848207967332089,4.973972664071803,0.2724797874689102,-8.601755515791375,2024,IND
2024_07_NE_JAX,JAX,8.530068312095517,-4.3255410104851855,0.14335359632968903,4.347880897940021,2024,NE
2024_07_NE_JAX,NE,4.3255410104851855,-8.530068312095517,0.027029499411582947,-4.177497802198749,2024,JAX
2024_07_NYJ_PIT,NYJ,-2.4475810550207635,-13.523605035802222,-0.5420393515378237,-16.51322544236081,2024,PIT
2024_07_NYJ_PIT,PIT,13.523605035802222,2.4475810550207635,0.5023953020572662,16.473581392880252,2024,NYJ
2024_07_PHI_NYG,NYG,-14.590827055910701,-9.323914086702029,-0.07055357098579407,-23.985294713598524,2024,PHI
2024_07_PHI_NYG,PHI,9.323914086702029,14.590827055910701,-0.29306715726852417,23.621673985344206,2024,NYG
2024_07_SEA_ATL,ATL,-1.2689436676248353,-10.968757356993422,0.053859442472457886,-12.1838415821458,2024,SEA
2024_07_SEA_ATL,SEA,10.968757356993422,1.2689436676248353,-0.21769580990076065,12.020005214717497,2024,ATL
2024_07_TEN_BUF,BUF,10.760239845675809,8.213723527069167,0.20627248287200928,19.180235855616985,2024,TEN
2024_07_TEN_BUF,TEN,-8.213723527069167,-10.760239845675809,-0.25075410678982735,-19.224717479534803,2024,BUF
2024_08_ARI_MIA,ARI,11.940195911178435,-12.604154668390496,-0.09667113237082958,-0.7606298895828907,2024,MIA
2024_08_ARI_MIA,MIA,12.604154668390496,-11.940195911178435,0.03314577043056488,0.697104527642626,2024,ARI
2024_08_ATL_TB,ATL,10.427799660406192,-8.731968262966,-0.11456696689128876,1.581264430548904,2024,TB
2024_08_ATL_TB,TB,8.731968262966,-10.427799660406192,0.02034323662519455,-1.6754881608149983,2024,ATL
2024_08_BAL_CLE,BAL,5.378029407347655,-12.536460386001869,-0.12237392365932465,-7.280804902313538,2024,CLE
2024_08_BAL_CLE,CLE,12.536460386001869,-5.378029407347655,-0.3117842264473438,6.84664675220687,2024,BAL
2024_08_BUF_SEA,BUF,14.01186123385861,3.8012077623659817,-0.16268199682235718,17.650386999402237,2024,SEA
2024_08_BUF_SEA,SEA,-3.8012077623659817,-14.01186123385861,0.23446409404277802,-17.578604902181816,2024,BUF
2024_08_CAR_DEN,CAR,-2.7373828960108906,-4.143754812734255,-0.2181120291352272,-7.099249737880373,2024,DEN
2024_08_CAR_DEN,DEN,4.143754812734255,2.7373828960108906,0.2838459312915802,7.164983640036726,2024,CAR
2024_08_CHI_WAS,CHI,-4.9484235004281985,1.6300953248551018,0.2882978469133377,-3.030030328659759,2024,WAS
2024_08_CHI_WAS,WAS,-1.6300953248551018,4.9484235004281985,-0.2912191692739725,3.027109006299124,2024,CHI
2024_08_DAL_SF,DAL,4.430769463747268,-7.5544770352412565,0.21689505130052567,-2.906812520193463,2024,SF
2024_08_DAL_SF,SF,7.5544770352412565,-4.430769463747268,-0.014172673225402832,3.1095348982685858,2024,DAL
2024_08_GB_JAX,GB,5.558248274003501,-7.642851391597818,0.1389543041586876,-1.9456488134356293,2024,JAX
2024_08_GB_JAX,JAX,7.642851391597818,-5.558248274003501,-0.15900475531816483,1.925598362276152,2024,GB
2024_08_IND_HOU,HOU,-1.677305781192009,-1.8725945578616643,0.2699616104364395,-3.2799387286172337,2024,IND
2024_08_IND_HOU,IND,1.8725945578616643,1.677305781192009,-0.49125146493315697,3.0586488741205162,2024,HOU
2024_08_KC_LV,KC,12.023464157497013,-1.9134532257916694,-0.12440022081136703,9.985610710893976,2024,LV
2024_08_KC_LV,LV,1.9134532257916694,-12.023464157497013,0.7394838929176331,-9.37052703878771,2024,KC
2024_08_MIN_LA,LA,13.942660564690113,-5.56208093882262,-0.04385235905647278,8.336727266811021,2024,MIN
2024_08_MIN_LA,MIN,5.56208093882262,-13.942660564690113,-0.18350431509315968,-8.564083940960654,2024,LA
2024_08_NO_LAC,LAC,5.835389617572835,16.999788815580406,-0.03306916356086731,22.80210926959237,2024,NO
2024_08_NO_LAC,NO,-16.999788815580406,-5.835389617572835,0.22401167452335358,-22.611166758629885,2024,LAC
2024_08_NYG_PIT,NYG,-1.7550557051280962,-3.289116913692012,0.22278255224227905,-4.8213900665778295,2024,PIT
2024_08_NYG_PIT,PIT,3.289116913692012,1.7550557051280962,-0.4922415502369404,4.551931068583168,2024,NYG
2024_08_NYJ_NE,NE,5.525459345968727,-4.050292733688163,0.22264978289604187,1.6978163951766057,2024,NYJ
2024_08_NYJ_NE,NYJ,4.050292733688163,-5.525459345968727,0.19041695445775986,-1.284749657822804,2024,NE
2024_08_PHI_CIN,CIN,3.531262022951556,-19.051455255941367,-0.1316443681716919,-15.651837601161503,2024,PHI
2024_08_PHI_CIN,PHI,19.051455255941367,-3.531262022951556,0.2156856656074524,15.735878898597264,2024,CIN
2024_08_TEN_DET,DET,14.645284639901627,3.890089792885626,0.33568891882896423,18.87106335161622,2024,TEN
2024_08_TEN_DET,TEN,-3.890089792885626,-14.645284639901627,-0.2321782037615776,-18.76755263654883,2024,DET
2024_09_CHI_ARI,ARI,5.012135304352379,8.003274425719335,0.12017549201846123,13.135585222090175,2024,CHI
2024_09_CHI_ARI,CHI,-8.003274425719335,-5.012135304352379,-0.03640507161617279,-13.051814801687886,2024,ARI
2024_09_DAL_ATL,ATL,8.766010610275064,-2.3207007261184307,0.049090854823589325,6.4944007389802225,2024,DAL
2024_09_DAL_ATL,DAL,2.3207007261184307,-8.766010610275064,0.05081375688314438,-6.394496127273489,2024,ATL
2024_09_DEN_BAL,BAL,20.448430449258225,4.393745931049839,0.0790194422006607,24.921195822508725,2024,DEN
2024_09_DEN_BAL,DEN,-4.393745931049839,-20.448430449258225,0.26905563473701477,-24.57312074557105,2024,BAL
2024_09_DET_GB,DET,2.646289963056004,-0.4392044823935439,-0.034752875566482544,2.1723326050959777,2024,GB
2024_09_DET_GB,GB,0.4392044823935439,-2.646289963056004,-0.06451230496168137,-2.2715977856241416,2024,DET
2024_09_HOU_NYJ,HOU,-2.0397323314544407,-6.827611826021685,-0.22709131240844727,-9.094435469884573,2024,NYJ
2024_09_HOU_NYJ,NYJ,6.827611826021685,2.0397323314544407,-0.369385689496994,8.497958467979132,2024,HOU
2024_09_IND_MIN,IND,-12.478156669370861,-3.3001145280321067,0.11228612065315247,-15.665985076749816,2024,MIN
2024_09_IND_MIN,MIN,3.3001145280321067,12.478156669370861,-0.1761123538017273,15.602158843601242,2024,IND
2024_09_JAX_PHI,JAX,-3.6670894231169098,-5.888980105717242,0.3983989357948303,-9.157670593039322,2024,PHI
2024_09_JAX_PHI,PHI,5.888980105717242,3.6670894231169098,0.09430581331253052,9.650375342146683,2024,JAX
2024_09_LAC_CLE,CLE,-13.715202205480534,-1.4633816320937028,0.7567020505666733,-14.421881787007564,2024,LAC
2024_09_LAC_CLE,LAC,1.4633816320937028,13.715202205480534,0.05730116367340088,15.235885001247638,2024,CLE
2024_09_LA_SEA,LA,-1.5812783891743516,4.090553553317221,-0.516840398311615,1.9924347658312547,2024,SEA
2024_09_LA_SEA,SEA,-4.090553553317221,1.5812783891743516,0.14017843082547188,-2.369096733317398,2024,LA
2024_09_LV_CIN,CIN,15.872761683189244,-0.939607515264977,0.30284908413887024,15.236003252063139,2024,LV
2024_09_LV_CIN,LV,0.939607515264977,-15.872761683189244,0.07973549515008926,-14.853418672774179,2024,CIN
2024_09_MIA_BUF,BUF,13.31180698158547,-15.053506897086256,0.14197756350040436,-1.5997223520003825,2024,MIA
2024_09_MIA_BUF,MIA,15.053506897086256,-13.31180698158547,-0.3102761097252369,1.43142380577555,2024,BUF
2024_09_NE_TEN,NE,-1.1859707239983375,3.687685294510879,0.04683385789394379,2.548548428406485,2024,TEN
2024_09_NE_TEN,TEN,-3.687685294510879,1.1859707239983375,0.11777699738740921,-2.383937573125132,2024,NE
2024_09_NO_CAR,CAR,6.959853500590512,-6.933706188123676,0.3569358140230179,0.3830831264898542,2024,NO
2024_09_NO_CAR,NO,6.933706188123676,-6.959853500590512,-0.6836168840527534,-0.7097641965195898,2024,CAR
2024_09_TB_KC,KC,14.352419032136943,-8.242821236411412,-0.3872297126799822,5.722368083045549,2024,TB
2024_09_TB_KC,TB,8.242821236411412,-14.352419032136943,-0.06101255118846893,-6.170610346914,2024,KC
2024_09_WAS_NYG,NYG,11.452415730182398,-10.21304122904543,0.15070490539073944,1.3900794065277076,2024,WAS
2024_09_WAS_NYG,WAS,10.21304122904543,-11.452415730182398,0.10063733160495758,-1.1387371695320105,2024,NYG
2024_10_ATL_NO,ATL,-1.912745255637747,-0.9333547262273707,0.02069881558418274,-2.825401166280935,2024,NO
2024_10_ATL_NO,NO,0.9333547262273707,1.912745255637747,0.03377068042755127,2.879870662292669,2024,ATL
2024_10_BUF_IND,BUF,3.6972241283864165,1.706675202326136,-0.19821489602327347,5.205684434689279,2024,IND
2024_10_BUF_IND,IND,-1.706675202326136,-3.6972241283864165,0.3188604265451431,-5.085038904167409,2024,BUF
2024_10_CIN_BAL,BAL,16.066673272214075,-15.140689525998159,-0.23295632004737854,0.6930274261685376,2024,CIN
2024_10_CIN_BAL,CIN,15.140689525998159,-16.066673272214075,0.13395315408706665,-0.7920305921288495,2024,BAL
2024_10_DEN_KC,DEN,-2.396422062920946,-0.28995339923622,-0.00036810338497161865,-2.6867435655421374,2024,KC
2024_10_DEN_KC,KC,0.28995339923622,2.396422062920946,0.21083763241767883,2.8972130945748447,2024,DEN
2024_10_DET_HOU,DET,1.6319970228429592,3.542148694821286,0.14951053261756897,5.3236562502818146,2024,HOU
2024_10_DET_HOU,HOU,-3.542148694821286,-1.6319970228429592,-0.18127670139074326,-5.355422419054989,2024,DET
2024_10_MIA_LA,LA,-7.98111214944711,-2.4833273648141247,0.3584442138671875,-10.105995300394047,2024,MIA
2024_10_MIA_LA,MIA,2.4833273648141247,7.98111214944711,0.04403427243232727,10.508473786693562,2024,LA
2024_10_MIN_JAX,JAX,-8.502617954979634,4.729235343115141,-0.4084649458527565,-4.18184755771725,2024,MIN
2024_10_MIN_JAX,MIN,-4.729235343115141,8.502617954979634,-0.44890258461236954,3.3244800272521235,2024,JAX
2024_10_NE_CHI,CHI,-17.18707226205947,1.6713294848694438,0.31050772964954376,-15.205235047540482,2024,NE
2024_10_NE_CHI,NE,-1.6713294848694438,17.18707226205947,0.03985454887151718,15.555597326061543,2024,CHI
2024_10_NYG_CAR,CAR,-0.7205961464409394,9.765777173309168,-0.4837774261832237,8.561403600685004,2024,NYG
2024_10_NYG_CAR,NYG,-9.765777173309168,0.7205961464409394,0.6641542911529541,-8.381026735715274,2024,CAR
2024_10_NYJ_ARI,ARI,20.335156673675204,1.9350100086424282,-0.4001271687448025,21.87003951357283,2024,NYJ
2024_10_NYJ_ARI,NYJ,-1.9350100086424282,-20.335156673675204,0.07407447695732117,-22.196092205360312,2024,ARI
2024_10_PHI_DAL,DAL,-12.987618724165747,-3.3080658999025445,0.17979437112808228,-16.11589025294021,2024,PHI
2024_10_PHI_DAL,PHI,3.3080658999025445,12.987618724165747,0.22568069398403168,16.521365318052325,2024,DAL
2024_10_PIT_WAS,PIT,2.297644463166301,-1.3836350718030692,0.4397350549697876,1.3537444463330193,2024,WAS
2024_10_PIT_WAS,WAS,1.3836350718030692,-2.297644463166301,0.3724006116390228,-0.5416087797242088,2024,PIT
2024_10_SF_TB,SF,8.077966382667856,-0.21216292560476635,-0.1999073177576065,7.665896139305484,2024,TB
2024_10_SF_TB,TB,0.21216292560476635,-8.077966382667856,0.2299257069826126,-7.6358777500804775,2024,SF
2024_10_TEN_LAC,LAC,12.757354600006833,-3.3395485500202247,-0.05705456994473934,9.36075148004187,2024,TEN
2024_10_TEN_LAC,TEN,3.3395485500202247,-12.757354600006833,0.07965197786688805,-9.338154072119721,2024,LAC
2024_11_ATL_DEN,ATL,-5.365602478480702,-20.826263661454387,-0.18231697380542755,-26.374183113740518,2024,DEN
2024_11_ATL_DEN,DEN,20.826263661454387,5.365602478480702,0.11932496726512909,26.31119110720022,2024,ATL
2024_11_BAL_PIT,BAL,-1.6398363083698184,8.441159436326476,-0.21117951720952988,6.590143610747128,2024,PIT
2024_11_BAL_PIT,PIT,-8.441159436326476,1.6398363083698184,-0.20139067620038986,-7.002713804157048,2024,BAL
2024_11_CIN_LAC,CIN,4.847622629838049,-11.321837664071658,0.027433205395936966,-6.446781828837673,2024,LAC
2024_11_CIN_LAC,LAC,11.321837664071658,-4.847622629838049,-0.2469281405210495,6.22728689371256,2024,CIN
2024_11_CLE_NO,CLE,-2.8783944780183903,-13.635106975601918,-0.2291421741247177,-16.742643627745025,2024,NO
2024_11_CLE_NO,NO,13.635106975601918,2.8783944780183903,0.3588488847017288,16.872350338322036,2024,CLE
2024_11_GB_CHI,CHI,8.722473955769198,-11.012338674882285,-0.2136484533548355,-2.5035131724679225,2024,GB
2024_11_GB_CHI,GB,11.012338674882285,-8.722473955769198,0.03846132755279541,2.3283260466658824,2024,CHI
2024_11_HOU_DAL,DAL,-8.846925156965366,-6.687811428785404,0.0864490419626236,-15.448287543788146,2024,HOU
2024_11_HOU_DAL,HOU,6.687811428785404,8.846925156965366,0.0021309778094291687,15.536867563560198,2024,DAL
2024_11_IND_NYJ,IND,9.885220799637338,-2.6579378134134113,-0.14577529579401016,7.081507690429916,2024,NYJ
2024_11_IND_NYJ,NYJ,2.6579378134134113,-9.885220799637338,0.3375609517097473,-6.889722034514179,2024,IND
2024_11_JAX_DET,DET,32.7542076462231,5.155112318611554,0.39068935811519623,38.30000932294985,2024,JAX
2024_11_JAX_DET,JAX,-5.155112318611554,-32.7542076462231,-0.02442062646150589,-37.93374059129616,2024,DET
2024_11_KC_BUF,BUF,12.122544295541367,-5.193019964839018,0.19775602221488953,7.127280352917238,2024,KC
2024_11_KC_BUF,KC,5.193019964839018,-12.122544295541367,0.06358227133750916,-6.86594205936484,2024,BUF
2024_11_LA_NE,LA,9.9417335886514,-7.973827649274543,0.053902000188827515,2.0218079395656856,2024,NE
2024_11_LA_NE,NE,7.973827649274543,-9.9417335886514,0.05499464273452759,-1.9129112966423305,2024,LA
2024_11_LV_MIA,LV,8.876558231350755,-21.066296716290417,0.2184842973947525,-11.97125418754491,2024,MIA
2024_11_LV_MIA,MIA,21.066296716290417,-8.876558231350755,-0.12864134460687637,12.061097140332786,2024,LV
2024_11_MIN_TEN,MIN,2.344464231750441,5.814682800110452,0.061118751764297485,8.220265783625191,2024,TEN
2024_11_MIN_TEN,TEN,-5.814682800110452,-2.344464231750441,-0.04690703749656677,-8.20605406935746,2024,MIN
2024_11_SEA_SF,SEA,5.893473966956078,-1.7096611993732587,-0.01704123616218567,4.1667715314206335,2024,SF
2024_11_SEA_SF,SF,1.7096611993732587,-5.893473966956078,-0.23421354219317436,-4.4180263097759935,2024,SEA
2024_11_WAS_PHI,PHI,8.60111911937184,3.705177372966995,0.04612289369106293,12.352419386029897,2024,WAS
2024_11_WAS_PHI,WAS,-3.705177372966995,-8.60111911937184,0.2274347860366106,-12.078861706302224,2024,PHI
2024_12_ARI_SEA,ARI,-9.925343751595594,4.710282432201862,-0.24144241958856583,-5.456503738982298,2024,SEA
2024_12_ARI_SEA,SEA,-4.710282432201862,9.925343751595594,-0.1710486337542534,5.044012685639479,2024,ARI
2024_12_BAL_LAC,BAL,16.53778736395357,-7.721157702938686,0.11890049278736115,8.935530153802244,2024,LAC
2024_12_BAL_LAC,LAC,7.721157702938686,-16.53778736395357,0.22710195928812027,-8.589527701726762,2024,BAL
2024_12_DAL_WAS,DAL,-4.394500200378676,1.7141271203402617,-0.0757727138698101,-2.7561457939082246,2024,WAS
2024_12_DAL_WAS,WAS,-1.7141271203402617,4.394500200378676,0.2090813908725977,2.889454470911012,2024,DAL
2024_12_DEN_LV,DEN,5.635863521477176,1.7712881865586367,0.2568358778953552,7.663987585931167,2024,LV
2024_12_DEN_LV,LV,-1.7712881865586367,-5.635863521477176,-0.06350632011890411,-7.470658028154716,2024,DEN
2024_12_DET_IND,DET,7.813637934745573,6.254555063771161,-0.25751010328531265,13.810682895231421,2024,IND
2024_12_DET_IND,IND,-6.254555063771161,-7.813637934745573,-0.09383101761341095,-14.162024016130145,2024,DET
2024_12_KC_CAR,CAR,11.511085823986862,-14.755939612827326,0.21432941406965256,-3.0305243747708115,2024,KC
2024_12_KC_CAR,KC,14.755939612827326,-11.511085823986862,0.022744759917259216,3.2675985487577233,2024,CAR
2024_12_MIN_CHI,CHI,4.44640715994375,-4.652314702344959,-0.05765524134039879,-0.2635627837416079,2024,MIN
2024_12_MIN_CHI,MIN,4.652314702344959,-4.44640715994375,0.4458002746105194,0.6517078170117285,2024,CHI
2024_12_NE_MIA,MIA,8.137468208858788,8.277108224441301,0.20787033438682556,16.622446767686917,2024,NE
2024_12_NE_MIA,NE,-8.277108224441301,-8.137468208858788,0.2477831095457077,-16.166793323754383,2024,MIA
2024_12_PHI_LA,LA,5.659463544128826,-20.78540416415748,-0.014379344880580902,-15.140319964909235,2024,PHI
2024_12_PHI_LA,PHI,20.78540416415748,-5.659463544128826,-0.28502107411623,14.840919545912424,2024,LA
2024_12_PIT_CLE,CLE,0.2764778561887695,-3.6272831805761596,0.3534482717514038,-2.9973570526359863,2024,PIT
2024_12_PIT_CLE,PIT,3.6272831805761596,-0.2764778561887695,-0.3730997145175934,2.9777056098697967,2024,CLE
2024_12_SF_GB,GB,11.709292728205238,6.0645448709964755,0.37881746888160706,18.15265506808332,2024,SF
2024_12_SF_GB,SF,-6.0645448709964755,-11.709292728205238,0.10002028942108154,-17.67381730978063,2024,GB
2024_12_TB_NYG,NYG,-7.7600306824981455,-15.038884257418315,0.22252782434225082,-22.57638711557421,2024,TB
2024_12_TB_NYG,TB,15.038884257418315,7.7600306824981455,-0.10550304502248764,22.693411894893973,2024,NYG
2024_12_TEN_HOU,HOU,-6.621905092137796,-6.021004751825029,0.38351521268486977,-12.259394631277956,2024,TEN
2024_12_TEN_HOU,TEN,6.021004751825029,6.621905092137796,-0.23913608491420746,12.403773759048619,2024,HOU
2024_13_ARI_MIN,ARI,2.5835305318227437,-6.039158815076015,-0.12811770290136337,-3.583745986154635,2024,MIN
2024_13_ARI_MIN,MIN,6.039158815076015,-2.5835305318227437,0.11504726111888885,3.5706755443721603,2024,ARI
2024_13_CHI_DET,CHI,7.793086571035281,-5.44545314176896,-0.22160889767110348,2.1260245315952178,2024,DET
2024_13_CHI_DET,DET,5.44545314176896,-7.793086571035281,0.12068460881710052,-2.2269488204492207,2024,CHI
2024_13_CLE_DEN,CLE,7.305072285876441,-4.73066627882222,-0.46089349687099457,2.1135125101832264,2024,DEN
2024_13_CLE_DEN,DEN,4.73066627882222,-7.305072285876441,0.05027817189693451,-2.5241278351572864,2024,CLE
2024_13_HOU_JAX,HOU,2.3650983012803195,-4.3119963308431934,0.25880472362041473,-1.6880933059424592,2024,JAX
2024_13_HOU_JAX,JAX,4.3119963308431934,-2.3650983012803195,-0.06309989094734192,1.883798138615532,2024,HOU
2024_13_IND_NE,IND,9.457215769615312,-5.5187696015307,-0.043485283851623535,3.8949608842329884,2024,NE
2024_13_IND_NE,NE,5.5187696015307,-9.457215769615312,0.0013084430247545242,-3.9371377250598574,2024,IND
2024_13_LAC_ATL,ATL,-8.04628492299363,5.897782177996575,0.21604382246732712,-1.9324589225297277,2024,LAC
2024_13_LAC_ATL,LAC,-5.897782177996575,8.04628492299363,-0.12927788496017456,2.0192248600368803,2024,ATL
2024_13_LA_NO,LA,7.952600993397324,0.8275534393381991,-0.18776907213032246,8.592385360605201,2024,NO
2024_13_LA_NO,NO,-0.8275534393381991,-7.952600993397324,-0.049435198307037354,-8.82958963104256,2024,LA
2024_13_LV_KC,KC,-1.6857410660627836,4.47206510413235,-0.034368306398391724,2.751955731671174,2024,LV
2024_13_LV_KC,LV,-4.47206510413235,1.6857410660627836,0.20523805171251297,-2.5810859863570528,2024,KC
2024_13_MIA_GB,GB,8.890065402390988,-5.066581954061745,0.298312284052372,4.121795732381615,2024,MIA
2024_13_MIA_GB,MIA,5.066581954061745,-8.890065402390988,0.011637665331363678,-3.811845782997879,2024,GB
2024_13_NYG_DAL,DAL,-0.5836011249575093,-0.2478761950380397,-0.10672985762357712,-0.9382071776191261,2024,NYG
2024_13_NYG_DAL,NYG,0.2478761950380397,0.5836011249575093,0.13677966967225075,0.9682569896677997,2024,DAL
2024_13_PHI_BAL,BAL,2.8974039452295215,-2.5693156283684138,-0.12008184939622879,0.20800646746487894,2024,PHI
2024_13_PHI_BAL,PHI,2.5693156283684138,-2.8974039452295215,0.3641500473022461,0.03606173044113836,2024,BAL
2024_13_PIT_CIN,CIN,12.402148857113641,-16.786800025666892,0.309737965464592,-4.074913203088659,2024,PIT
2024_13_PIT_CIN,PIT,16.786800025666892,-12.402148857113641,-0.20880625396966934,4.175844914583582,2024,CIN
2024_13_SEA_NYJ,NYJ,-7.47006889451961,-6.903589368687546,-0.08762508258223534,-14.46128334578939,2024,SEA
2024_13_SEA_NYJ,SEA,6.903589368687546,7.47006889451961,-0.10755861550569534,14.26609964770146,2024,NYJ
2024_13_SF_BUF,BUF,13.556167928982198,3.8505390947216145,-0.07627005875110626,17.330436964952707,2024,SF
2024_13_SF_BUF,SF,-3.8505390947216145,-13.556167928982198,0.22364646196365356,-17.18306056174016,2024,BUF
2024_13_TB_CAR,CAR,-3.9973172754322124,-1.3715616630904988,0.2575744688510895,-5.111304469671621,2024,TB
2024_13_TB_CAR,TB,1.3715616630904988,3.9973172754322124,-0.3277006149291992,5.0411783235935115,2024,CAR
2024_13_TEN_WAS,TEN,6.231809494517636,-18.500713941898116,0.07773102819919586,-12.191173419181284,2024,WAS
2024_13_TEN_WAS,WAS,18.500713941898116,-6.231809494517636,-0.07743172906339169,12.191472718317089,2024,TEN
2024_14_ATL_MIN,ATL,5.204476115261841,-22.537034596586167,0.10487589240074158,-17.227682588923585,2024,MIN
2024_14_ATL_MIN,MIN,22.537034596586167,-5.204476115261841,0.09264080226421356,17.42519928358854,2024,ATL
2024_14_BUF_LA,BUF,27.17785755501527,-23.085763371135585,0.01916259527206421,4.1112567791517485,2024,LA
2024_14_BUF_LA,LA,23.085763371135585,-27.17785755501527,-0.20485934615135193,-4.296953530031036,2024,BUF
2024_14_CAR_PHI,CAR,2.5870737488023234,-5.738370456632668,0.14115065336227417,-3.0101460544680707,2024,PHI
2024_14_CAR_PHI,PHI,5.738370456632668,-2.5870737488023234,-0.030182987451553345,3.1211137203787915,2024,CAR
2024_14_CHI_SF,CHI,0.96562040275711,-23.220463080563338,0.0468636229634285,-22.2079790548428,2024,SF
2024_14_CHI_SF,SF,23.220463080563338,-0.96562040275711,-0.25245216488838196,22.002390512917845,2024,CHI
2024_14_CIN_DAL,CIN,8.998695587349754,-3.2099784427278806,-0.13799963891506195,5.650717505706812,2024,DAL
2024_14_CIN_DAL,DAL,3.2099784427278806,-8.998695587349754,-0.10551907122135162,-5.894236215843225,2024,CIN
2024_14_CLE_PIT,CLE,-9.356059535237554,2.2195052253879557,0.5030950754880905,-6.633459234361508,2024,PIT
2024_14_CLE_PIT,PIT,-2.2195052253879557,9.356059535237554,0.19507847726345062,7.331632787113049,2024,CLE
2024_14_GB_DET,DET,16.720254083210033,-9.122301246887414,-0.1996523141860962,7.398300522136523,2024,GB
2024_14_GB_DET,GB,9.122301246887414,-16.720254083210033,0.6248234957456589,-6.9731293405769605,2024,DET
2024_14_JAX_TEN,JAX,-0.6027335351655649,7.692168147342173,-0.4784808997064829,6.610953712470125,2024,TEN
2024_14_JAX_TEN,TEN,-7.692168147342173,0.6027335351655649,-0.3484044559299946,-7.4378390681066024,2024,JAX
2024_14_LAC_KC,KC,3.543274349541795,-1.656543432752717,-0.12462727725505829,1.7621036395340195,2024,LAC
2024_14_LAC_KC,LAC,1.656543432752717,-3.543274349541795,0.00779014453291893,-1.8789407722561589,2024,KC
2024_14_LV_TB,LV,-4.146733766134695,-10.571762914199592,0.34122850000858307,-14.377268180325704,2024,TB
2024_14_LV_TB,TB,10.571762914199592,4.146733766134695,-0.31074540317058563,14.407751277163701,2024,LV
2024_14_NO_NYG,NO,-6.760389224204404,15.156329691761282,-0.4209364037960768,7.975004063760801,2024,NYG
2024_14_NO_NYG,NYG,-15.156329691761282,6.760389224204404,0.4268273711204529,-7.969113096436425,2024,NO
2024_14_NYJ_MIA,MIA,15.00284224240241,-12.402585805519704,-0.004536204040050507,2.5957202328426554,2024,NYJ
2024_14_NYJ_MIA,NYJ,12.402585805519704,-15.00284224240241,-0.36574977077543736,-2.9660062076581433,2024,MIA
2024_14_SEA_ARI,ARI,-1.048465276497243,-5.210312902611116,0.21413038671016693,-6.044647792398192,2024,SEA
2024_14_SEA_ARI,SEA,5.210312902611116,1.048465276497243,0.3540741354227066,6.612852314531065,2024,ARI
2024_15_ATL_LV,ATL,-12.677240458024189,8.605711240620357,0.2997216135263443,-3.7718076038774875,2024,LV
2024_15_ATL_LV,LV,-8.605711240620357,12.677240458024189,0.04856567084789276,4.1200948882517245,2024,ATL
2024_15_BAL_NYG,BAL,15.028917156275787,-3.2384206357977616,0.3409844636917114,12.131480984169738,2024,NYG
2024_15_BAL_NYG,NYG,3.2384206357977616,-15.028917156275787,-0.22099585831165314,-12.01149237878968,2024,BAL
2024_15_BUF_DET,BUF,21.98006475095167,-25.172316687958435,0.5680619105696678,-2.6241900264370983,2024,DET
2024_15_BUF_DET,DET,25.172316687958435,-21.98006475095167,0.11874313652515411,3.3109950735319202,2024,BUF
2024_15_CHI_MIN,CHI,-4.824216530512097,-9.815368548126152,0.35263556987047195,-14.286949508767776,2024,MIN
2024_15_CHI_MIN,MIN,9.815368548126152,4.824216530512097,0.01719723641872406,14.656782315056972,2024,CHI
2024_15_CIN_TEN,CIN,12.060010991811804,-8.916363996558275,-0.12939922511577606,3.0142477701377537,2024,TEN
2024_15_CIN_TEN,TEN,8.916363996558275,-12.060010991811804,-0.30415569245815277,-3.4478026877116825,2024,CIN
2024_15_DAL_CAR,CAR,-1.4627855123199132,-8.945878458473187,-0.09447899088263512,-10.503142961675735,2024,DAL
2024_15_DAL_CAR,DAL,8.945878458473187,1.4627855123199132,-0.38250471092760563,10.026159259865494,2024,CAR
2024_15_GB_SEA,GB,3.70876623720597,9.006024833011876,0.2711150795221329,12.985906149739979,2024,SEA
2024_15_GB_SEA,SEA,-9.006024833011876,-3.70876623720597,0.5800338834524155,-12.13475718676543,2024,GB
2024_15_IND_DEN,DEN,-10.108231839861656,12.524897428089192,0.7036760896444321,3.120341677871968,2024,IND
2024_15_IND_DEN,IND,-12.524897428089192,10.108231839861656,-0.2564912438392639,-2.6731568320668,2024,DEN
2024_15_KC_CLE,CLE,-14.278404015970624,8.68259087684363,0.4320366084575653,-5.163776530669429,2024,KC
2024_15_KC_CLE,KC,-8.68259087684363,14.278404015970624,-0.07324644923210144,5.522566689894893,2024,CLE
2024_15_LA_SF,LA,-6.2081470924787086,10.467350546682228,-0.24186073057353497,4.017342723629985,2024,SF
2024_15_LA_SF,SF,-10.467350546682228,6.2081470924787086,-0.40833553671836853,-4.667538990921888,2024,LA
2024_15_MIA_HOU,HOU,-1.0874061974865414,4.463404288377702,-0.08867716789245605,3.2873209229987044,2024,MIA
2024_15_MIA_HOU,MIA,-4.463404288377702,1.0874061974865414,0.06297855079174042,-3.31301954009942,2024,HOU
2024_15_NE_ARI,ARI,13.851209730809947,-3.4752748103670337,-0.20568245649337769,10.170252463949534,2024,NE
2024_15_NE_ARI,NE,3.4752748103670337,-13.851209730809947,0.020657062530517578,-10.355277857912395,2024,ARI
2024_15_NYJ_JAX,JAX,9.280855403222981,-17.70357105421436,-0.13797442615032196,-8.560690077141702,2024,NYJ
2024_15_NYJ_JAX,NYJ,17.70357105421436,-9.280855403222981,-0.33218374103307724,8.090531909958303,2024,JAX
2024_15_PIT_PHI,PHI,10.752523564109076,7.591661527632916,-0.19017912819981575,18.154005963542176,2024,PIT
2024_15_PIT_PHI,PIT,-7.591661527632916,-10.752523564109076,0.4613802433013916,-17.8828048484406,2024,PHI
2024_15_TB_LAC,LAC,-4.022891695244051,-19.592402236088883,0.1601356416940689,-23.455158289638867,2024,TB
2024_15_TB_LAC,TB,19.592402236088883,4.022891695244051,-0.026562511920928955,23.588731419412007,2024,LAC
2024_15_WAS_NO,NO,6.019336314023486,-2.6242578524920868,0.12496238946914673,3.5200408510005463,2024,WAS
2024_15_WAS_NO,WAS,2.6242578524920868,-6.019336314023486,0.044108789414167404,-3.350969672117232,2024,NO
2024_16_ARI_CAR,ARI,10.708749190102536,-16.03895183582736,0.17285166680812836,-5.1573509789166945,2024,CAR
2024_16_ARI_CAR,CAR,16.03895183582736,-10.708749190102536,-0.011600799858570099,5.318601845866253,2024,ARI
2024_16_CLE_CIN,CIN,2.7128790092713855,8.96076421999364,0.09150806069374084,11.765151289958766,2024,CLE
2024_16_CLE_CIN,CLE,-8.96076421999364,-2.7128790092713855,-0.05187727510929108,-11.725520504374316,2024,CIN
2024_16_DEN_LAC,DEN,8.721981216261431,-17.559412743912123,-0.034095399081707,-8.871526926732399,2024,LAC
2024_16_DEN_LAC,LAC,17.559412743912123,-8.721981216261431,-0.22324518859386444,8.614186339056827,2024,DEN
2024_16_DET_CHI,CHI,2.371444210087418,-15.252971651673304,0.1496233195066452,-12.731904122079241,2024,DET
2024_16_DET_CHI,DET,15.252971651673304,-2.371444210087418,-0.27628786861896515,12.605239572966921,2024,CHI
2024_16_HOU_KC,HOU,3.0947541225680446,-10.481447064838456,0.22798467054963112,-7.15870827172078,2024,KC
2024_16_HOU_KC,KC,10.481447064838456,-3.0947541225680446,-0.1704832836985588,7.216209658571852,2024,HOU
2024_16_JAX_LV,JAX,-5.352033859796194,3.0895194425516914,0.010334238409996033,-2.2521801788345064,2024,LV
2024_16_JAX_LV,LV,-3.0895194425516914,5.352033859796194,-0.0432153195142746,2.219299097730228,2024,JAX
2024_16_LA_NYJ,LA,3.762044791373885,2.2142371525567954,0.26812414824962616,6.244406092180307,2024,NYJ
2024_16_LA_NYJ,NYJ,-2.2142371525567954,-3.762044791373885,-0.09825606644153595,-6.074538010372216,2024,LA
2024_16_MIN_SEA,MIN,6.233714152905762,-6.112520968881494,0.0544949471950531,0.1756881312193208,2024,SEA
2024_16_MIN_SEA,SEA,6.112520968881494,-6.233714152905762,-0.3261947762221098,-0.4473879602463775,2024,MIN
2024_16_NE_BUF,BUF,0.5724102775364746,-4.707983534479675,-0.10210730135440826,-4.237680558297609,2024,NE
2024_16_NE_BUF,NE,4.707983534479675,-0.5724102775364746,-0.23597541451454163,3.8995978424286593,2024,BUF
2024_16_NO_GB,GB,20.473794396469145,10.66934916101966,-0.33225928246974945,30.810884275019056,2024,NO
2024_16_NO_GB,NO,-10.66934916101966,-20.473794396469145,0.0675838440656662,-31.07555971342314,2024,GB
2024_16_NYG_ATL,ATL,5.224326702195748,9.040795100691744,-0.11220553517341614,14.152916267714076,2024,NYG
2024_16_NYG_ATL,NYG,-9.040795100691744,-5.224326702195748,-0.3078366257250309,-14.572958428612523,2024,ATL
2024_16_PHI_WAS,PHI,4.460019253669526,-7.822598918504559,-0.1356428861618042,-3.4982225509968368,2024,WAS
2024_16_PHI_WAS,WAS,7.822598918504559,-4.460019253669526,0.8881175518035889,4.250697216638621,2024,PHI
2024_16_PIT_BAL,BAL,8.064041330489264,2.3052483193142903,0.17532230913639069,10.544611958939946,2024,PIT
2024_16_PIT_BAL,PIT,-2.3052483193142903,-8.064041330489264,0.14460884034633636,-10.224680809457219,2024,BAL
2024_16_SF_MIA,MIA,11.407268999933532,-0.03757663677489198,-0.24733445793390274,11.122357905224737,2024,SF
2024_16_SF_MIA,SF,0.03757663677489198,-11.407268999933532,0.18051908910274506,-11.189173274055895,2024,MIA
2024_16_TB_DAL,DAL,6.265557721956121,-6.023237480864941,-0.23589617013931274,0.006424070951867478,2024,TB
2024_16_TB_DAL,TB,6.023237480864941,-6.265557721956121,0.023279644548892975,-0.21904059654228725,2024,DAL
2024_16_TEN_IND,IND,13.559542337303398,-8.273695629771083,0.1128147542476654,5.39866146177998,2024,TEN
2024_16_TEN_IND,TEN,8.273695629771083,-13.559542337303398,0.2721938481554389,-5.013652859376876,2024,IND
2024_17_ARI_LA,ARI,-3.525357864885823,3.2415295463240543,-0.28671399876475334,-0.570542317326522,2024,LA
2024_17_ARI_LA,LA,-3.2415295463240543,3.525357864885823,-0.4054951183497906,-0.12166679978802186,2024,ARI
2024_17_ATL_WAS,ATL,8.782819298775886,-12.917719548601116,-0.15948640555143356,-4.294386655376664,2024,WAS
2024_17_ATL_WAS,WAS,12.917719548601116,-8.782819298775886,0.18341199308633804,4.318312242911569,2024,ATL
2024_17_BAL_HOU,BAL,13.242607965169535,14.028062037238644,-0.11566148698329926,27.155008515424882,2024,HOU
2024_17_BAL_HOU,HOU,-14.028062037238644,-13.242607965169535,-0.17831940948963165,-27.448989411897813,2024,BAL
2024_17_CAR_TB,CAR,2.1323762141744895,-25.823270499860726,-0.34255848079919815,-24.033452766485436,2024,TB
2024_17_CAR_TB,TB,25.823270499860726,-2.1323762141744895,-0.15630038268864155,23.534593902997596,2024,CAR
2024_17_DAL_PHI,DAL,-6.316776446459868,-16.620548194658635,-0.2456357330083847,-23.18296037412689,2024,PHI
2024_17_DAL_PHI,PHI,16.620548194658635,6.316776446459868,-0.24843185395002365,22.68889278716848,2024,DAL
2024_17_DEN_CIN,CIN,10.887815826824855,-8.29003781937226,0.0765882134437561,2.674366220896351,2024,DEN
2024_17_DEN_CIN,DEN,8.29003781937226,-10.887815826824855,-0.37489020824432373,-2.9726682156969186,2024,CIN
2024_17_DET_SF,DET,23.033176211826927,-17.86928638269373,0.34345388412475586,5.507343713257953,2024,SF
2024_17_DET_SF,SF,17.86928638269373,-23.033176211826927,0.27694809064269066,-4.886941738490506,2024,DET
2024_17_GB_MIN,GB,2.294715818140274,-8.217989951752955,0.7531928569078445,-5.1700812767048365,2024,MIN
2024_17_GB_MIN,MIN,8.217989951752955,-2.294715818140274,-0.3207735940814018,5.602500539531279,2024,GB
2024_17_IND_NYG,IND,9.952196863170832,-18.810918729982383,0.7671270221471786,-8.091594844664373,2024,NYG
2024_17_IND_NYG,NYG,18.810918729982383,-9.952196863170832,-0.16565705835819244,8.693064808453359,2024,IND
2024_17_KC_PIT,KC,11.277732798781322,5.410844327923039,-0.14108893275260925,16.54748819395175,2024,PIT
2024_17_KC_PIT,PIT,-5.410844327923039,-11.277732798781322,0.006778862327337265,-16.681798264377022,2024,KC
2024_17_LAC_NE,LAC,16.317779225827966,7.593417444702338,0.37851622700691223,24.289712897537214,2024,NE
2024_17_LAC_NE,NE,-7.593417444702338,-16.317779225827966,0.15870888531208038,-23.75248778521822,2024,LAC
2024_17_LV_NO,LV,8.664581590993059,7.642591310257584,-0.10025948286056519,16.20691341839008,2024,NO
2024_17_LV_NO,NO,-7.642591310257584,-8.664581590993059,0.19075842201709747,-16.116414479233548,2024,LV
2024_17_MIA_CLE,CLE,-18.22102801885384,6.398740366067012,0.12282800674438477,-11.699459646042442,2024,MIA
2024_17_MIA_CLE,MIA,-6.398740366067012,18.22102801885384,0.1469034105539322,11.969191063340759,2024,CLE
2024_17_NYJ_BUF,BUF,14.066182992925635,-0.962593698545331,0.35338134318590164,13.456970637566204,2024,NYJ
2024_17_NYJ_BUF,NYJ,0.962593698545331,-14.066182992925635,0.041454121470451355,-13.062135172909851,2024,BUF
2024_17_SEA_CHI,CHI,-13.177966648055273,8.00623927298148,-0.3326953276991844,-5.5044227027729775,2024,SEA
2024_17_SEA_CHI,SEA,-8.00623927298148,13.177966648055273,-0.1918489784002304,4.979878396673563,2024,CHI
2024_17_TEN_JAX,JAX,6.760734773648817,-0.17021466704049937,-0.023515954613685608,6.567004151994633,2024,TEN
2024_17_TEN_JAX,TEN,0.17021466704049937,-6.760734773648817,-0.022734791040420532,-6.613254897648739,2024,JAX
2024_18_BUF_NE,BUF,-2.3371843369112995,-5.7782687850949195,0.24085761606693268,-7.874595505939286,2024,NE
2024_18_BUF_NE,NE,5.7782687850949195,2.3371843369112995,0.08663709461688995,8.202090216623109,2024,BUF
2024_18_CAR_ATL,ATL,22.64283028969661,-24.030641492708483,-0.14242056757211685,-1.5302317705839883,2024,CAR
2024_18_CAR_ATL,CAR,24.030641492708483,-22.64283028969661,0.037986814975738525,1.42579801798761,2024,ATL
2024_18_CHI_GB,CHI,-5.277032033122476,-0.7371813163241718,0.00977303832769394,-6.0044403111189535,2024,GB
2024_18_CHI_GB,GB,0.7371813163241718,5.277032033122476,0.0035124002024531364,6.017725749649101,2024,CHI
2024_18_CIN_PIT,CIN,-0.5256785556351435,0.25648077369077527,-0.07534563541412354,-0.3445434173584918,2024,PIT
2024_18_CIN_PIT,PIT,-0.25648077369077527,0.5256785556351435,-0.13463820330798626,0.13455957863638202,2024,CIN
2024_18_CLE_BAL,BAL,5.618489388274156,8.679205301013596,0.2053333818912506,14.503028071179003,2024,CLE
2024_18_CLE_BAL,CLE,-8.679205301013596,-5.618489388274156,0.41099487245082855,-13.886699816836924,2024,BAL
2024_18_HOU_TEN,HOU,-0.9488092298472597,2.449990724214885,-0.058934286236763,1.4422472081308624,2024,TEN
2024_18_HOU_TEN,TEN,-2.449990724214885,0.9488092298472597,0.02301645278930664,-1.4781650415783187,2024,HOU
2024_18_JAX_IND,IND,4.949741332730115,-1.868911064199589,-0.24654917418956757,2.8342810943409584,2024,JAX
2024_18_JAX_IND,JAX,1.868911064199589,-4.949741332730115,0.32856589555740356,-2.7522643729731224,2024,IND
2024_18_KC_DEN,DEN,23.166892632221288,12.273230541856988,0.050191253423690796,35.490314427501964,2024,KC
2024_18_KC_DEN,KC,-12.273230541856988,-23.166892632221288,0.24654798209667206,-35.1935751919816,2024,DEN
2024_18_LAC_LV,LAC,16.522737991803414,-4.2377783391353345,-0.12104502320289612,12.163914629465182,2024,LV
2024_18_LAC_LV,LV,4.2377783391353345,-16.522737991803414,0.12098260223865509,-12.163977050429423,2024,LAC
2024_18_MIA_NYJ,MIA,-7.822241025294399,-9.714283659373107,0.9529591500759125,-16.583565534591592,2024,NYJ
2024_18_MIA_NYJ,NYJ,9.714283659373107,7.822241025294399,-0.5261535048484802,17.010371179819025,2024,MIA
2024_18_MIN_DET,DET,13.62108900026004,11.484741773302332,-0.37975674867630005,24.726074024886074,2024,MIN
2024_18_MIN_DET,MIN,-11.484741773302332,-13.62108900026004,0.6192242503166199,-24.486606523245754,2024,DET
2024_18_NO_TB,NO,-0.5520960970934099,-11.752182839835669,0.3395116925239563,-11.964767244405122,2024,TB
2024_18_NO_TB,TB,11.752182839835669,0.5520960970934099,-0.1130322813987732,12.191246655530305,2024,NO
2024_18_NYG_PHI,NYG,-2.9702260872868784,-2.056731481150261,0.03195818513631821,-4.994999383300821,2024,PHI
2024_18_NYG_PHI,PHI,2.056731481150261,2.9702260872868784,0.19342195615172386,5.220379524588863,2024,NYG
2024_18_SEA_LA,LA,9.883634992028359,-13.15372738564136,0.07304650545120239,-3.1970458881617994,2024,SEA
2024_18_SEA_LA,SEA,13.15372738564136,-9.883634992028359,0.08254238963127136,3.352634783244273,2024,LA
2024_18_SF_ARI,ARI,23.912464829222603,-4.524586204699982,-0.17450016923248768,19.213378455290133,2024,SF
2024_18_SF_ARI,SF,4.524586204699982,-23.912464829222603,0.16349366307258606,-19.224384961450035,2024,ARI
2024_18_WAS_DAL,DAL,0.043455007656239,-7.85079271179305,0.17902687191963196,-7.628310832217179,2024,WAS
2024_18_WAS_DAL,WAS,7.85079271179305,-0.043455007656239,0.08652077615261078,7.893858480289421,2024,DAL
2025_01_ARI_NO,ARI,3.218886479360822,4.278591081153593,0.062284186482429504,7.559761746996845,2025,NO
2025_01_ARI_NO,NO,-4.278591081153593,-3.218886479360822,0.09332884848117828,-7.404148712033237,2025,ARI
2025_01_BAL_BUF,BAL,22.107979161056278,-22.715974536543644,-0.15458185225725174,-0.7625772277446181,2025,BUF
2025_01_BAL_BUF,BUF,22.715974536543644,-22.107979161056278,0.23840723186731339,0.8464026073546798,2025,BAL
2025_01_CAR_JAX,CAR,-4.624227343976749,-8.037306874336043,0.28717049956321716,-12.374363718749574,2025,JAX
2025_01_CAR_JAX,JAX,8.037306874336043,4.624227343976749,-0.13544964790344238,12.526084570409349,2025,CAR
2025_01_CIN_CLE,CIN,-3.4542757618863877,-0.011051260156122983,-0.0034878551959991455,-3.46881487723851,2025,CLE
2025_01_CIN_CLE,CLE,0.011051260156122983,3.4542757618863877,-0.12114233523607254,3.344184686806438,2025,CIN
2025_01_DAL_PHI,DAL,8.236192165997402,-10.8255997926658,-0.13243789970874786,-2.7218455263771464,2025,PHI
2025_01_DAL_PHI,PHI,10.8255997926658,-8.236192165997402,-0.20576472580432892,2.3836429008640696,2025,DAL
2025_01_DET_GB,DET,1.4343569429726903,-6.420183382121215,0.06916065514087677,-4.916665784007648,2025,GB
2025_01_DET_GB,GB,6.420183382121215,-1.4343569429726903,0.26607944071292877,5.251905879861454,2025,DET
2025_01_HOU_LA,HOU,-3.002316907904838,1.7856388559136822,-0.5009127333760262,-1.717590785367182,2025,LA
2025_01_HOU_LA,LA,-1.7856388559136822,3.002316907904838,-0.2368483766913414,0.9798296752998144,2025,HOU
2025_01_KC_LAC,KC,8.435125891473973,-12.666359332917622,0.1242801696062088,-4.10695327183744,2025,LAC
2025_01_KC_LAC,LAC,12.666359332917622,-8.435125891473973,-0.009428821504116058,4.221804619939533,2025,KC
2025_01_LV_NE,LV,2.6321991168843626,4.348290476067538,-0.36257749050855637,6.617912102443344,2025,NE
2025_01_LV_NE,NE,-4.348290476067538,-2.6321991168843626,-0.2814965173602104,-7.261986110312111,2025,LV
2025_01_MIA_IND,IND,19.21376211740968,5.944449275233356,-0.13956241309642792,25.018648979546608,2025,MIA
2025_01_MIA_IND,MIA,-5.944449275233356,-19.21376211740968,0.3680533617734909,-24.790158030869545,2025,IND
2025_01_MIN_CHI,CHI,-4.649855261034331,-5.030801428289163,0.1281971619464457,-9.552459527377048,2025,MIN
2025_01_MIN_CHI,MIN,5.030801428289163,4.649855261034331,-0.040380094200372696,9.64027659512312,2025,CHI
2025_01_NYG_WAS,NYG,-8.912683971844741,-4.109465226279823,0.10944588482379913,-12.912703313300764,2025,WAS
2025_01_NYG_WAS,WAS,4.109465226279823,8.912683971844741,-0.1329948902130127,12.88915430791155,2025,NYG
2025_01_PIT_NYJ,NYJ,17.54567511724651,-12.90621083962771,-0.22173078916966915,4.417733488449132,2025,PIT
2025_01_PIT_NYJ,PIT,12.90621083962771,-17.54567511724651,0.23327261209487915,-4.406191665523922,2025,NYJ
2025_01_SF_SEA,SEA,-5.023325892329032,-1.2145506519343767,-0.17594991624355316,-6.413826460506962,2025,SF
2025_01_SF_SEA,SF,1.2145506519343767,5.023325892329032,-0.18055927753448486,6.057317266728924,2025,SEA
2025_01_TB_ATL,ATL,2.8520733379121768,-6.578536494107455,-0.06293706595897675,-3.789400222154255,2025,TB
2025_01_TB_ATL,TB,6.578536494107455,-2.8520733379121768,0.20576661825180054,3.932229774447079,2025,ATL
2025_01_TEN_DEN,DEN,-1.4884371384129738,20.107935217201497,-0.24714180827140808,18.372356270517116,2025,TEN
2025_01_TEN_DEN,TEN,-20.107935217201497,1.4884371384129738,0.5250224359333515,-18.094475642855173,2025,DEN
2025_02_ATL_MIN,ATL,1.5431023439554226,8.672973670748027,-0.06905848532915115,10.147017529374299,2025,MIN
2025_02_ATL_MIN,MIN,-8.672973670748027,-1.5431023439554226,-0.2475607469677925,-10.463636761671243,2025,ATL
2025_02_BUF_NYJ,BUF,10.178199329224785,3.366026722522257,0.10016335546970367,13.644389407216746,2025,NYJ
2025_02_BUF_NYJ,NYJ,-3.366026722522257,-10.178199329224785,0.03693315200507641,-13.507292899741966,2025,BUF
2025_02_CAR_ARI,ARI,6.82005749495049,-9.812165505620108,-0.1024729460477829,-3.094580956717401,2025,CAR
2025_02_CAR_ARI,CAR,9.812165505620108,-6.82005749495049,0.028245925903320312,3.0203539365729384,2025,ARI
2025_02_CHI_DET,CHI,3.0307055189124883,-25.725600570041255,0.2283349260687828,-22.466560125059985,2025,DET
2025_02_CHI_DET,DET,25.725600570041255,-3.0307055189124883,0.23514030873775482,22.930035359866523,2025,CHI
2025_02_CLE_BAL,BAL,9.614049539563718,5.727177610206224,0.5671469308435917,15.908374080613534,2025,CLE
2025_02_CLE_BAL,CLE,-5.727177610206224,-9.614049539563718,0.601438120007515,-14.739789029762427,2025,BAL
2025_02_DEN_IND,DEN,7.510623878897071,-12.273850690803172,0.4650252014398575,-4.2982016104662435,2025,IND
2025_02_DEN_IND,IND,12.273850690803172,-7.510623878897071,-0.1673508584499359,4.595875953456165,2025,DEN
2025_02_JAX_CIN,CIN,8.855994110683397,-4.213926455215254,0.2814260423183441,4.923493697786488,2025,JAX
2025_02_JAX_CIN,JAX,4.213926455215254,-8.855994110683397,-0.11524799838662148,-4.757315653854765,2025,CIN
2025_02_LAC_LV,LAC,0.4342680608202558,8.867956114920753,-0.10587386973202229,9.196350306008988,2025,LV
2025_02_LAC_LV,LV,-8.867956114920753,-0.4342680608202558,0.02941708266735077,-9.27280709307366,2025,LAC
2025_02_LA_TEN,LA,12.767176812078919,0.1952267396537699,-0.029329080134630203,12.933074471598058,2025,TEN
2025_02_LA_TEN,TEN,-0.1952267396537699,-12.767176812078919,0.03246234357357025,-12.929941208159118,2025,LA
2025_02_NE_MIA,MIA,5.968725478998634,-14.420622111658282,0.17739713191986084,-8.274499500739788,2025,NE
2025_02_NE_MIA,NE,14.420622111658282,-5.968725478998634,-0.09292981028556824,8.35896682237408,2025,MIA
2025_02_NYG_DAL,DAL,18.459060872412614,-16.721401508637314,-0.5439349953085184,1.193724368466782,2025,NYG
2025_02_NYG_DAL,NYG,16.721401508637314,-18.459060872412614,-0.11200632154941559,-1.849665685324716,2025,DAL
2025_02_PHI_KC,KC,1.1360011990606438,0.21423933605178203,0.10679282248020172,1.4570333575926275,2025,PHI
2025_02_PHI_KC,PHI,-0.21423933605178203,-1.1360011990606438,0.16946037113666534,-1.1807801639757605,2025,KC
2025_02_SEA_PIT,PIT,-5.0871502467712695,-3.964314533160425,-0.20509046874940395,-9.2565552486811,2025,SEA
2025_02_SEA_PIT,SEA,3.964314533160425,5.0871502467712695,-0.11204734444618225,8.939417435485513,2025,PIT
2025_02_SF_NO,NO,2.690982731232742,-8.594617462697391,0.06245308555662632,-5.841181645908023,2025,SF
2025_02_SF_NO,SF,8.594617462697391,-2.690982731232742,-0.15560628473758698,5.748028446727062,2025,NO
2025_02_TB_HOU,HOU,1.079422837271641,-6.549893770464255,0.4436757266521454,-5.026795206540468,2025,TB
2025_02_TB_HOU,TB,6.549893770464255,-1.079422837271641,-0.3573475815355778,5.113123351657036,2025,HOU
2025_02_WAS_GB,GB,6.296422681513089,4.631605681841567,-0.061920370906591415,10.866107992448065,2025,WAS
2025_02_WAS_GB,WAS,-4.631605681841567,-6.296422681513089,0.6671422570943832,-10.260886106260273,2025,GB
2025_03_ARI_SF,ARI,-2.289251509871934,2.8541392735855506,-0.41600031591951847,0.14888744779409802,2025,SF
2025_03_ARI_SF,SF,-2.8541392735855506,2.289251509871934,0.030215755105018616,-0.5346720086085979,2025,ARI
2025_03_ATL_CAR,ATL,-16.920801706242884,-3.2669112706609966,-0.0543365404009819,-20.242049517304864,2025,CAR
2025_03_ATL_CAR,CAR,3.2669112706609966,16.920801706242884,0.34985311329364777,20.53756609019753,2025,ATL
2025_03_CIN_MIN,CIN,-5.638260663940169,-15.708378457665525,-0.12494784314185381,-21.471586964747548,2025,MIN
2025_03_CIN_MIN,MIN,15.708378457665525,5.638260663940169,-0.7636791542172432,20.58295996738845,2025,CIN
2025_03_DAL_CHI,CHI,16.52013898595757,3.9915330799897415,-0.538227766752243,19.973444299195066,2025,DAL
2025_03_DAL_CHI,DAL,-3.9915330799897415,-16.52013898595757,0.18411334417760372,-20.327558721769705,2025,CHI
2025_03_DEN_LAC,DEN,-2.566033537582798,-6.0068812062858505,0.008576631546020508,-8.564338112322627,2025,LAC
2025_03_DEN_LAC,LAC,6.0068812062858505,2.566033537582798,-0.29321808740496635,8.279696656463681,2025,DEN
2025_03_DET_BAL,BAL,13.304778587900545,-20.567495851272383,0.29080070555210114,-6.971916557819737,2025,DET
2025_03_DET_BAL,DET,20.567495851272383,-13.304778587900545,-0.2903251629322767,6.972392100439562,2025,BAL
2025_03_GB_CLE,CLE,-7.868433483291678,5.933022653295679,0.2945051044225693,-1.6409057255734298,2025,GB
2025_03_GB_CLE,GB,-5.933022653295679,7.868433483291678,-0.05216018855571747,1.8832506414402816,2025,CLE
2025_03_HOU_JAX,HOU,-12.129522353006484,4.565091947578345,0.28827686607837677,-7.276153539349762,2025,JAX
2025_03_HOU_JAX,JAX,-4.565091947578345,12.129522353006484,-0.26900260150432587,7.295427803923813,2025,HOU
2025_03_IND_TEN,IND,12.879735254756426,-4.390008655276056,0.4382418394088745,8.927968438889245,2025,TEN
2025_03_IND_TEN,TEN,4.390008655276056,-12.879735254756426,0.31914588809013367,-8.170580711390237,2025,IND
2025_03_KC_NYG,KC,8.22910443592463,6.254626881286143,-0.49651628360152245,13.98721503360925,2025,NYG
2025_03_KC_NYG,NYG,-6.254626881286143,-8.22910443592463,0.2340034395456314,-14.24972787766514,2025,KC
2025_03_LA_PHI,LA,0.3245724275523223,-11.026033264902274,0.6115536838769913,-10.08990715347296,2025,PHI
2025_03_LA_PHI,PHI,11.026033264902274,-0.3245724275523223,-0.0768466591835022,10.62461417816645,2025,LA
2025_03_LV_WAS,LV,5.944054621283973,-13.735928514921483,-0.033662766218185425,-7.825536659855695,2025,WAS
2025_03_LV_WAS,WAS,13.735928514921483,-5.944054621283973,-0.019214268773794174,7.772659624863715,2025,LV
2025_03_MIA_BUF,BUF,15.03033848122252,-5.059559811038552,0.1545010507106781,10.125279720894646,2025,MIA
2025_03_MIA_BUF,MIA,5.059559811038552,-15.03033848122252,0.11987085826694965,-9.850907811917018,2025,BUF
2025_03_NO_SEA,NO,0.1921987247983954,-16.139882895343252,-0.31521742790937424,-16.26290159845423,2025,SEA
2025_03_NO_SEA,SEA,16.139882895343252,-0.1921987247983954,0.2566554322838783,16.204339602828735,2025,NO
2025_03_NYJ_TB,NYJ,3.66720711827674,-1.3475408046478183,0.25286778807640076,2.5725341017053225,2025,TB
2025_03_NYJ_TB,TB,1.3475408046478183,-3.66720711827674,-0.2208394557237625,-2.5405057693526842,2025,NYJ
2025_03_PIT_NE,NE,-4.477122066530299,-3.9554620831477902,0.4716455787420273,-7.960938570936062,2025,PIT
2025_03_PIT_NE,PIT,3.9554620831477902,4.477122066530299,-0.24177996814250946,8.19080418153558,2025,NE
2025_04_BAL_KC,BAL,5.163655368064788,-13.129024201159574,-0.0307852104306221,-7.996154043525408,2025,KC
2025_04_BAL_KC,KC,13.129024201159574,-5.163655368064788,0.3665613532066345,8.33193018630142,2025,BAL
2025_04_CAR_NE,CAR,-0.29761852342049,-10.073697287922737,0.020398035645484924,-10.350917775697742,2025,NE
2025_04_CAR_NE,NE,10.073697287922737,0.29761852342049,1.0771642923355103,11.448480103678737,2025,CAR
2025_04_CHI_LV,CHI,-0.7754209418948967,-6.900453716517384,0.8579784780740738,-6.817896180338207,2025,LV
2025_04_CHI_LV,LV,6.900453716517384,0.7754209418948967,-0.5453610252588987,7.130513633153382,2025,CHI
2025_04_CIN_DEN,CIN,-9.754916142400612,-11.776077712581264,-0.17356590926647186,-21.704559764248348,2025,DEN
2025_04_CIN_DEN,DEN,11.776077712581264,9.754916142400612,-0.2136392667889595,21.317354588192917,2025,CIN
2025_04_CLE_DET,CLE,-14.360914983200951,2.1384930891458245,0.38353851437568665,-11.83888337967944,2025,DET
2025_04_CLE_DET,DET,-2.1384930891458245,14.360914983200951,0.48099665343761444,12.703418547492742,2025,CLE
2025_04_GB_DAL,DAL,21.41216007899918,-24.981419229396458,-0.13628175854682922,-3.7055409089441085,2025,GB
2025_04_GB_DAL,GB,24.981419229396458,-21.41216007899918,-0.25695978477597237,3.312299365621307,2025,DAL
2025_04_IND_LA,IND,-1.0352434874341792,-6.346521588041282,-0.12178024649620056,-7.503545321971663,2025,LA
2025_04_IND_LA,LA,6.346521588041282,1.0352434874341792,-0.4069625958800316,6.97480247959543,2025,IND
2025_04_JAX_SF,JAX,-4.606836623791775,-0.4624857370371769,-0.030167698860168457,-5.099490059689121,2025,SF
2025_04_JAX_SF,SF,0.4624857370371769,4.606836623791775,0.31494294106960297,5.384265301898555,2025,JAX
2025_04_LAC_NYG,LAC,-0.6350425840927407,5.955237816283946,-0.17612597346305847,5.1440692587281465,2025,NYG
2025_04_LAC_NYG,NYG,-5.955237816283946,0.6350425840927407,0.7398289833217859,-4.580366248869419,2025,LAC
2025_04_MIN_PIT,MIN,6.58755800906222,-5.412521639253632,-0.3355773687362671,0.8394590010723206,2025,PIT
2025_04_MIN_PIT,PIT,5.412521639253632,-6.58755800906222,0.0935429185628891,-1.0814934512456986,2025,MIN
2025_04_NO_BUF,BUF,13.542675070744513,0.9791420913649953,-0.21473795175552368,14.307079210353985,2025,NO
2025_04_NO_BUF,NO,-0.9791420913649953,-13.542675070744513,0.6785453259944916,-13.843271836115017,2025,BUF
2025_04_NYJ_MIA,MIA,6.826616942046032,-6.72434451834636,0.043811261653900146,0.14608368535357208,2025,NYJ
2025_04_NYJ_MIA,NYJ,6.72434451834636,-6.826616942046032,-0.015550121665000916,-0.11782254536467285,2025,MIA
2025_04_PHI_TB,PHI,-1.3440699809587857,-0.6048500725783579,0.14764246344566345,-1.8012775900914801,2025,TB
2025_04_PHI_TB,TB,0.6048500725783579,1.3440699809587857,0.3199380710721016,2.2688581246092454,2025,PHI
2025_04_SEA_ARI,ARI,-0.4471770327068123,-5.525823540905774,0.24949979037046432,-5.723500783242122,2025,SEA
2025_04_SEA_ARI,SEA,5.525823540905774,0.4471770327068123,-0.21225297451019287,5.760747599102394,2025,ARI
2025_04_TEN_HOU,HOU,9.709420270290934,14.163757041061917,-0.06009536236524582,23.813081948987605,2025,TEN
2025_04_TEN_HOU,TEN,-14.163757041061917,-9.709420270290934,-0.08998836576938629,-23.963165677122237,2025,HOU
2025_04_WAS_ATL,ATL,18.67291145115365,-7.329872411528404,-0.21240825578570366,11.13063078383954,2025,WAS
2025_04_WAS_ATL,WAS,7.329872411528404,-18.67291145115365,0.2980283349752426,-11.045010704650002,2025,ATL
2025_05_DAL_NYJ,DAL,15.642116487750094,-4.3932745259513215,0.087336964905262,11.336178926704035,2025,NYJ
2025_05_DAL_NYJ,NYJ,4.3932745259513215,-15.642116487750094,0.1253763809800148,-11.123465580818758,2025,DAL
2025_05_DEN_PHI,DEN,1.1542562076214722,-0.37658585029447633,0.15758465230464935,0.9352550096316452,2025,PHI
2025_05_DEN_PHI,PHI,0.37658585029447633,-1.1542562076214722,-0.40702491998672485,-1.1846952773137207,2025,DEN
2025_05_DET_CIN,CIN,7.230052615148066,-3.4201640529642816,-0.12426454573869705,3.6856240164450877,2025,DET
2025_05_DET_CIN,DET,3.4201640529642816,-7.230052615148066,0.9392952471971512,-2.8705933149866336,2025,CIN
2025_05_HOU_BAL,BAL,-4.0357352524958685,-20.23463735607196,0.08115823939442635,-24.189214369173403,2025,HOU
2025_05_HOU_BAL,HOU,20.23463735607196,4.0357352524958685,0.5038585811853409,24.77423118975317,2025,BAL
2025_05_KC_JAX,JAX,10.030191536931056,-10.082134804400933,-0.033254846930503845,-0.08519811440038083,2025,KC
2025_05_KC_JAX,KC,10.082134804400933,-10.030191536931056,-0.17498288210481405,-0.12303961463493707,2025,JAX
2025_05_LV_IND,IND,19.543507813405693,5.691482767876753,0.9339745715260506,26.168965152808497,2025,LV
2025_05_LV_IND,LV,-5.691482767876753,-19.543507813405693,-0.18455597665160894,-25.419546557934055,2025,IND
2025_05_MIA_CAR,CAR,10.790100089441486,-3.669240718482962,-0.2870350107550621,6.833824360203462,2025,MIA
2025_05_MIA_CAR,MIA,3.669240718482962,-10.790100089441486,0.12236899137496948,-6.998490379583554,2025,CAR
2025_05_MIN_CLE,CLE,-2.0899890832894217,-2.2029183182049645,-0.5899057053029537,-4.8828131067973395,2025,MIN
2025_05_MIN_CLE,MIN,2.2029183182049645,2.0899890832894217,-0.08887897431850433,4.204028427175881,2025,CLE
2025_05_NE_BUF,BUF,5.257573716084544,-2.0437234328301264,-0.46591817773878574,2.7479321055156323,2025,NE
2025_05_NE_BUF,NE,2.0437234328301264,-5.257573716084544,-0.01686730980873108,-3.230717593063149,2025,BUF
2025_05_NYG_NO,NO,2.8747597199143717,6.983261434494064,-0.4852812737226486,9.372739880685787,2025,NYG
2025_05_NYG_NO,NYG,-6.983261434494064,-2.8747597199143717,0.657262995839119,-9.200758158569316,2025,NO
2025_05_SF_LA,LA,6.585056430512509,-9.43918500451646,0.10828891396522522,-2.745839660038726,2025,SF
2025_05_SF_LA,SF,9.43918500451646,-6.585056430512509,-0.4979283567517996,2.3562002172521517,2025,LA
2025_05_TB_SEA,SEA,19.812413518631125,-19.407468786223077,0.05551382154226303,0.46045855395031055,2025,TB
2025_05_TB_SEA,TB,19.407468786223077,-19.812413518631125,-0.15828543901443481,-0.5632301714224823,2025,SEA
2025_05_TEN_ARI,ARI,-1.7647081339528494,-3.9416648385533195,-0.1862618252635002,-5.892634797769669,2025,TEN
2025_05_TEN_ARI,TEN,3.9416648385533195,1.7647081339528494,0.12448439002037048,5.830857362526539,2025,ARI
2025_05_WAS_LAC,LAC,-2.8133519941514304,-12.052360802468412,-0.24755510687828064,-15.113267903498123,2025,WAS
2025_05_WAS_LAC,WAS,12.052360802468412,2.8133519941514304,-0.0947263091802597,14.770986487439583,2025,LAC
2025_06_ARI_IND,ARI,7.821155682938398,-14.52176149968389,0.2265582513064146,-6.4740475654390774,2025,IND
2025_06_ARI_IND,IND,14.52176149968389,-7.821155682938398,-0.2632329296320677,6.437372887113424,2025,ARI
2025_06_BUF_ATL,ATL,4.106103203498153,2.783332047869438,-0.23882774077355862,6.650607510594032,2025,BUF
2025_06_BUF_ATL,BUF,-2.783332047869438,-4.106103203498153,-0.1864210069179535,-7.075856258285544,2025,ATL
2025_06_CHI_WAS,CHI,6.2076651733913994,-6.803768261361049,-0.2235601842403412,-0.8196632722099908,2025,WAS
2025_06_CHI_WAS,WAS,6.803768261361049,-6.2076651733913994,0.2523737698793411,0.8484768578489907,2025,CHI
2025_06_CIN_GB,CIN,1.6214211538979932,-13.055774202247454,0.008939160034060478,-11.4254138883154,2025,GB
2025_06_CIN_GB,GB,13.055774202247454,-1.6214211538979932,-0.046936094760894775,11.387416953588566,2025,CIN
2025_06_CLE_PIT,CLE,-5.167753547866532,-9.085651382705493,0.15446169674396515,-14.09894323382806,2025,PIT
2025_06_CLE_PIT,PIT,9.085651382705493,5.167753547866532,-0.09683345258235931,14.156571477989665,2025,CLE
2025_06_DAL_CAR,CAR,15.328949640258164,-8.832155142916205,-0.0771493911743164,6.419645106167643,2025,DAL
2025_06_DAL_CAR,DAL,8.832155142916205,-15.328949640258164,0.3910602480173111,-6.105734249324648,2025,CAR
2025_06_DEN_NYJ,DEN,-4.935081493751895,17.526018894556096,0.004124730825424194,12.595062131629625,2025,NYJ
2025_06_DEN_NYJ,NYJ,-17.526018894556096,4.935081493751895,0.5781932920217514,-12.01274410878245,2025,DEN
2025_06_DET_KC,DET,4.647072489078756,-17.93658761757976,-0.12968363612890244,-13.419198764629908,2025,KC
2025_06_DET_KC,KC,17.93658761757976,-4.647072489078756,0.1946345418691635,13.484149670370169,2025,DET
2025_06_LAC_MIA,LAC,7.88288537028459,-8.178291800067623,0.02329295128583908,-0.2721134784971939,2025,MIA
2025_06_LAC_MIA,MIA,8.178291800067623,-7.88288537028459,-0.12028110399842262,0.17512532578461038,2025,LAC
2025_06_LA_BAL,BAL,-13.252179856147357,0.8323158450971639,-0.06670349836349487,-12.486567509413689,2025,LA
2025_06_LA_BAL,LA,-0.8323158450971639,13.252179856147357,-0.034605637192726135,12.385258373857468,2025,BAL
2025_06_NE_NO,NE,6.872352142643674,-3.1502430775746397,-0.11194294691085815,3.610166118158176,2025,NO
2025_06_NE_NO,NO,3.1502430775746397,-6.872352142643674,0.09336583688855171,-3.6287432281804826,2025,NE
2025_06_PHI_NYG,NYG,13.788208129943934,-0.26337015779879414,0.19895455241203308,13.723792524557172,2025,PHI
2025_06_PHI_NYG,PHI,0.26337015779879414,-13.788208129943934,0.0007249414920806885,-13.524113030653059,2025,NYG
2025_06_SEA_JAX,JAX,-4.056222453001579,0.38912290480121925,0.18105638027191162,-3.4860431679284485,2025,SEA
2025_06_SEA_JAX,SEA,-0.38912290480121925,4.056222453001579,-0.20756106078624725,3.459538487414113,2025,JAX
2025_06_SF_TB,SF,2.731475171032007,-11.795587885984611,0.009171172976493835,-9.05494154197611,2025,TB
2025_06_SF_TB,TB,11.795587885984611,-2.731475171032007,0.1777123212814331,9.241825036234037,2025,SF
2025_06_TEN_LV,LV,0.01409025834520028,5.390332194335185,0.4945991337299347,5.899021586410321,2025,TEN
2025_06_TEN_LV,TEN,-5.390332194335185,-0.01409025834520028,-0.1297769993543625,-5.534199452034748,2025,LV
2025_07_ATL_SF,ATL,-4.015824307316271,-2.9435370181554905,-0.21936719864606857,-7.1787285241178305,2025,SF
2025_07_ATL_SF,SF,2.9435370181554905,4.015824307316271,-0.05103924870491028,6.908322076766852,2025,ATL
2025_07_CAR_NYJ,CAR,-8.294050289810235,13.01755874157215,-0.06326079368591309,4.660247658076003,2025,NYJ
2025_07_CAR_NYJ,NYJ,-13.01755874157215,8.294050289810235,0.07209411263465881,-4.651414339127257,2025,CAR
2025_07_GB_ARI,ARI,7.19695786464282,-10.66370248636339,0.04523816704750061,-3.421506454673069,2025,GB
2025_07_GB_ARI,GB,10.66370248636339,-7.19695786464282,-0.11841336637735367,3.348331255343216,2025,ARI
2025_07_HOU_SEA,HOU,-10.397923912964748,4.242380670906426,0.24101877957582474,-5.914524462482497,2025,SEA
2025_07_HOU_SEA,SEA,-4.242380670906426,10.397923912964748,0.26683394610881805,6.42237718816714,2025,HOU
2025_07_IND_LAC,IND,19.378020297923214,-11.598123179805599,0.08042840659618378,7.860325524713799,2025,LAC
2025_07_IND_LAC,LAC,11.598123179805599,-19.378020297923214,0.11407794058322906,-7.665819177534386,2025,IND
2025_07_LA_JAX,JAX,-8.709855866428427,-10.542976923529826,0.3194964826107025,-18.933336307347552,2025,LA
2025_07_LA_JAX,LA,10.542976923529826,8.709855866428427,0.4728772044181824,19.725709994376437,2025,JAX
2025_07_LV_KC,KC,11.986323803876866,10.357185656564363,0.6818070858716965,23.025316546312926,2025,LV
2025_07_LV_KC,LV,-10.357185656564363,-11.986323803876866,-0.36460015922784805,-22.708109619669077,2025,KC
2025_07_MIA_CLE,CLE,-0.24348150402797786,7.7612842570468175,0.5394537448883057,8.057256497907145,2025,MIA
2025_07_MIA_CLE,MIA,-7.7612842570468175,0.24348150402797786,-0.11208881437778473,-7.6298915673966246,2025,CLE
2025_07_NE_TEN,NE,10.19342740683215,3.248149299959449,-0.2987709045410156,13.142805802250583,2025,TEN
2025_07_NE_TEN,TEN,-3.248149299959449,-10.19342740683215,0.17841864377260208,-13.263158063018997,2025,NE
2025_07_NO_CHI,CHI,0.44773334373365903,4.449353121640355,-0.09843928180634975,4.798647183567664,2025,NO
2025_07_NO_CHI,NO,-4.449353121640355,-0.44773334373365903,0.145548265427351,-4.751538199946663,2025,CHI
2025_07_NYG_DEN,DEN,10.375393589629644,-14.482206597499683,-0.045160602778196335,-4.151973610648236,2025,NYG
2025_07_NYG_DEN,NYG,14.482206597499683,-10.375393589629644,-0.027709342539310455,4.079103665330729,2025,DEN
2025_07_PHI_MIN,MIN,4.335112114716042,-5.3953638362588965,0.43971000611782074,-0.6205417154250341,2025,PHI
2025_07_PHI_MIN,PHI,5.3953638362588965,-4.335112114716042,-0.23005351424217224,0.8301982073006826,2025,MIN
2025_07_PIT_CIN,CIN,16.292685670136528,-14.519154275135156,-0.34939710050821304,1.4241342944931592,2025,PIT
2025_07_PIT_CIN,PIT,14.519154275135156,-16.292685670136528,0.20282049104571342,-1.5707109039556588,2025,CIN
2025_07_TB_DET,DET,1.353591236055185,9.452222284911887,-0.4264732301235199,10.379340290843551,2025,TB
2025_07_TB_DET,TB,-9.452222284911887,-1.353591236055185,-0.012113895267248154,-10.817927416234319,2025,DET
2025_07_WAS_DAL,DAL,15.854645879247078,-2.6817643530812028,-0.23361825942993164,12.939263266735944,2025,WAS
2025_07_WAS_DAL,WAS,2.6817643530812028,-15.854645879247078,0.2816796451807022,-12.891201880985173,2025,DAL
2025_08_BUF_CAR,BUF,18.470175067728213,6.4664624015930805,0.41049257665872574,25.34713004598002,2025,CAR
2025_08_BUF_CAR,CAR,-6.4664624015930805,-18.470175067728213,0.279057577252388,-24.657579892068906,2025,BUF
2025_08_CHI_BAL,BAL,12.061034501691179,-1.5235064226761386,0.1377577930688858,10.675285872083926,2025,CHI
2025_08_CHI_BAL,CHI,1.5235064226761386,-12.061034501691179,0.013091862201690674,-10.52443621681335,2025,BAL
2025_08_CLE_NE,CLE,-7.582179861798881,-5.482773806707181,0.30610914528369904,-12.758844523222363,2025,NE
2025_08_CLE_NE,NE,5.482773806707181,7.582179861798881,0.17496488243341446,13.239918550939477,2025,CLE
2025_08_DAL_DEN,DAL,4.5021533410042425,-26.014113858638062,0.34032250195741653,-21.171638015676404,2025,DEN
2025_08_DAL_DEN,DEN,26.014113858638062,-4.5021533410042425,0.015104055404663086,21.527064573038484,2025,DAL
2025_08_GB_PIT,GB,10.109931585341787,-6.413826563012756,0.06708104535937309,3.7631860676884044,2025,PIT
2025_08_GB_PIT,PIT,6.413826563012756,-10.109931585341787,0.24280676245689392,-3.4532982598721373,2025,GB
2025_08_MIA_ATL,ATL,-5.767516910923905,-12.823941508780765,0.03583221882581711,-18.55562620087885,2025,MIA
2025_08_MIA_ATL,MIA,12.823941508780765,5.767516910923905,0.24162279069423676,18.833081210398905,2025,ATL
2025_08_MIN_LAC,LAC,18.439960630129576,7.212626717428076,0.24171923100948334,25.894306578567136,2025,MIN
2025_08_MIN_LAC,MIN,-7.212626717428076,-18.439960630129576,0.3695330396294594,-25.283054307928193,2025,LAC
2025_08_NYG_PHI,NYG,4.664559126322395,-22.27873940208232,0.43058915436267853,-17.183591121397246,2025,PHI
2025_08_NYG_PHI,PHI,22.27873940208232,-4.664559126322395,0.001588284969329834,17.615768560729254,2025,NYG
2025_08_NYJ_CIN,CIN,17.549461145835163,-20.75168337758661,0.16407130658626556,-3.03815092516518,2025,NYJ
2025_08_NYJ_CIN,NYJ,20.75168337758661,-17.549461145835163,0.1637170910835266,3.365939322834972,2025,CIN
2025_08_SF_HOU,HOU,13.387885645062793,0.742946924615429,-0.5573035245761275,13.573529045102095,2025,SF
2025_08_SF_HOU,SF,-0.742946924615429,-13.387885645062793,0.1881776601076126,-13.94265490957061,2025,HOU
2025_08_TB_NO,NO,-13.81278739800624,2.4203173992109845,-0.09733323752880096,-11.489803236324056,2025,TB
2025_08_TB_NO,TB,-2.4203173992109845,13.81278739800624,-0.18212532997131348,11.210344668823941,2025,NO
2025_08_TEN_IND,IND,21.54153856217197,1.681756301352951,-0.5180029217153788,22.70529194180954,2025,TEN
2025_08_TEN_IND,TEN,-1.681756301352951,-21.54153856217197,-0.004140712320804596,-23.227435575845725,2025,IND
2025_08_WAS_KC,KC,14.952740442439879,5.517764396563764,-0.30649123899638653,20.164013600007255,2025,WAS
2025_08_WAS_KC,WAS,-5.517764396563764,-14.952740442439879,-0.07528428733348846,-20.54578912633713,2025,KC
2025_09_ARI_DAL,ARI,10.122601020263158,5.999706755449207,-0.20779205858707428,15.91451571712529,2025,DAL
2025_09_ARI_DAL,DAL,-5.999706755449207,-10.122601020263158,0.11856063455343246,-16.003747141158932,2025,ARI
2025_09_ATL_NE,ATL,2.1199664514851655,-4.765308179353278,0.5594655871391296,-2.085876140728983,2025,NE
2025_09_ATL_NE,NE,4.765308179353278,-2.1199664514851655,0.11272215843200684,2.7580638863001194,2025,ATL
2025_09_BAL_MIA,BAL,7.178466698365131,11.510517099699957,-0.2706740200519562,18.418309778013132,2025,MIA
2025_09_BAL_MIA,MIA,-11.510517099699957,-7.178466698365131,0.18486245721578598,-18.504121340849302,2025,BAL
2025_09_CAR_GB,CAR,3.0709665045967958,-0.8945721761285723,-0.10083384811878204,2.0755604803494414,2025,GB
2025_09_CAR_GB,GB,0.8945721761285723,-3.0709665045967958,0.0051218122243881226,-2.1712725162438353,2025,CAR
2025_09_CHI_CIN,CHI,29.836758175324345,-17.963840635808015,-0.4943078085780144,11.378609730938315,2025,CIN
2025_09_CHI_CIN,CIN,17.963840635808015,-29.836758175324345,0.11345227435231209,-11.759465265164017,2025,CHI
2025_09_DEN_HOU,DEN,-5.129724565282694,13.17969739923654,-0.17934228479862213,7.870630549155223,2025,HOU
2025_09_DEN_HOU,HOU,-13.17969739923654,5.129724565282694,0.09408397227525711,-7.955888861678588,2025,DEN
2025_09_IND_PIT,IND,3.7928580867086876,4.052600400512632,-0.2830704562366009,7.562388030984719,2025,PIT
2025_09_IND_PIT,PIT,-4.052600400512632,-3.7928580867086876,0.5651552975177765,-7.2803031897035435,2025,IND
2025_09_JAX_LV,JAX,11.425172476595389,-15.50933195061389,0.16129204630851746,-3.922867427709983,2025,LV
2025_09_JAX_LV,LV,15.50933195061389,-11.425172476595389,0.0020422320812940598,4.086201706099795,2025,JAX
2025_09_KC_BUF,BUF,11.253137582486394,-2.5183855435820064,-0.03459462523460388,8.700157413669784,2025,KC
2025_09_KC_BUF,KC,2.5183855435820064,-11.253137582486394,0.04630403220653534,-8.688448006697852,2025,BUF
2025_09_LAC_TEN,LAC,8.880213567908955,10.112507951534411,-0.21199294924736023,18.780728570196004,2025,TEN
2025_09_LAC_TEN,TEN,-10.112507951534411,-8.880213567908955,0.018584972247481346,-18.974136547195883,2025,LAC
2025_09_MIN_DET,DET,3.097455531825008,-2.4041141559356425,0.15344277024269104,0.8467841461320567,2025,MIN
2025_09_MIN_DET,MIN,2.4041141559356425,-3.097455531825008,0.38325414806604385,-0.31008722782332176,2025,DET
2025_09_NO_LA,LA,19.70284377355526,4.382947534365346,-0.33497751504182816,23.750813792878777,2025,NO
2025_09_NO_LA,NO,-4.382947534365346,-19.70284377355526,0.38021887838840485,-23.7055724295322,2025,LA
2025_09_SEA_WAS,SEA,18.788413345371243,1.1923333352514482,-0.21164463460445404,19.769102046018237,2025,WAS
2025_09_SEA_WAS,WAS,-1.1923333352514482,-18.788413345371243,0.542108565568924,-19.438638115053767,2025,SEA
2025_09_SF_NYG,NYG,4.958501672403543,-14.362447696097295,0.12166149914264679,-9.282284524551105,2025,SF
2025_09_SF_NYG,SF,14.362447696097295,-4.958501672403543,0.14122338593006134,9.545169409623814,2025,NYG
2025_10_ARI_SEA,ARI,-4.450167506779525,-14.899509318475303,1.1437822058796883,-18.20589461937514,2025,SEA
2025_10_ARI_SEA,SEA,14.899509318475303,4.450167506779525,-0.31411400996148586,19.035562815293343,2025,ARI
2025_10_ATL_IND,ATL,3.4756064298637908,-8.111870129696367,-0.10207373648881912,-4.7383374363213955,2025,IND
2025_10_ATL_IND,IND,8.111870129696367,-3.4756064298637908,0.31952425837516785,4.955787958207744,2025,ATL
2025_10_BAL_MIN,BAL,1.5351314206111886,-1.6538235354145154,0.009654082357883453,-0.10903803244544341,2025,MIN
2025_10_BAL_MIN,MIN,1.6538235354145154,-1.5351314206111886,0.07310322672128677,0.19179534152461364,2025,BAL
2025_10_BUF_MIA,BUF,-0.9657879989646072,-11.72703397424425,-0.12341966480016708,-12.816241638009025,2025,MIA
2025_10_BUF_MIA,MIA,11.72703397424425,0.9657879989646072,-0.3129741698503494,12.379847803358508,2025,BUF
2025_10_CLE_NYJ,CLE,-1.8970289360828128,7.212687285580876,0.07194839417934418,5.3876067436774076,2025,NYJ
2025_10_CLE_NYJ,NYJ,-7.212687285580876,1.8970289360828128,0.2731388956308365,-5.042519453867227,2025,CLE
2025_10_DET_WAS,DET,29.035797487461767,-10.135449521150958,-0.125606968998909,18.774740997311902,2025,WAS
2025_10_DET_WAS,WAS,10.135449521150958,-29.035797487461767,0.423981711268425,-18.476366255042386,2025,DET
2025_10_JAX_HOU,HOU,13.285182730507724,-0.5895448097121936,0.3226584903895855,13.018296411185116,2025,JAX
2025_10_JAX_HOU,JAX,0.5895448097121936,-13.285182730507724,0.1829613372683525,-12.512676583527178,2025,HOU
2025_10_LA_SF,LA,23.168403323784172,-12.77620991236931,0.009333670139312744,10.401527081554175,2025,SF
2025_10_LA_SF,SF,12.77620991236931,-23.168403323784172,0.6398584172129631,-9.752334994201899,2025,LA
2025_10_LV_DEN,DEN,-16.407189828219398,21.050683582762453,0.37279295921325684,5.016286713756312,2025,LV
2025_10_LV_DEN,LV,-21.050683582762453,16.407189828219398,0.28460845723748207,-4.358885297305573,2025,DEN
2025_10_NE_TB,NE,8.05517774646319,-5.219652065218432,0.05113714933395386,2.886662830578712,2025,TB
2025_10_NE_TB,TB,5.219652065218432,-8.05517774646319,0.053293824195861816,-2.782231857048896,2025,NE
2025_10_NO_CAR,CAR,-15.44462405946442,-1.57834552633132,0.12865698710083961,-16.8943125986949,2025,NO
2025_10_NO_CAR,NO,1.57834552633132,15.44462405946442,-0.23169450461864471,16.791275081177094,2025,CAR
2025_10_NYG_CHI,CHI,3.748910481399726,-1.2101100261257396,0.29097291827201843,2.8297733735460047,2025,NYG
2025_10_NYG_CHI,NYG,1.2101100261257396,-3.748910481399726,-0.12659263610839844,-2.6653930913823847,2025,CHI
2025_10_PHI_GB,GB,-8.937676854232981,6.970743729671993,-0.4156799390912056,-2.382613063652194,2025,PHI
2025_10_PHI_GB,PHI,-6.970743729671993,8.937676854232981,-0.4546307697892189,1.5123023547717693,2025,GB
2025_10_PIT_LAC,LAC,-4.567736913025268,11.334458642257811,0.19462624192237854,6.961347971154922,2025,PIT
2025_10_PIT_LAC,PIT,-11.334458642257811,4.567736913025268,0.4066399112343788,-6.360081817998164,2025,LAC
2025_11_BAL_CLE,BAL,0.2627178927562346,13.581354359599956,0.41750555485486984,14.261577807211061,2025,CLE
2025_11_BAL_CLE,CLE,-13.581354359599956,-0.2627178927562346,0.16208459436893463,-13.681987657987257,2025,BAL
2025_11_CAR_ATL,ATL,9.780165272092873,-11.441537730533534,-0.4049849286675453,-2.066357387108207,2025,CAR
2025_11_CAR_ATL,CAR,11.441537730533534,-9.780165272092873,-0.1116473525762558,1.5497251058644057,2025,ATL
2025_11_CHI_MIN,CHI,-1.139752169964625,3.579675338862197,-0.5491432398557663,1.8907799290418055,2025,MIN
2025_11_CHI_MIN,MIN,-3.579675338862197,1.139752169964625,0.28517894074320793,-2.154744228154364,2025,CHI
2025_11_CIN_PIT,CIN,-1.645676028779584,-8.633392324870272,0.09562590718269348,-10.183442446467161,2025,PIT
2025_11_CIN_PIT,PIT,8.633392324870272,1.645676028779584,-0.1181425228714943,10.16092583077836,2025,CIN
2025_11_DAL_LV,DAL,14.063386827155297,2.3303386499415093,-0.025973305106163025,16.36775217199064,2025,LV
2025_11_DAL_LV,LV,-2.3303386499415093,-14.063386827155297,0.2210291475057602,-16.172696329591044,2025,DAL
2025_11_DET_PHI,DET,-12.501893089260735,12.45625483977245,0.2645892798900604,0.21895103040177588,2025,PHI
2025_11_DET_PHI,PHI,-12.45625483977245,12.501893089260735,0.41271376609802246,0.458352015586307,2025,DET
2025_11_GB_NYG,GB,13.915969498494608,-9.437596738374182,-0.24137652292847633,4.236996237191949,2025,NYG
2025_11_GB_NYG,NYG,9.437596738374182,-13.915969498494608,-0.14328982308506966,-4.621662583205495,2025,GB
2025_11_HOU_TEN,HOU,-5.890357553675141,0.9781852900834176,0.12098229490220547,-4.791189968689518,2025,TEN
2025_11_HOU_TEN,TEN,-0.9781852900834176,5.890357553675141,-0.388994500041008,4.5231777635507155,2025,HOU
2025_11_KC_DEN,DEN,0.3118247390231974,-5.025461439403873,0.34504467248916626,-4.368592027891509,2025,KC
2025_11_KC_DEN,KC,5.025461439403873,-0.3118247390231974,-0.4043987561017275,4.309237944278948,2025,DEN
2025_11_LAC_JAX,JAX,15.022715326448465,10.129190915329517,0.11176425963640213,25.26367050141438,2025,LAC
2025_11_LAC_JAX,LAC,-10.129190915329517,-15.022715326448465,0.38412465155124664,-24.767781590226733,2025,JAX
2025_11_NYJ_NE,NE,6.731583470193268,0.2034658683665289,0.11140503734350204,7.0464543759032985,2025,NYJ
2025_11_NYJ_NE,NYJ,-0.2034658683665289,-6.731583470193268,0.2704048752784729,-6.6646444632813235,2025,NE
2025_11_SEA_LA,LA,-6.900652204570583,1.141197593068032,0.6815168410539627,-5.077937770448588,2025,SEA
2025_11_SEA_LA,SEA,-1.141197593068032,6.900652204570583,-0.1222153902053833,5.637239221297167,2025,LA
2025_11_SF_ARI,ARI,6.955217594815274,-15.49681884519591,0.2608475387096405,-8.280753711670997,2025,SF
2025_11_SF_ARI,SF,15.49681884519591,-6.955217594815274,0.6928493566811085,9.234450607061746,2025,ARI
2025_11_TB_BUF,BUF,21.59055004241531,-9.888584859273942,0.17778518050909042,11.879750363650457,2025,TB
2025_11_TB_BUF,TB,9.888584859273942,-21.59055004241531,0.21829696744680405,-11.483668215694562,2025,BUF
2025_11_WAS_MIA,MIA,-1.7951889725640782,0.3457791220013793,-0.017301999032497406,-1.4667118495951963,2025,WAS
2025_11_WAS_MIA,WAS,-0.3457791220013793,1.7951889725640782,-0.13514521718025208,1.3142646333824468,2025,MIA
2025_12_ATL_NO,ATL,2.5746228564088507,15.924296188731617,-0.2502611503005028,18.248657894839965,2025,NO
2025_12_ATL_NO,NO,-15.924296188731617,-2.5746228564088507,0.4716809391975403,-18.027238105942928,2025,ATL
2025_12_BUF_HOU,BUF,-2.560192773607856,0.7740571148376656,-0.13707122206687927,-1.9232068808370695,2025,HOU
2025_12_BUF_HOU,HOU,-0.7740571148376656,2.560192773607856,0.2780001014471054,2.0641357602172956,2025,BUF
2025_12_CAR_SF,CAR,-9.667812703690636,-4.24121128591708,0.3916534334421158,-13.5173705561656,2025,SF
2025_12_CAR_SF,SF,4.24121128591708,9.667812703690636,-0.4983268938958645,13.410697095711852,2025,CAR
2025_12_CLE_LV,CLE,-7.112833195193166,14.971683615798721,0.5291220098733902,8.387972430478946,2025,LV
2025_12_CLE_LV,LV,-14.971683615798721,7.112833195193166,0.058216873556375504,-7.80063354704918,2025,CLE
2025_12_IND_KC,IND,-2.5799532705287813,-4.763117040538755,0.42890821397304535,-6.914162097094491,2025,KC
2025_12_IND_KC,KC,4.763117040538755,2.5799532705287813,-0.084030881524086,7.25903942954345,2025,IND
2025_12_JAX_ARI,ARI,-5.772589110255902,-3.8364812777379034,-0.1560789793729782,-9.765149367366783,2025,JAX
2025_12_JAX_ARI,JAX,3.8364812777379034,5.772589110255902,0.13120138458907604,9.740271772582881,2025,ARI
2025_12_MIN_GB,GB,-0.7761005455992711,8.948615708400986,0.5423747450113297,8.714889907813046,2025,MIN
2025_12_MIN_GB,MIN,-8.948615708400986,0.7761005455992711,0.2159986048936844,-7.9565165579080315,2025,GB
2025_12_NE_CIN,CIN,-0.8583972140454861,-5.1858914915196985,-0.32208648324012756,-6.366375188805312,2025,NE
2025_12_NE_CIN,NE,5.1858914915196985,0.8583972140454861,-0.27245985716581345,5.771828848399371,2025,CIN
2025_12_NYG_DET,DET,11.246539047090629,-9.399677136804105,0.2029535174369812,2.0498154277235052,2025,NYG
2025_12_NYG_DET,NYG,9.399677136804105,-11.246539047090629,-0.5394647251814604,-2.3863266354679844,2025,DET
2025_12_NYJ_BAL,BAL,4.039411754460513,8.306286585935839,0.12675220891833305,12.472450549314685,2025,NYJ
2025_12_NYJ_BAL,NYJ,-8.306286585935839,-4.039411754460513,0.04021499305963516,-12.305483347336716,2025,BAL
2025_12_PHI_DAL,DAL,1.434054484934693,-1.3773279608451074,0.21801809966564178,0.27474462375522735,2025,PHI
2025_12_PHI_DAL,PHI,1.3773279608451074,-1.434054484934693,-0.33452273113653064,-0.3912492552261162,2025,DAL
2025_12_PIT_CHI,CHI,11.123775009380811,-3.570251101960152,-0.1137436032295227,7.439780304191136,2025,PIT
2025_12_PIT_CHI,PIT,3.570251101960152,-11.123775009380811,-0.17098116874694824,-7.724505076167607,2025,CHI
2025_12_SEA_TEN,SEA,11.574950082540846,-3.589364226597597,0.20571263134479523,8.191298487288044,2025,TEN
2025_12_SEA_TEN,TEN,3.589364226597597,-11.574950082540846,0.2200152575969696,-7.7655705983462795,2025,SEA
2025_12_TB_LA,LA,10.48540791678328,9.512718450538696,0.0351744219660759,20.033300789288052,2025,TB
2025_12_TB_LA,TB,-9.512718450538696,-10.48540791678328,0.4117087125778198,-19.586417654744157,2025,LA
2025_13_ARI_TB,ARI,1.6430753431030116,-0.7256118251267158,-0.2410685122013092,0.6763950057749866,2025,TB
2025_13_ARI_TB,TB,0.7256118251267158,-1.6430753431030116,0.10548791289329529,-0.8119756050830005,2025,ARI
2025_13_ATL_NYJ,ATL,3.4150580800212547,0.6820185180846174,0.11632168292999268,4.213398281035865,2025,NYJ
2025_13_ATL_NYJ,NYJ,-0.6820185180846174,-3.4150580800212547,0.8324116542935371,-3.2646649438123347,2025,ATL
2025_13_BUF_PIT,BUF,6.252884603981404,8.833518249542433,-0.12042489647865295,14.965977957045183,2025,PIT
2025_13_BUF_PIT,PIT,-8.833518249542433,-6.252884603981404,-0.4552735611796379,-15.541676414703474,2025,BUF
2025_13_CHI_PHI,CHI,3.0074706667449744,2.074305471411444,-0.10623089224100113,4.975545245915417,2025,PHI
2025_13_CHI_PHI,PHI,-2.074305471411444,-3.0074706667449744,0.11469766497612,-4.967078473180298,2025,CHI
2025_13_CIN_BAL,BAL,-3.588939918998742,-3.255970608560707,-0.2869836762547493,-7.131894203814198,2025,CIN
2025_13_CIN_BAL,CIN,3.255970608560707,3.588939918998742,0.2249053567647934,7.0698158843242425,2025,BAL
2025_13_DEN_WAS,DEN,10.834879083550689,-8.135724826976732,-0.29873453080654144,2.4004197257674154,2025,WAS
2025_13_DEN_WAS,WAS,8.135724826976732,-10.834879083550689,0.19300642609596252,-2.5061478304779943,2025,DEN
2025_13_GB_DET,DET,8.454484514989053,-16.320742153816582,0.2474530041217804,-7.618804634705748,2025,GB
2025_13_GB_DET,GB,16.320742153816582,-8.454484514989053,-0.20360113494098186,7.662656503886547,2025,DET
2025_13_HOU_IND,HOU,3.933779636973104,0.32063211197153296,-0.269066758453846,3.985344990490791,2025,IND
2025_13_HOU_IND,IND,-0.32063211197153296,-3.933779636973104,0.205311119556427,-4.04910062938821,2025,HOU
2025_13_JAX_TEN,JAX,6.009378255113535,13.813692042634552,-0.380752831697464,19.44231746605062,2025,TEN
2025_13_JAX_TEN,TEN,-13.813692042634552,-6.009378255113535,0.9524198621511459,-18.87065043559694,2025,JAX
2025_13_KC_DAL,DAL,16.082106172685073,-9.581381532238128,-0.4325544685125351,6.06817017193441,2025,KC
2025_13_KC_DAL,KC,9.581381532238128,-16.082106172685073,0.2449745535850525,-6.255750086861893,2025,DAL
2025_13_LA_CAR,CAR,10.911909880469413,-12.027309534795327,-0.2551567405462265,-1.3705563948721409,2025,LA
2025_13_LA_CAR,LA,12.027309534795327,-10.911909880469413,0.2510945051908493,1.3664941595167637,2025,CAR
2025_13_LV_LAC,LAC,10.550880758257582,1.4353899924264617,0.3220164179801941,12.308287168664238,2025,LV
2025_13_LV_LAC,LV,-1.4353899924264617,-10.550880758257582,0.07148663699626923,-11.914784113687775,2025,LAC
2025_13_MIN_SEA,MIN,-20.242158982975333,-1.3087972071571552,0.202732652425766,-21.348223537706723,2025,SEA
2025_13_MIN_SEA,SEA,1.3087972071571552,20.242158982975333,-0.347865454852581,21.203090735279908,2025,MIN
2025_13_NO_MIA,MIA,-4.383061575866888,4.336072520980495,0.1285620778799057,0.08157302299351255,2025,NO
2025_13_NO_MIA,NO,-4.336072520980495,4.383061575866888,0.36220210790634155,0.4091911627927347,2025,MIA
2025_13_NYG_NE,NE,7.386230803484775,0.14895277266107976,0.08110138773918152,7.616284963885036,2025,NYG
2025_13_NYG_NE,NYG,-0.14895277266107976,-7.386230803484775,0.232378289103508,-7.3028052870423465,2025,NE
2025_13_SF_CLE,CLE,-7.359600473221917,1.782471250308156,0.10554631054401398,-5.4715829123697475,2025,SF
2025_13_SF_CLE,SF,-1.782471250308156,7.359600473221917,0.8257532939314842,6.402882516845246,2025,CLE
2025_14_CHI_GB,CHI,2.4990394083211815,-13.630674718885516,0.1563449278473854,-10.975290382716949,2025,GB
2025_14_CHI_GB,GB,13.630674718885516,-2.4990394083211815,-0.017828747630119324,11.113806562934215,2025,CHI
2025_14_CIN_BUF,BUF,15.737913554816199,-17.363254764202033,-0.007920116186141968,-1.6332613255719757,2025,CIN
2025_14_CIN_BUF,CIN,17.363254764202033,-15.737913554816199,0.08371834456920624,1.70905955395504,2025,BUF
2025_14_DAL_DET,DAL,9.443795790001232,-18.91924775817581,0.22770389914512634,-9.247748069029452,2025,DET
2025_14_DAL_DET,DET,18.91924775817581,-9.443795790001232,0.4559180960059166,9.931370064180495,2025,DAL
2025_14_DEN_LV,DEN,6.452443709567277,-4.3382576211421995,-0.3959091529250145,1.7182769355000627,2025,LV
2025_14_DEN_LV,LV,4.3382576211421995,-6.452443709567277,-0.06903331726789474,-2.183219405692972,2025,DEN
2025_14_HOU_KC,HOU,-7.122549704220793,12.903336814966787,0.028272300958633423,5.809059411704627,2025,KC
2025_14_HOU_KC,KC,-12.903336814966787,7.122549704220793,0.1507965475320816,-5.629990563213912,2025,HOU
2025_14_IND_JAX,IND,2.0507594704959544,-6.392214590716824,0.20347294211387634,-4.137982178106993,2025,JAX
2025_14_IND_JAX,JAX,6.392214590716824,-2.0507594704959544,0.48256218433380127,4.824017304554671,2025,IND
2025_14_LA_ARI,ARI,2.0279169531858274,-21.34989741343717,-0.043673355132341385,-19.365653815383684,2025,LA
2025_14_LA_ARI,LA,21.34989741343717,-2.0279169531858274,0.3595782220363617,19.681558682287704,2025,ARI
2025_14_MIA_NYJ,MIA,10.596421190380502,14.394110731057976,-0.006889106705784798,24.983642814732693,2025,NYJ
2025_14_MIA_NYJ,NYJ,-14.394110731057976,-10.596421190380502,0.14557929150760174,-24.844952629930876,2025,MIA
2025_14_NO_TB,NO,0.9941324004980394,0.3103175669170477,0.4934244155883789,1.797874383003466,2025,TB
2025_14_NO_TB,TB,-0.3103175669170477,-0.9941324004980394,0.023996680974960327,-1.2804532864401268,2025,NO
2025_14_PHI_LAC,LAC,-4.905731829518681,5.1898574148853065,0.03516927361488342,0.3192948589815092,2025,PHI
2025_14_PHI_LAC,PHI,-5.1898574148853065,4.905731829518681,0.032074280083179474,-0.2520513052834463,2025,LAC
2025_14_PIT_BAL,BAL,6.955842634062145,-8.73701278680754,0.1693641096353531,-1.6118060431100423,2025,PIT
2025_14_PIT_BAL,PIT,8.73701278680754,-6.955842634062145,0.1200772300362587,1.901247382781654,2025,BAL
2025_14_SEA_ATL,ATL,-12.584220830173003,-12.497784169491648,0.499379500746727,-24.582625498917924,2025,SEA
2025_14_SEA_ATL,SEA,12.497784169491648,12.584220830173003,-0.46032242476940155,24.62168257489525,2025,ATL
2025_14_TEN_CLE,CLE,6.716197617484915,4.092666892289902,0.01837647147476673,10.827240981249584,2025,TEN
2025_14_TEN_CLE,TEN,-4.092666892289902,-6.716197617484915,0.8226516991853714,-9.986212810589446,2025,CLE
2025_14_WAS_MIN,MIN,15.865818366502486,8.61171696309561,-0.10190223157405853,24.37563309802404,2025,WAS
2025_14_WAS_MIN,WAS,-8.61171696309561,-15.865818366502486,-0.043784528970718384,-24.521319858568816,2025,MIN
2025_15_ARI_HOU,ARI,9.752951139052536,-14.063850643150207,0.11427854001522064,-4.1966209640824506,2025,HOU
2025_15_ARI_HOU,HOU,14.063850643150207,-9.752951139052536,0.5571222901344299,4.868021794232101,2025,ARI
2025_15_ATL_TB,ATL,12.8893333150131,-9.281212665348683,0.07215020060539246,3.6802708502698103,2025,TB
2025_15_ATL_TB,TB,9.281212665348683,-12.8893333150131,-0.17762085795402527,-3.785741507618443,2025,ATL
2025_15_BAL_CIN,BAL,4.633457805445324,13.47481976834549,-0.38596801459789276,17.722309559192922,2025,CIN
2025_15_BAL_CIN,CIN,-13.47481976834549,-4.633457805445324,-0.17861516773700714,-18.286892741527822,2025,BAL
2025_15_BUF_NE,BUF,14.189948597415531,-13.279364655425097,0.5153018981218338,1.4258858401122687,2025,NE
2025_15_BUF_NE,NE,13.279364655425097,-14.189948597415531,0.15480439364910126,-0.7557795483413337,2025,BUF
2025_15_CAR_NO,CAR,4.6088349338447605,-8.681438714305386,-0.26129503175616264,-4.3338988122167885,2025,NO
2025_15_CAR_NO,NO,8.681438714305386,-4.6088349338447605,-0.04177531413733959,4.030828466323286,2025,CAR
2025_15_CLE_CHI,CHI,3.618097411298409,13.08910401760545,0.24535194039344788,16.952553369297306,2025,CLE
2025_15_CLE_CHI,CLE,-13.08910401760545,-3.618097411298409,-0.18412526696920395,-16.89132669587306,2025,CHI
2025_15_DET_LA,DET,12.705731681355536,-21.66547367744694,0.37770166993141174,-8.582040326159992,2025,LA
2025_15_DET_LA,LA,21.66547367744694,-12.705731681355536,-0.0729227289557457,8.886819267135659,2025,DET
2025_15_GB_DEN,DEN,16.38247643327153,-5.3263571115814266,-0.10705068707466125,10.949068634615443,2025,GB
2025_15_GB_DEN,GB,5.3263571115814266,-16.38247643327153,0.08113676309585571,-10.974982558594249,2025,DEN
2025_15_IND_SEA,IND,-2.6233166313491676,-3.454545186239481,0.10988606698811054,-5.967975750600538,2025,SEA
2025_15_IND_SEA,SEA,3.454545186239481,2.6233166313491676,-0.4459829404950142,5.6318788770936346,2025,IND
2025_15_LAC_KC,KC,-5.49278575019831,-1.4995093677107452,0.21929749101400375,-6.772997626895052,2025,LAC
2025_15_LAC_KC,LAC,1.4995093677107452,5.49278575019831,-0.28331758081912994,6.708977537089925,2025,KC
2025_15_LV_PHI,LV,-11.3407284985373,-17.71037022753542,-0.004083111882209778,-29.055181837954933,2025,PHI
2025_15_LV_PHI,PHI,17.71037022753542,11.3407284985373,-0.23785405233502388,28.8132446737377,2025,LV
2025_15_MIA_PIT,MIA,2.3367688455972644,-12.349337540997636,-0.02258891984820366,-10.035157615248576,2025,PIT
2025_15_MIA_PIT,PIT,12.349337540997636,-2.3367688455972644,-0.12111721932888031,9.891451476071492,2025,MIA
2025_15_MIN_DAL,DAL,6.2365309460887985,-15.567171506290816,0.1507287323474884,-9.179911827854529,2025,MIN
2025_15_MIN_DAL,MIN,15.567171506290816,-6.2365309460887985,0.21146312355995178,9.542103683761969,2025,DAL
2025_15_NYJ_JAX,JAX,23.543294080936306,0.48425521436158236,0.20802666246891022,24.235575957766798,2025,NYJ
2025_15_NYJ_JAX,NYJ,-0.48425521436158236,-23.543294080936306,0.6866654362529516,-23.340883859044936,2025,JAX
2025_15_TEN_SF,SF,19.904473440869495,-9.537486601040541,0.33617162704467773,10.703158466873631,2025,TEN
2025_15_TEN_SF,TEN,9.537486601040541,-19.904473440869495,0.15884271264076233,-10.208144127188191,2025,SF
2025_15_WAS_NYG,NYG,0.7865597698707756,-2.049805349392729,0.3466634005308151,-0.9165821789911384,2025,WAS
2025_15_WAS_NYG,WAS,2.049805349392729,-0.7865597698707756,-0.3198920488357544,0.9433535306861991,2025,NYG
2025_16_ATL_ARI,ARI,1.3037219321470117,-10.919031032249576,0.05686628445982933,-9.558442815642735,2025,ATL
2025_16_ATL_ARI,ATL,10.919031032249576,-1.3037219321470117,0.30124424397945404,9.916553344082018,2025,ARI
2025_16_BUF_CLE,BUF,2.045432845613047,-2.660024362893861,0.24333615601062775,-0.3712553612701863,2025,CLE
2025_16_BUF_CLE,CLE,2.660024362893861,-2.045432845613047,-0.061998140066862106,0.552593377213952,2025,BUF
2025_16_CIN_MIA,CIN,21.652370926634386,-3.1640594509572555,0.04047512635588646,18.528786602033016,2025,MIA
2025_16_CIN_MIA,MIA,3.1640594509572555,-21.652370926634386,-0.06697875261306763,-18.555290228290197,2025,CIN
2025_16_GB_CHI,CHI,7.791093882584923,-1.8001937359924813,-0.07455427944660187,5.91634586714584,2025,GB
2025_16_GB_CHI,GB,1.8001937359924813,-7.791093882584923,-0.008053778670728207,-5.99895392526317,2025,CHI
2025_16_JAX_DEN,DEN,1.0503421002477422,-10.195512147111527,0.1155828982591629,-9.029587148604623,2025,JAX
2025_16_JAX_DEN,JAX,10.195512147111527,-1.0503421002477422,-0.0833522230386734,9.061817823825113,2025,DEN
2025_16_KC_TEN,KC,-9.694626993193207,-2.896138175397504,0.34684208035469055,-12.24392308823602,2025,TEN
2025_16_KC_TEN,TEN,2.896138175397504,9.694626993193207,0.3723652511835098,12.96313041977422,2025,KC
2025_16_LAC_DAL,DAL,4.5661393012069444,-18.804464157281686,-0.2560064420104027,-14.494331298085143,2025,LAC
2025_16_LAC_DAL,LAC,18.804464157281686,-4.5661393012069444,-0.03951038420200348,14.198814471872737,2025,DAL
2025_16_LA_SEA,LA,10.885818623946795,-3.8769640892452797,-0.23034841567277908,6.778506119028736,2025,SEA
2025_16_LA_SEA,SEA,3.8769640892452797,-10.885818623946795,0.3619098383933306,-6.646944696308185,2025,LA
2025_16_LV_HOU,HOU,-1.9237561418784237,-2.4685570876080956,-0.22711671888828278,-4.619429948374802,2025,LV
2025_16_LV_HOU,LV,2.4685570876080956,1.9237561418784237,0.0320974662899971,4.424410695776516,2025,HOU
2025_16_MIN_NYG,MIN,-0.9035507307301234,7.373428312589003,0.14346304535865784,6.6133406272175375,2025,NYG
2025_16_MIN_NYG,NYG,-7.373428312589003,0.9035507307301234,-0.032499946653842926,-6.5023775285127225,2025,MIN
2025_16_NE_BAL,BAL,6.182777497269766,-8.900721970551423,0.20041844248771667,-2.51752603079394,2025,NE
2025_16_NE_BAL,NE,8.900721970551423,-6.182777497269766,-0.3025340810418129,2.4154103922398438,2025,BAL
2025_16_NYJ_NO,NO,8.892264778587446,15.474903342749478,-0.21493779309093952,24.152230328245984,2025,NYJ
2025_16_NYJ_NO,NYJ,-15.474903342749478,-8.892264778587446,0.4191255122423172,-23.948042609094607,2025,NO
2025_16_PHI_WAS,PHI,10.668646480550748,1.8455652487753778,0.037260785698890686,12.551472515025017,2025,WAS
2025_16_PHI_WAS,WAS,-1.8455652487753778,-10.668646480550748,0.4170040786266327,-12.097207650699493,2025,PHI
2025_16_PIT_DET,DET,8.222609148542613,-8.667391320357343,-0.10822856426239014,-0.5530107360771197,2025,PIT
2025_16_PIT_DET,PIT,8.667391320357343,-8.222609148542613,0.04395495355129242,0.488737125366022,2025,DET
2025_16_SF_IND,IND,12.198580790865218,-21.345582570536468,0.15231528878211975,-8.99468649088913,2025,SF
2025_16_SF_IND,SF,21.345582570536468,-12.198580790865218,0.23264377191662788,9.379645551587878,2025,IND
2025_16_TB_CAR,CAR,7.721666101589131,-6.4411276072292765,0.28640496730804443,1.5669434616678988,2025,TB
2025_16_TB_CAR,TB,6.4411276072292765,-7.721666101589131,-0.15988409519195557,-1.44042258955181,2025,CAR
2025_17_ARI_CIN,ARI,0.4080866479189744,-23.823941546088665,0.20223119109869003,-23.213623707071,2025,CIN
2025_17_ARI_CIN,CIN,23.823941546088665,-0.4080866479189744,-0.08694671094417572,23.328908187225515,2025,ARI
2025_17_BAL_GB,BAL,22.716271292680997,-11.341895019521818,0.10801614820957184,11.48239242136875,2025,GB
2025_17_BAL_GB,GB,11.341895019521818,-22.716271292680997,0.040703579783439636,-11.333672693375739,2025,BAL
2025_17_CHI_SF,CHI,15.790944308540261,-24.38923193171811,0.13342945277690887,-8.464858170400941,2025,SF
2025_17_CHI_SF,SF,24.38923193171811,-15.790944308540261,-0.019327212125062943,8.578960411052787,2025,CHI
2025_17_DAL_WAS,DAL,14.228313579300846,-8.486314883876187,-0.04160021245479584,5.700398482969863,2025,WAS
2025_17_DAL_WAS,WAS,8.486314883876187,-14.228313579300846,0.017585622146725655,-5.724413073277933,2025,DAL
2025_17_DEN_KC,DEN,8.096826242689993,3.0036490371905544,0.025239288806915283,11.125714568687462,2025,KC
2025_17_DEN_KC,KC,-3.0036490371905544,-8.096826242689993,0.12501161731779575,-10.97546366256275,2025,DEN
2025_17_DET_MIN,DET,-11.376162977097025,4.199737233011753,-0.021102174185216427,-7.197527918270488,2025,MIN
2025_17_DET_MIN,MIN,-4.199737233011753,11.376162977097025,-0.13826270401477814,7.0381630400704935,2025,DET
2025_17_HOU_LAC,HOU,-1.766060462161215,5.789756241424861,-0.0384142491966486,3.985281530066997,2025,LAC
2025_17_HOU_LAC,LAC,-5.789756241424861,1.766060462161215,0.2728355973958969,-3.7508601818677487,2025,HOU
2025_17_JAX_IND,IND,-0.1985946993207796,-3.2556315862929326,-0.23963405936956406,-3.693860344983276,2025,JAX
2025_17_JAX_IND,JAX,3.2556315862929326,0.1985946993207796,0.08390052616596222,3.5381268117796743,2025,IND
2025_17_LA_ATL,ATL,3.0158586958571982,-1.6400809830888758,-0.3507245108485222,1.0250532019198002,2025,LA
2025_17_LA_ATL,LA,1.6400809830888758,-3.0158586958571982,-0.14481370151042938,-1.5205914142787518,2025,ATL
2025_17_NE_NYJ,NE,26.77321557417397,-0.24739774680189597,-0.3934135288000107,26.132404298572066,2025,NYJ
2025_17_NE_NYJ,NYJ,0.24739774680189597,-26.77321557417397,-0.18844019807875156,-26.714258025450828,2025,NE
2025_17_NO_TEN,NO,10.689488285547183,-1.6837459029211534,-0.11925341188907623,8.886488970736954,2025,TEN
2025_17_NO_TEN,TEN,1.6837459029211534,-10.689488285547183,0.3314549922943115,-8.674287390331719,2025,NO
2025_17_NYG_LV,LV,-4.846239378185707,-13.389094748238726,0.4010915011167526,-17.83424262530768,2025,NYG
2025_17_NYG_LV,NYG,13.389094748238726,4.846239378185707,0.002708256244659424,18.238042382669093,2025,LV
2025_17_PHI_BUF,BUF,-3.0327132111253556,4.460107545099477,0.2167101949453354,1.6441045289194571,2025,PHI
2025_17_PHI_BUF,PHI,-4.460107545099477,3.0327132111253556,-0.20814260840415955,-1.6355369423782813,2025,BUF
2025_17_PIT_CLE,CLE,-4.925816083197683,13.726493732119213,-0.056584060192108154,8.744093588729422,2025,PIT
2025_17_PIT_CLE,PIT,-13.726493732119213,4.925816083197683,0.177097886800766,-8.623579762120764,2025,CLE
2025_17_SEA_CAR,CAR,-9.958863558223161,-1.0160150892832212,-0.10129836201667786,-11.076177009523061,2025,SEA
2025_17_SEA_CAR,SEA,1.0160150892832212,9.958863558223161,0.6961517035961151,11.671030351102498,2025,CAR
2025_17_TB_MIA,MIA,2.3355375616042715,0.5587043954579842,-0.4758866988122463,2.4183552582500094,2025,TB
2025_17_TB_MIA,TB,-0.5587043954579842,-2.3355375616042715,0.035117991268634796,-2.859123965793621,2025,MIA
2025_18_ARI_LA,ARI,6.538387335353081,-17.276761982342695,-0.15351368486881256,-10.891888331858427,2025,LA
2025_18_ARI_LA,LA,17.276761982342695,-6.538387335353081,0.15016809105873108,10.888542738048345,2025,ARI
2025_18_BAL_PIT,BAL,5.549788414162265,-7.619362740933023,-0.03129202127456665,-2.100866348045325,2025,PIT
2025_18_BAL_PIT,PIT,7.619362740933023,-5.549788414162265,0.3952925056219101,2.4648668323926683,2025,BAL
2025_18_CAR_TB,CAR,-3.3065522900508912,-0.623727706582853,0.26129361242055893,-3.668986384213185,2025,TB
2025_18_CAR_TB,TB,0.623727706582853,3.3065522900508912,-0.37396982312202454,3.5563101735117195,2025,CAR
2025_18_CLE_CIN,CIN,2.2159101827612275,6.069970666835879,0.250103697180748,8.535984546777854,2025,CLE
2025_18_CLE_CIN,CLE,-6.069970666835879,-2.2159101827612275,-0.6233605518937111,-8.909241401490817,2025,CIN
2025_18_DAL_NYG,DAL,-0.32395429877624693,-7.924764671020176,-0.006780058145523071,-8.255499027941946,2025,NYG
2025_18_DAL_NYG,NYG,7.924764671020176,0.32395429877624693,0.6020811647176743,8.850800134514097,2025,DAL
2025_18_DET_CHI,CHI,0.12221989759714624,-4.482009191652338,0.06184107065200806,-4.297948223403184,2025,DET
2025_18_DET_CHI,DET,4.482009191652338,-0.12221989759714624,-0.4440155625343323,3.9157737315208596,2025,CHI
2025_18_GB_MIN,GB,-11.147688618740656,-2.327717013737209,-0.05802933871746063,-13.533434971195325,2025,MIN
2025_18_GB_MIN,MIN,2.327717013737209,11.147688618740656,-0.307322695851326,13.168082936626538,2025,GB
2025_18_IND_HOU,HOU,6.045609187779917,-11.27070044953467,0.5643973052501678,-4.660693956504586,2025,IND
2025_18_IND_HOU,IND,11.27070044953467,-6.045609187779917,-0.025417087599635124,5.199674174155119,2025,HOU
2025_18_KC_LV,KC,-14.411470906584738,13.239200773537151,-0.05524715408682823,-1.2275172871344147,2025,LV
2025_18_KC_LV,LV,-13.239200773537151,14.411470906584738,-0.1166342943906784,1.055635838656908,2025,KC
2025_18_LAC_DEN,DEN,-9.974061648946996,17.949322891577275,0.3514936715364456,8.326754914166724,2025,LAC
2025_18_LAC_DEN,LAC,-17.949322891577275,9.974061648946996,0.3214293420314789,-7.653831900598799,2025,DEN
2025_18_MIA_NE,MIA,-8.948016200523739,-14.994080056641033,0.49714261293411255,-23.444953644230658,2025,NE
2025_18_MIA_NE,NE,14.994080056641033,8.948016200523739,-0.12538719549775124,23.81670906166702,2025,MIA
2025_18_NO_ATL,ATL,-6.1957361976708425,1.6331134507241183,0.26378919929265976,-4.2988335476540644,2025,NO
2025_18_NO_ATL,NO,-1.6331134507241183,6.1957361976708425,0.040166229009628296,4.6027889759563525,2025,ATL
2025_18_NYJ_BUF,BUF,15.813911271124212,6.3339851700278915,0.38867345452308655,22.53656989567519,2025,NYJ
2025_18_NYJ_BUF,NYJ,-6.3339851700278915,-15.813911271124212,0.35291339457035065,-21.794983046581752,2025,BUF
2025_18_SEA_SF,SEA,-3.48617789377206,10.145275447898195,0.11808769404888153,6.777185248175016,2025,SF
2025_18_SEA_SF,SF,-10.145275447898195,3.48617789377206,-0.06701798737049103,-6.726115541496625,2025,SEA
2025_18_TEN_JAX,JAX,16.120761719922474,10.743535239111594,0.0455193966627121,26.90981635569678,2025,TEN
2025_18_TEN_JAX,TEN,-10.743535239111594,-16.120761719922474,0.5818852037191391,-26.28241175531493,2025,JAX
2025_18_WAS_PHI,PHI,-4.137450398284048,-6.20626658649595,0.0925559252500534,-10.251161059529945,2025,WAS
2025_18_WAS_PHI,WAS,6.20626658649595,4.137450398284048,-0.20657454431056976,10.137142440469429,2025,PHI
